timestamp,x,y,z
1759160971514,0.0000,0.0000,9.8000
1759160971554,0.0000,0.0000,9.8000
1759160971594,0.0000,0.0000,9.8000
1759160971634,0.0000,0.0000,9.8000
1759160971674,0.0000,0.0000,9.8000
1759160971714,0.0000,0.0000,9.8000
1759160971754,0.0000,0.0000,9.8000
1759160971794,0.0000,0.0000,9.8000
1759160971834,0.0000,0.0000,9.8000
1759160971874,0.0000,0.0000,9.8000
1759160971914,0.0000,0.0000,9.8000
1759160971954,0.0000,0.0000,9.8000
1759160971994,0.0000,0.0000,9.8000
1759160972034,0.0000,0.0000,9.8000
1759160972074,0.0000,0.0000,9.8000
1759160972114,0.0000,0.0000,9.8000
1759160972154,0.0000,0.0000,9.8000
1759160972194,0.0000,0.0000,9.8000
1759160972234,0.0000,0.0000,9.8000
1759160972274,0.0000,0.0000,9.8000
1759160972314,0.0000,0.0000,9.8000
1759160972354,0.0000,0.0000,9.8000
1759160972394,0.0000,0.0000,9.8000
1759160972434,0.0000,0.0000,9.8000
1759160972474,0.0000,0.0000,9.8000
1759160972514,0.0000,0.0000,9.8000
1759160972554,0.0000,0.0000,9.8000
1759160972594,0.0000,0.0000,9.8000
1759160972634,0.0000,0.0000,9.8000
1759160972674,0.0000,0.0000,9.8000
1759160972714,0.0000,0.0000,9.8000
1759160972754,0.0000,0.0000,9.8000
1759160972794,0.0000,0.0000,9.8000
1759160972834,0.0000,0.0000,9.8000
1759160972874,0.0000,0.0000,9.8000
1759160972914,0.0000,0.0000,9.8000
1759160972954,0.0000,0.0000,9.8000
1759160972994,0.0000,0.0000,9.8000
1759160973034,0.0000,0.0000,9.8000
1759160973074,0.0000,0.0000,9.8000
1759160973114,0.0000,0.0000,9.8000
1759160973154,0.0000,0.0000,9.8000
1759160973194,0.0000,0.0000,9.8000
1759160973234,0.0000,0.0000,9.8000
1759160973274,0.0000,0.0000,9.8000
1759160973314,0.0000,0.0000,9.8000
1759160973354,0.0000,0.0000,9.8000
1759160973394,0.0000,0.0000,9.8000
1759160973434,0.0000,0.0000,9.8000
1759160973474,0.0000,0.0000,9.8000
1759160973514,0.0000,0.0000,9.8000
1759160973554,0.0000,0.0000,9.8000
1759160973594,0.0000,0.0000,9.8000
1759160973634,0.0000,0.0000,9.8000
1759160973674,0.0000,0.0000,9.8000
1759160973714,0.0000,0.0000,9.8000
1759160973754,0.0000,0.0000,9.8000
1759160973794,0.0000,0.0000,9.8000
1759160973834,0.0000,0.0000,9.8000
1759160973874,0.0000,0.0000,9.8000
1759160973914,0.0000,0.0000,9.8000
1759160973954,0.0000,0.0000,9.8000
1759160973994,0.0000,0.0000,9.8000
1759160974034,0.0000,0.0000,9.8000
1759160974074,0.0000,0.0000,9.8000
1759160974114,0.0000,0.0000,9.8000
1759160974154,0.0000,0.0000,9.8000
1759160974194,0.0000,0.0000,9.8000
1759160974234,0.0000,0.0000,9.8000
1759160974274,0.0000,0.0000,9.8000
1759160974314,0.0000,0.0000,9.8000
1759160974354,0.0000,0.0000,9.8000
1759160974394,0.0000,0.0000,9.8000
1759160974434,0.0000,0.0000,9.8000
1759160974474,0.0000,0.0000,9.8000
1759160974514,0.0000,0.0000,9.8000
1759160974554,0.0000,0.0000,9.8000
1759160974594,0.0000,0.0000,9.8000
1759160974634,0.0000,0.0000,9.8000
1759160974674,0.0000,0.0000,9.8000
1759160974714,0.0000,0.0000,9.8000
1759160974754,0.0000,0.0000,9.8000
1759160974794,0.0000,0.0000,9.8000
1759160974834,0.0000,0.0000,9.8000
1759160974874,0.0000,0.0000,9.8000
1759160974914,0.0000,0.0000,9.8000
1759160974954,0.0000,0.0000,9.8000
1759160974994,0.0000,0.0000,9.8000
1759160975034,0.0000,0.0000,9.8000
1759160975074,0.0000,0.0000,9.8000
1759160975114,0.0000,0.0000,9.8000
1759160975154,0.0000,0.0000,9.8000
1759160975194,0.0000,0.0000,9.8000
1759160975234,0.0000,0.0000,9.8000
1759160975274,0.0000,0.0000,9.8000
1759160975314,0.0000,0.0000,9.8000
1759160975354,0.0000,0.0000,9.8000
1759160975394,0.0000,0.0000,9.8000
1759160975434,0.0000,0.0000,9.8000
1759160975474,0.0000,0.0000,9.8000
1759160975514,0.0000,0.0000,9.8000
1759160975554,0.0000,0.0000,9.8000
1759160975594,0.0000,0.0000,9.8000
1759160975634,0.0000,0.0000,9.8000
1759160975674,0.0000,0.0000,9.8000
1759160975714,0.0000,0.0000,9.8000
1759160975754,0.0000,0.0000,9.8000
1759160975794,0.0000,0.0000,9.8000
1759160975834,0.0000,0.0000,9.8000
1759160975874,0.0000,0.0000,9.8000
1759160975914,0.0000,0.0000,9.8000
1759160975954,0.0000,0.0000,9.8000
1759160975994,0.0000,0.0000,9.8000
1759160976034,0.0000,0.0000,9.8000
1759160976074,0.0000,0.0000,9.8000
1759160976114,0.0000,0.0000,9.8000
1759160976154,0.0000,0.0000,9.8000
1759160976194,0.0000,0.0000,9.8000
1759160976234,0.0000,0.0000,9.8000
1759160976274,0.0000,0.0000,9.8000
1759160976314,0.0000,0.0000,9.8000
1759160976354,0.0000,0.0000,9.8000
1759160976394,0.0000,0.0000,9.8000
1759160976434,0.0000,0.0000,9.8000
1759160976474,0.0000,0.0000,9.8000
1759160976514,0.0000,0.0000,9.8000
1759160976554,14.2658,10.2682,24.0658
1759160976594,8.8168,14.9704,18.6168
1759160976634,-8.8168,11.5577,0.9832
1759160976674,-14.2658,1.8800,-4.4658
1759160976714,-0.0000,-8.8168,9.8000
1759160976754,14.2658,-14.7343,24.0658
1759160976794,8.8168,-12.6649,18.6168
1759160976834,-8.8168,-3.7303,0.9832
1759160976874,-14.2658,7.2263,-4.4658
1759160976914,-0.0000,14.2658,9.8000
1759160976954,14.2658,13.5724,24.0658
1759160976994,8.8168,5.5219,18.6168
1759160977034,-8.8168,-5.5219,0.9832
1759160977074,-14.2658,-13.5724,-4.4658
1759160977114,-0.0000,-14.2658,9.8000
1759160977154,14.2658,-7.2263,24.0658
1759160977194,8.8168,3.7303,18.6168
1759160977234,-8.8168,12.6649,0.9832
1759160977274,-14.2658,14.7343,-4.4658
1759160977314,-0.0000,8.8168,9.8000
1759160977354,14.2658,-1.8800,24.0658
1759160977394,8.8168,-11.5577,18.6168
1759160977434,-8.8168,-14.9704,0.9832
1759160977474,-14.2658,-10.2682,-4.4658
1759160977514,-0.0000,-0.0000,9.8000
1759160977554,14.2658,10.2682,24.0658
1759160977594,8.8168,14.9704,18.6168
1759160977634,-8.8168,11.5577,0.9832
1759160977674,-14.2658,1.8800,-4.4658
1759160977714,-0.0000,-8.8168,9.8000
1759160977754,14.2658,-14.7343,24.0658
1759160977794,8.8168,-12.6649,18.6168
1759160977834,-8.8168,-3.7303,0.9832
1759160977874,-14.2658,7.2263,-4.4658
1759160977914,-0.0000,14.2658,9.8000
1759160977954,14.2658,13.5724,24.0658
1759160977994,8.8168,5.5219,18.6168
1759160978034,-8.8168,-5.5219,0.9832
1759160978074,-14.2658,-13.5724,-4.4658
1759160978114,-0.0000,-14.2658,9.8000
1759160978154,14.2658,-7.2263,24.0658
1759160978194,8.8168,3.7303,18.6168
1759160978234,-8.8168,12.6649,0.9832
1759160978274,-14.2658,14.7343,-4.4658
1759160978314,-0.0000,8.8168,9.8000
1759160978354,14.2658,-1.8800,24.0658
1759160978394,8.8168,-11.5577,18.6168
1759160978434,-8.8168,-14.9704,0.9832
1759160978474,-14.2658,-10.2682,-4.4658
1759160978514,-0.0000,-0.0000,9.8000
1759160978554,14.2658,10.2682,24.0658
1759160978594,8.8168,14.9704,18.6168
1759160978634,-8.8168,11.5577,0.9832
1759160978674,-14.2658,1.8800,-4.4658
1759160978714,0.0000,-8.8168,9.8000
1759160978754,14.2658,-14.7343,24.0658
1759160978794,8.8168,-12.6649,18.6168
1759160978834,-8.8168,-3.7303,0.9832
1759160978874,-14.2658,7.2263,-4.4658
1759160978914,-0.0000,14.2658,9.8000
1759160978954,14.2658,13.5724,24.0658
1759160978994,8.8168,5.5219,18.6168
1759160979034,-8.8168,-5.5219,0.9832
1759160979074,-14.2658,-13.5724,-4.4658
1759160979114,0.0000,-14.2658,9.8000
1759160979154,14.2658,-7.2263,24.0658
1759160979194,8.8168,3.7303,18.6168
1759160979234,-8.8168,12.6649,0.9832
1759160979274,-14.2658,14.7343,-4.4658
1759160979314,-0.0000,8.8168,9.8000
1759160979354,14.2658,-1.8800,24.0658
1759160979394,8.8168,-11.5577,18.6168
1759160979434,-8.8168,-14.9704,0.9832
1759160979474,-14.2658,-10.2682,-4.4658
1759160979514,-0.0000,-0.0000,9.8000
1759160979554,14.2658,10.2682,24.0658
1759160979594,8.8168,14.9704,18.6168
1759160979634,-8.8168,11.5577,0.9832
1759160979674,-14.2658,1.8800,-4.4658
1759160979714,-0.0000,-8.8168,9.8000
1759160979754,14.2658,-14.7343,24.0658
1759160979794,8.8168,-12.6649,18.6168
1759160979834,-8.8168,-3.7303,0.9832
1759160979874,-14.2658,7.2263,-4.4658
1759160979914,-0.0000,14.2658,9.8000
1759160979954,14.2658,13.5724,24.0658
1759160979994,8.8168,5.5219,18.6168
1759160980034,-8.8168,-5.5219,0.9832
1759160980074,-14.2658,-13.5724,-4.4658
1759160980114,-0.0000,-14.2658,9.8000
1759160980154,14.2658,-7.2263,24.0658
1759160980194,8.8168,3.7303,18.6168
1759160980234,-8.8168,12.6649,0.9832
1759160980274,-14.2658,14.7343,-4.4658
1759160980314,-0.0000,8.8168,9.8000
1759160980354,14.2658,-1.8800,24.0658
1759160980394,8.8168,-11.5577,18.6168
1759160980434,-8.8168,-14.9704,0.9832
1759160980474,-14.2658,-10.2682,-4.4658
1759160980514,-0.0000,-0.0000,9.8000
1759160980554,14.2658,10.2682,24.0658
1759160980594,8.8168,14.9704,18.6168
1759160980634,-8.8168,11.5577,0.9832
1759160980674,-14.2658,1.8800,-4.4658
1759160980714,0.0000,-8.8168,9.8000
1759160980754,14.2658,-14.7343,24.0658
1759160980794,8.8168,-12.6649,18.6168
1759160980834,-8.8168,-3.7303,0.9832
1759160980874,-14.2658,7.2263,-4.4658
1759160980914,0.0000,14.2658,9.8000
1759160980954,14.2658,13.5724,24.0658
1759160980994,8.8168,5.5219,18.6168
1759160981034,-8.8168,-5.5219,0.9832
1759160981074,-14.2658,-13.5724,-4.4658
1759160981114,-0.0000,-14.2658,9.8000
1759160981154,14.2658,-7.2263,24.0658
1759160981194,8.8168,3.7303,18.6168
1759160981234,-8.8168,12.6649,0.9832
1759160981274,-14.2658,14.7343,-4.4658
1759160981314,-0.0000,8.8168,9.8000
1759160981354,14.2658,-1.8800,24.0658
1759160981394,8.8168,-11.5577,18.6168
1759160981434,-8.8168,-14.9704,0.9832
1759160981474,-14.2658,-10.2682,-4.4658
1759160981514,0.0000,-0.0000,9.8000
1759160981554,14.2658,10.2682,24.0658
1759160981594,8.8168,14.9704,18.6168
1759160981634,-8.8168,11.5577,0.9832
1759160981674,-14.2658,1.8800,-4.4658
1759160981714,0.0000,-8.8168,9.8000
1759160981754,14.2658,-14.7343,24.0658
1759160981794,8.8168,-12.6649,18.6168
1759160981834,-8.8168,-3.7303,0.9832
1759160981874,-14.2658,7.2263,-4.4658
1759160981914,0.0000,14.2658,9.8000
1759160981954,14.2658,13.5724,24.0658
1759160981994,8.8168,5.5219,18.6168
1759160982034,-8.8168,-5.5219,0.9832
1759160982074,-14.2658,-13.5724,-4.4658
1759160982114,-0.0000,-14.2658,9.8000
1759160982154,14.2658,-7.2263,24.0658
1759160982194,8.8168,3.7303,18.6168
1759160982234,-8.8168,12.6649,0.9832
1759160982274,-14.2658,14.7343,-4.4658
1759160982314,0.0000,8.8168,9.8000
1759160982354,14.2658,-1.8800,24.0658
1759160982394,8.8168,-11.5577,18.6168
1759160982434,-8.8168,-14.9704,0.9832
1759160982474,-14.2658,-10.2682,-4.4658
1759160982514,-0.0000,-0.0000,9.8000
1759160982554,14.2658,10.2682,24.0658
1759160982594,8.8168,14.9704,18.6168
1759160982634,-8.8168,11.5577,0.9832
1759160982674,-14.2658,1.8800,-4.4658
1759160982714,-0.0000,-8.8168,9.8000
1759160982754,14.2658,-14.7343,24.0658
1759160982794,8.8168,-12.6649,18.6168
1759160982834,-8.8168,-3.7303,0.9832
1759160982874,-14.2658,7.2263,-4.4658
1759160982914,-0.0000,14.2658,9.8000
1759160982954,14.2658,13.5724,24.0658
1759160982994,8.8168,5.5219,18.6168
1759160983034,-8.8168,-5.5219,0.9832
1759160983074,-14.2658,-13.5724,-4.4658
1759160983114,-0.0000,-14.2658,9.8000
1759160983154,14.2658,-7.2263,24.0658
1759160983194,8.8168,3.7303,18.6168
1759160983234,-8.8168,12.6649,0.9832
1759160983274,-14.2658,14.7343,-4.4658
1759160983314,-0.0000,8.8168,9.8000
1759160983354,14.2658,-1.8800,24.0658
1759160983394,8.8168,-11.5577,18.6168
1759160983434,-8.8168,-14.9704,0.9832
1759160983474,-14.2658,-10.2682,-4.4658
1759160983514,-0.0000,0.0000,9.8000
1759160983554,14.2658,10.2682,24.0658
1759160983594,8.8168,14.9704,18.6168
1759160983634,-8.8168,11.5577,0.9832
1759160983674,-14.2658,1.8800,-4.4658
1759160983714,-0.0000,-8.8168,9.8000
1759160983754,14.2658,-14.7343,24.0658
1759160983794,8.8168,-12.6649,18.6168
1759160983834,-8.8168,-3.7303,0.9832
1759160983874,-14.2658,7.2263,-4.4658
1759160983914,-0.0000,14.2658,9.8000
1759160983954,14.2658,13.5724,24.0658
1759160983994,8.8168,5.5219,18.6168
1759160984034,-8.8168,-5.5219,0.9832
1759160984074,-14.2658,-13.5724,-4.4658
1759160984114,-0.0000,-14.2658,9.8000
1759160984154,14.2658,-7.2263,24.0658
1759160984194,8.8168,3.7303,18.6168
1759160984234,-8.8168,12.6649,0.9832
1759160984274,-14.2658,14.7343,-4.4658
1759160984314,-0.0000,8.8168,9.8000
1759160984354,14.2658,-1.8800,24.0658
1759160984394,8.8168,-11.5577,18.6168
1759160984434,-8.8168,-14.9704,0.9832
1759160984474,-14.2658,-10.2682,-4.4658
1759160984514,-0.0000,-0.0000,9.8000
1759160984554,14.2658,10.2682,24.0658
1759160984594,8.8168,14.9704,18.6168
1759160984634,-8.8168,11.5577,0.9832
1759160984674,-14.2658,1.8800,-4.4658
1759160984714,-0.0000,-8.8168,9.8000
1759160984754,14.2658,-14.7343,24.0658
1759160984794,8.8168,-12.6649,18.6168
1759160984834,-8.8168,-3.7303,0.9832
1759160984874,-14.2658,7.2263,-4.4658
1759160984914,0.0000,14.2658,9.8000
1759160984954,14.2658,13.5724,24.0658
1759160984994,8.8168,5.5219,18.6168
1759160985034,-8.8168,-5.5219,0.9832
1759160985074,-14.2658,-13.5724,-4.4658
1759160985114,-0.0000,-14.2658,9.8000
1759160985154,14.2658,-7.2263,24.0658
1759160985194,8.8168,3.7303,18.6168
1759160985234,-8.8168,12.6649,0.9832
1759160985274,-14.2658,14.7343,-4.4658
1759160985314,0.0000,8.8168,9.8000
1759160985354,14.2658,-1.8800,24.0658
1759160985394,8.8168,-11.5577,18.6168
1759160985434,-8.8168,-14.9704,0.9832
1759160985474,-14.2658,-10.2682,-4.4658
1759160985514,-0.0000,-0.0000,9.8000
1759160985554,14.2658,10.2682,24.0658
1759160985594,8.8168,14.9704,18.6168
1759160985634,-8.8168,11.5577,0.9832
1759160985674,-14.2658,1.8800,-4.4658
1759160985714,-0.0000,-8.8168,9.8000
1759160985754,14.2658,-14.7343,24.0658
1759160985794,8.8168,-12.6649,18.6168
1759160985834,-8.8168,-3.7303,0.9832
1759160985874,-14.2658,7.2263,-4.4658
1759160985914,0.0000,14.2658,9.8000
1759160985954,14.2658,13.5724,24.0658
1759160985994,8.8168,5.5219,18.6168
1759160986034,-8.8168,-5.5219,0.9832
1759160986074,-14.2658,-13.5724,-4.4658
1759160986114,-0.0000,-14.2658,9.8000
1759160986154,14.2658,-7.2263,24.0658
1759160986194,8.8168,3.7303,18.6168
1759160986234,-8.8168,12.6649,0.9832
1759160986274,-14.2658,14.7343,-4.4658
1759160986314,0.0000,8.8168,9.8000
1759160986354,14.2658,-1.8800,24.0658
1759160986394,8.8168,-11.5577,18.6168
1759160986434,-8.8168,-14.9704,0.9832
1759160986474,-14.2658,-10.2682,-4.4658
1759160986514,0.0000,-0.0000,9.8000
1759160986554,14.2658,10.2682,24.0658
1759160986594,8.8168,14.9704,18.6168
1759160986634,-8.8168,11.5577,0.9832
1759160986674,-14.2658,1.8800,-4.4658
1759160986714,-0.0000,-8.8168,9.8000
1759160986754,14.2658,-14.7343,24.0658
1759160986794,8.8168,-12.6649,18.6168
1759160986834,-8.8168,-3.7303,0.9832
1759160986874,-14.2658,7.2263,-4.4658
1759160986914,0.0000,14.2658,9.8000
1759160986954,14.2658,13.5724,24.0658
1759160986994,8.8168,5.5219,18.6168
1759160987034,-8.8168,-5.5219,0.9832
1759160987074,-14.2658,-13.5724,-4.4658
1759160987114,-0.0000,-14.2658,9.8000
1759160987154,14.2658,-7.2263,24.0658
1759160987194,8.8168,3.7303,18.6168
1759160987234,-8.8168,12.6649,0.9832
1759160987274,-14.2658,14.7343,-4.4658
1759160987314,0.0000,8.8168,9.8000
1759160987354,14.2658,-1.8800,24.0658
1759160987394,8.8168,-11.5577,18.6168
1759160987434,-8.8168,-14.9704,0.9832
1759160987474,-14.2658,-10.2682,-4.4658
1759160987514,0.0000,-0.0000,9.8000
1759160987554,14.2658,10.2682,24.0658
1759160987594,8.8168,14.9704,18.6168
1759160987634,-8.8168,11.5577,0.9832
1759160987674,-14.2658,1.8800,-4.4658
1759160987714,-0.0000,-8.8168,9.8000
1759160987754,14.2658,-14.7343,24.0658
1759160987794,8.8168,-12.6649,18.6168
1759160987834,-8.8168,-3.7303,0.9832
1759160987874,-14.2658,7.2263,-4.4658
1759160987914,0.0000,14.2658,9.8000
1759160987954,14.2658,13.5724,24.0658
1759160987994,8.8168,5.5219,18.6168
1759160988034,-8.8168,-5.5219,0.9832
1759160988074,-14.2658,-13.5724,-4.4658
1759160988114,0.0000,-14.2658,9.8000
1759160988154,14.2658,-7.2263,24.0658
1759160988194,8.8168,3.7303,18.6168
1759160988234,-8.8168,12.6649,0.9832
1759160988274,-14.2658,14.7343,-4.4658
1759160988314,0.0000,8.8168,9.8000
1759160988354,14.2658,-1.8800,24.0658
1759160988394,8.8168,-11.5577,18.6168
1759160988434,-8.8168,-14.9704,0.9832
1759160988474,-14.2658,-10.2682,-4.4658
1759160988514,-0.0000,-0.0000,9.8000
1759160988554,14.2658,10.2682,24.0658
1759160988594,8.8168,14.9704,18.6168
1759160988634,-8.8168,11.5577,0.9832
1759160988674,-14.2658,1.8800,-4.4658
1759160988714,-0.0000,-8.8168,9.8000
1759160988754,14.2658,-14.7343,24.0658
1759160988794,8.8168,-12.6649,18.6168
1759160988834,-8.8168,-3.7303,0.9832
1759160988874,-14.2658,7.2263,-4.4658
1759160988914,-0.0000,14.2658,9.8000
1759160988954,14.2658,13.5724,24.0658
1759160988994,8.8168,5.5219,18.6168
1759160989034,-8.8168,-5.5219,0.9832
1759160989074,-14.2658,-13.5724,-4.4658
1759160989114,-0.0000,-14.2658,9.8000
1759160989154,14.2658,-7.2263,24.0658
1759160989194,8.8168,3.7303,18.6168
1759160989234,-8.8168,12.6649,0.9832
1759160989274,-14.2658,14.7343,-4.4658
1759160989314,-0.0000,8.8168,9.8000
1759160989354,14.2658,-1.8800,24.0658
1759160989394,8.8168,-11.5577,18.6168
1759160989434,-8.8168,-14.9704,0.9832
1759160989474,-14.2658,-10.2682,-4.4658
1759160989514,-0.0000,-0.0000,9.8000
1759160989554,14.2658,10.2682,24.0658
1759160989594,8.8168,14.9704,18.6168
1759160989634,-8.8168,11.5577,0.9832
1759160989674,-14.2658,1.8800,-4.4658
1759160989714,-0.0000,-8.8168,9.8000
1759160989754,14.2658,-14.7343,24.0658
1759160989794,8.8168,-12.6649,18.6168
1759160989834,-8.8168,-3.7303,0.9832
1759160989874,-14.2658,7.2263,-4.4658
1759160989914,-0.0000,14.2658,9.8000
1759160989954,14.2658,13.5724,24.0658
1759160989994,8.8168,5.5219,18.6168
1759160990034,-8.8168,-5.5219,0.9832
1759160990074,-14.2658,-13.5724,-4.4658
1759160990114,-0.0000,-14.2658,9.8000
1759160990154,14.2658,-7.2263,24.0658
1759160990194,8.8168,3.7303,18.6168
1759160990234,-8.8168,12.6649,0.9832
1759160990274,-14.2658,14.7343,-4.4658
1759160990314,-0.0000,8.8168,9.8000
1759160990354,14.2658,-1.8800,24.0658
1759160990394,8.8168,-11.5577,18.6168
1759160990434,-8.8168,-14.9704,0.9832
1759160990474,-14.2658,-10.2682,-4.4658
1759160990514,-0.0000,0.0000,9.8000
1759160990554,14.2658,10.2682,24.0658
1759160990594,8.8168,14.9704,18.6168
1759160990634,-8.8168,11.5577,0.9832
1759160990674,-14.2658,1.8800,-4.4658
1759160990714,-0.0000,-8.8168,9.8000
1759160990754,14.2658,-14.7343,24.0658
1759160990794,8.8168,-12.6649,18.6168
1759160990834,-8.8168,-3.7303,0.9832
1759160990874,-14.2658,7.2263,-4.4658
1759160990914,-0.0000,14.2658,9.8000
1759160990954,14.2658,13.5724,24.0658
1759160990994,8.8168,5.5219,18.6168
1759160991034,-8.8168,-5.5219,0.9832
1759160991074,-14.2658,-13.5724,-4.4658
1759160991114,-0.0000,-14.2658,9.8000
1759160991154,14.2658,-7.2263,24.0658
1759160991194,8.8168,3.7303,18.6168
1759160991234,-8.8168,12.6649,0.9832
1759160991274,-14.2658,14.7343,-4.4658
1759160991314,-0.0000,8.8168,9.8000
1759160991354,14.2658,-1.8800,24.0658
1759160991394,8.8168,-11.5577,18.6168
1759160991434,-8.8168,-14.9704,0.9832
1759160991474,-14.2658,-10.2682,-4.4658
1759160991514,-0.0000,-0.0000,9.8000
1759160991554,14.2658,10.2682,24.0658
1759160991594,8.8168,14.9704,18.6168
1759160991634,-8.8168,11.5577,0.9832
1759160991674,-14.2658,1.8800,-4.4658
1759160991714,-0.0000,-8.8168,9.8000
1759160991754,14.2658,-14.7343,24.0658
1759160991794,8.8168,-12.6649,18.6168
1759160991834,-8.8168,-3.7303,0.9832
1759160991874,-14.2658,7.2263,-4.4658
1759160991914,-0.0000,14.2658,9.8000
1759160991954,14.2658,13.5724,24.0658
1759160991994,8.8168,5.5219,18.6168
1759160992034,-8.8168,-5.5219,0.9832
1759160992074,-14.2658,-13.5724,-4.4658
1759160992114,-0.0000,-14.2658,9.8000
1759160992154,14.2658,-7.2263,24.0658
1759160992194,8.8168,3.7303,18.6168
1759160992234,-8.8168,12.6649,0.9832
1759160992274,-14.2658,14.7343,-4.4658
1759160992314,0.0000,8.8168,9.8000
1759160992354,14.2658,-1.8800,24.0658
1759160992394,8.8168,-11.5577,18.6168
1759160992434,-8.8168,-14.9704,0.9832
1759160992474,-14.2658,-10.2682,-4.4658
1759160992514,-0.0000,-0.0000,9.8000
1759160992554,14.2658,10.2682,24.0658
1759160992594,8.8168,14.9704,18.6168
1759160992634,-8.8168,11.5577,0.9832
1759160992674,-14.2658,1.8800,-4.4658
1759160992714,-0.0000,-8.8168,9.8000
1759160992754,14.2658,-14.7343,24.0658
1759160992794,8.8168,-12.6649,18.6168
1759160992834,-8.8168,-3.7303,0.9832
1759160992874,-14.2658,7.2263,-4.4658
1759160992914,-0.0000,14.2658,9.8000
1759160992954,14.2658,13.5724,24.0658
1759160992994,8.8168,5.5219,18.6168
1759160993034,-8.8168,-5.5219,0.9832
1759160993074,-14.2658,-13.5724,-4.4658
1759160993114,0.0000,-14.2658,9.8000
1759160993154,14.2658,-7.2263,24.0658
1759160993194,8.8168,3.7303,18.6168
1759160993234,-8.8168,12.6649,0.9832
1759160993274,-14.2658,14.7343,-4.4658
1759160993314,0.0000,8.8168,9.8000
1759160993354,14.2658,-1.8800,24.0658
1759160993394,8.8168,-11.5577,18.6168
1759160993434,-8.8168,-14.9704,0.9832
1759160993474,-14.2658,-10.2682,-4.4658
1759160993514,-0.0000,-0.0000,9.8000
1759160993554,14.2658,10.2682,24.0658
1759160993594,8.8168,14.9704,18.6168
1759160993634,-8.8168,11.5577,0.9832
1759160993674,-14.2658,1.8800,-4.4658
1759160993714,-0.0000,-8.8168,9.8000
1759160993754,14.2658,-14.7343,24.0658
1759160993794,8.8168,-12.6649,18.6168
1759160993834,-8.8168,-3.7303,0.9832
1759160993874,-14.2658,7.2263,-4.4658
1759160993914,-0.0000,14.2658,9.8000
1759160993954,14.2658,13.5724,24.0658
1759160993994,8.8168,5.5219,18.6168
1759160994034,-8.8168,-5.5219,0.9832
1759160994074,-14.2658,-13.5724,-4.4658
1759160994114,0.0000,-14.2658,9.8000
1759160994154,14.2658,-7.2263,24.0658
1759160994194,8.8168,3.7303,18.6168
1759160994234,-8.8168,12.6649,0.9832
1759160994274,-14.2658,14.7343,-4.4658
1759160994314,0.0000,8.8168,9.8000
1759160994354,14.2658,-1.8800,24.0658
1759160994394,8.8168,-11.5577,18.6168
1759160994434,-8.8168,-14.9704,0.9832
1759160994474,-14.2658,-10.2682,-4.4658
1759160994514,-0.0000,-0.0000,9.8000
1759160994554,14.2658,10.2682,24.0658
1759160994594,8.8168,14.9704,18.6168
1759160994634,-8.8168,11.5577,0.9832
1759160994674,-14.2658,1.8800,-4.4658
1759160994714,-0.0000,-8.8168,9.8000
1759160994754,14.2658,-14.7343,24.0658
1759160994794,8.8168,-12.6649,18.6168
1759160994834,-8.8168,-3.7303,0.9832
1759160994874,-14.2658,7.2263,-4.4658
1759160994914,-0.0000,14.2658,9.8000
1759160994954,14.2658,13.5724,24.0658
1759160994994,8.8168,5.5219,18.6168
1759160995034,-8.8168,-5.5219,0.9832
1759160995074,-14.2658,-13.5724,-4.4658
1759160995114,0.0000,-14.2658,9.8000
1759160995154,14.2658,-7.2263,24.0658
1759160995194,8.8168,3.7303,18.6168
1759160995234,-8.8168,12.6649,0.9832
1759160995274,-14.2658,14.7343,-4.4658
1759160995314,0.0000,8.8168,9.8000
1759160995354,14.2658,-1.8800,24.0658
1759160995394,8.8168,-11.5577,18.6168
1759160995434,-8.8168,-14.9704,0.9832
1759160995474,-14.2658,-10.2682,-4.4658
1759160995514,-0.0000,-0.0000,9.8000
1759160995554,14.2658,10.2682,24.0658
1759160995594,8.8168,14.9704,18.6168
1759160995634,-8.8168,11.5577,0.9832
1759160995674,-14.2658,1.8800,-4.4658
1759160995714,-0.0000,-8.8168,9.8000
1759160995754,14.2658,-14.7343,24.0658
1759160995794,8.8168,-12.6649,18.6168
1759160995834,-8.8168,-3.7303,0.9832
1759160995874,-14.2658,7.2263,-4.4658
1759160995914,-0.0000,14.2658,9.8000
1759160995954,14.2658,13.5724,24.0658
1759160995994,8.8168,5.5219,18.6168
1759160996034,-8.8168,-5.5219,0.9832
1759160996074,-14.2658,-13.5724,-4.4658
1759160996114,0.0000,-14.2658,9.8000
1759160996154,14.2658,-7.2263,24.0658
1759160996194,8.8168,3.7303,18.6168
1759160996234,-8.8168,12.6649,0.9832
1759160996274,-14.2658,14.7343,-4.4658
1759160996314,0.0000,8.8168,9.8000
1759160996354,14.2658,-1.8800,24.0658
1759160996394,8.8168,-11.5577,18.6168
1759160996434,-8.8168,-14.9704,0.9832
1759160996474,-14.2658,-10.2682,-4.4658
1759160996514,0.0000,-0.0000,9.8000
1759160996554,14.2658,10.2682,24.0658
1759160996594,8.8168,14.9704,18.6168
1759160996634,-8.8168,11.5577,0.9832
1759160996674,-14.2658,1.8800,-4.4658
1759160996714,-0.0000,-8.8168,9.8000
1759160996754,14.2658,-14.7343,24.0658
1759160996794,8.8168,-12.6649,18.6168
1759160996834,-8.8168,-3.7303,0.9832
1759160996874,-14.2658,7.2263,-4.4658
1759160996914,-0.0000,14.2658,9.8000
1759160996954,14.2658,13.5724,24.0658
1759160996994,8.8168,5.5219,18.6168
1759160997034,-8.8168,-5.5219,0.9832
1759160997074,-14.2658,-13.5724,-4.4658
1759160997114,0.0000,-14.2658,9.8000
1759160997154,14.2658,-7.2263,24.0658
1759160997194,8.8168,3.7303,18.6168
1759160997234,-8.8168,12.6649,0.9832
1759160997274,-14.2658,14.7343,-4.4658
1759160997314,0.0000,8.8168,9.8000
1759160997354,14.2658,-1.8800,24.0658
1759160997394,8.8168,-11.5577,18.6168
1759160997434,-8.8168,-14.9704,0.9832
1759160997474,-14.2658,-10.2682,-4.4658
1759160997514,0.0000,0.0000,9.8000
1759160997554,14.2658,10.2682,24.0658
1759160997594,8.8168,14.9704,18.6168
1759160997634,-8.8168,11.5577,0.9832
1759160997674,-14.2658,1.8800,-4.4658
1759160997714,-0.0000,-8.8168,9.8000
1759160997754,14.2658,-14.7343,24.0658
1759160997794,8.8168,-12.6649,18.6168
1759160997834,-8.8168,-3.7303,0.9832
1759160997874,-14.2658,7.2263,-4.4658
1759160997914,-0.0000,14.2658,9.8000
1759160997954,14.2658,13.5724,24.0658
1759160997994,8.8168,5.5219,18.6168
1759160998034,-8.8168,-5.5219,0.9832
1759160998074,-14.2658,-13.5724,-4.4658
1759160998114,0.0000,-14.2658,9.8000
1759160998154,14.2658,-7.2263,24.0658
1759160998194,8.8168,3.7303,18.6168
1759160998234,-8.8168,12.6649,0.9832
1759160998274,-14.2658,14.7343,-4.4658
1759160998314,0.0000,8.8168,9.8000
1759160998354,14.2658,-1.8800,24.0658
1759160998394,8.8168,-11.5577,18.6168
1759160998434,-8.8168,-14.9704,0.9832
1759160998474,-14.2658,-10.2682,-4.4658
1759160998514,0.0000,-0.0000,9.8000
1759160998554,14.2658,10.2682,24.0658
1759160998594,8.8168,14.9704,18.6168
1759160998634,-8.8168,11.5577,0.9832
1759160998674,-14.2658,1.8800,-4.4658
1759160998714,-0.0000,-8.8168,9.8000
1759160998754,14.2658,-14.7343,24.0658
1759160998794,8.8168,-12.6649,18.6168
1759160998834,-8.8168,-3.7303,0.9832
1759160998874,-14.2658,7.2263,-4.4658
1759160998914,-0.0000,14.2658,9.8000
1759160998954,14.2658,13.5724,24.0658
1759160998994,8.8168,5.5219,18.6168
1759160999034,-8.8168,-5.5219,0.9832
1759160999074,-14.2658,-13.5724,-4.4658
1759160999114,0.0000,-14.2658,9.8000
1759160999154,14.2658,-7.2263,24.0658
1759160999194,8.8168,3.7303,18.6168
1759160999234,-8.8168,12.6649,0.9832
1759160999274,-14.2658,14.7343,-4.4658
1759160999314,0.0000,8.8168,9.8000
1759160999354,14.2658,-1.8800,24.0658
1759160999394,8.8168,-11.5577,18.6168
1759160999434,-8.8168,-14.9704,0.9832
1759160999474,-14.2658,-10.2682,-4.4658
1759160999514,0.0000,-0.0000,9.8000
1759160999554,14.2658,10.2682,24.0658
1759160999594,8.8168,14.9704,18.6168
1759160999634,-8.8168,11.5577,0.9832
1759160999674,-14.2658,1.8800,-4.4658
1759160999714,0.0000,-8.8168,9.8000
1759160999754,14.2658,-14.7343,24.0658
1759160999794,8.8168,-12.6649,18.6168
1759160999834,-8.8168,-3.7303,0.9832
1759160999874,-14.2658,7.2263,-4.4658
1759160999914,-0.0000,14.2658,9.8000
1759160999954,14.2658,13.5724,24.0658
1759160999994,8.8168,5.5219,18.6168
1759161000034,-8.8168,-5.5219,0.9832
1759161000074,-14.2658,-13.5724,-4.4658
1759161000114,0.0000,-14.2658,9.8000
1759161000154,14.2658,-7.2263,24.0658
1759161000194,8.8168,3.7303,18.6168
1759161000234,-8.8168,12.6649,0.9832
1759161000274,-14.2658,14.7343,-4.4658
1759161000314,0.0000,8.8168,9.8000
1759161000354,14.2658,-1.8800,24.0658
1759161000394,8.8168,-11.5577,18.6168
1759161000434,-8.8168,-14.9704,0.9832
1759161000474,-14.2658,-10.2682,-4.4658
1759161000514,-0.0000,-0.0000,9.8000
1759161000554,14.2658,10.2682,24.0658
1759161000594,8.8168,14.9704,18.6168
1759161000634,-8.8168,11.5577,0.9832
1759161000674,-14.2658,1.8800,-4.4658
1759161000714,-0.0000,-8.8168,9.8000
1759161000754,14.2658,-14.7343,24.0658
1759161000794,8.8168,-12.6649,18.6168
1759161000834,-8.8168,-3.7303,0.9832
1759161000874,-14.2658,7.2263,-4.4658
1759161000914,-0.0000,14.2658,9.8000
1759161000954,14.2658,13.5724,24.0658
1759161000994,8.8168,5.5219,18.6168
1759161001034,-8.8168,-5.5219,0.9832
1759161001074,-14.2658,-13.5724,-4.4658
1759161001114,-0.0000,-14.2658,9.8000
1759161001154,14.2658,-7.2263,24.0658
1759161001194,8.8168,3.7303,18.6168
1759161001234,-8.8168,12.6649,0.9832
1759161001274,-14.2658,14.7343,-4.4658
1759161001314,-0.0000,8.8168,9.8000
1759161001354,14.2658,-1.8800,24.0658
1759161001394,8.8168,-11.5577,18.6168
1759161001434,-8.8168,-14.9704,0.9832
1759161001474,-14.2658,-10.2682,-4.4658
1759161001514,-0.0000,-0.0000,9.8000
1759161001554,14.2658,10.2682,24.0658
1759161001594,8.8168,14.9704,18.6168
1759161001634,-8.8168,11.5577,0.9832
1759161001674,-14.2658,1.8800,-4.4658
1759161001714,-0.0000,-8.8168,9.8000
1759161001754,14.2658,-14.7343,24.0658
1759161001794,8.8168,-12.6649,18.6168
1759161001834,-8.8168,-3.7303,0.9832
1759161001874,-14.2658,7.2263,-4.4658
1759161001914,-0.0000,14.2658,9.8000
1759161001954,14.2658,13.5724,24.0658
1759161001994,8.8168,5.5219,18.6168
1759161002034,-8.8168,-5.5219,0.9832
1759161002074,-14.2658,-13.5724,-4.4658
1759161002114,-0.0000,-14.2658,9.8000
1759161002154,14.2658,-7.2263,24.0658
1759161002194,8.8168,3.7303,18.6168
1759161002234,-8.8168,12.6649,0.9832
1759161002274,-14.2658,14.7343,-4.4658
1759161002314,-0.0000,8.8168,9.8000
1759161002354,14.2658,-1.8800,24.0658
1759161002394,8.8168,-11.5577,18.6168
1759161002434,-8.8168,-14.9704,0.9832
1759161002474,-14.2658,-10.2682,-4.4658
1759161002514,-0.0000,-0.0000,9.8000
1759161002554,14.2658,10.2682,24.0658
1759161002594,8.8168,14.9704,18.6168
1759161002634,-8.8168,11.5577,0.9832
1759161002674,-14.2658,1.8800,-4.4658
1759161002714,-0.0000,-8.8168,9.8000
1759161002754,14.2658,-14.7343,24.0658
1759161002794,8.8168,-12.6649,18.6168
1759161002834,-8.8168,-3.7303,0.9832
1759161002874,-14.2658,7.2263,-4.4658
1759161002914,-0.0000,14.2658,9.8000
1759161002954,14.2658,13.5724,24.0658
1759161002994,8.8168,5.5219,18.6168
1759161003034,-8.8168,-5.5219,0.9832
1759161003074,-14.2658,-13.5724,-4.4658
1759161003114,-0.0000,-14.2658,9.8000
1759161003154,14.2658,-7.2263,24.0658
1759161003194,8.8168,3.7303,18.6168
1759161003234,-8.8168,12.6649,0.9832
1759161003274,-14.2658,14.7343,-4.4658
1759161003314,-0.0000,8.8168,9.8000
1759161003354,14.2658,-1.8800,24.0658
1759161003394,8.8168,-11.5577,18.6168
1759161003434,-8.8168,-14.9704,0.9832
1759161003474,-14.2658,-10.2682,-4.4658
1759161003514,-0.0000,-0.0000,9.8000
1759161003554,14.2658,10.2682,24.0658
1759161003594,8.8168,14.9704,18.6168
1759161003634,-8.8168,11.5577,0.9832
1759161003674,-14.2658,1.8800,-4.4658
1759161003714,-0.0000,-8.8168,9.8000
1759161003754,14.2658,-14.7343,24.0658
1759161003794,8.8168,-12.6649,18.6168
1759161003834,-8.8168,-3.7303,0.9832
1759161003874,-14.2658,7.2263,-4.4658
1759161003914,-0.0000,14.2658,9.8000
1759161003954,14.2658,13.5724,24.0658
1759161003994,8.8168,5.5219,18.6168
1759161004034,-8.8168,-5.5219,0.9832
1759161004074,-14.2658,-13.5724,-4.4658
1759161004114,-0.0000,-14.2658,9.8000
1759161004154,14.2658,-7.2263,24.0658
1759161004194,8.8168,3.7303,18.6168
1759161004234,-8.8168,12.6649,0.9832
1759161004274,-14.2658,14.7343,-4.4658
1759161004314,-0.0000,8.8168,9.8000
1759161004354,14.2658,-1.8800,24.0658
1759161004394,8.8168,-11.5577,18.6168
1759161004434,-8.8168,-14.9704,0.9832
1759161004474,-14.2658,-10.2682,-4.4658
1759161004514,-0.0000,0.0000,9.8000
1759161004554,14.2658,10.2682,24.0658
1759161004594,8.8168,14.9704,18.6168
1759161004634,-8.8168,11.5577,0.9832
1759161004674,-14.2658,1.8800,-4.4658
1759161004714,-0.0000,-8.8168,9.8000
1759161004754,14.2658,-14.7343,24.0658
1759161004794,8.8168,-12.6649,18.6168
1759161004834,-8.8168,-3.7303,0.9832
1759161004874,-14.2658,7.2263,-4.4658
1759161004914,-0.0000,14.2658,9.8000
1759161004954,14.2658,13.5724,24.0658
1759161004994,8.8168,5.5219,18.6168
1759161005034,-8.8168,-5.5219,0.9832
1759161005074,-14.2658,-13.5724,-4.4658
1759161005114,-0.0000,-14.2658,9.8000
1759161005154,14.2658,-7.2263,24.0658
1759161005194,8.8168,3.7303,18.6168
1759161005234,-8.8168,12.6649,0.9832
1759161005274,-14.2658,14.7343,-4.4658
1759161005314,-0.0000,8.8168,9.8000
1759161005354,14.2658,-1.8800,24.0658
1759161005394,8.8168,-11.5577,18.6168
1759161005434,-8.8168,-14.9704,0.9832
1759161005474,-14.2658,-10.2682,-4.4658
1759161005514,-0.0000,-0.0000,9.8000
1759161005554,14.2658,10.2682,24.0658
1759161005594,8.8168,14.9704,18.6168
1759161005634,-8.8168,11.5577,0.9832
1759161005674,-14.2658,1.8800,-4.4658
1759161005714,-0.0000,-8.8168,9.8000
1759161005754,14.2658,-14.7343,24.0658
1759161005794,8.8168,-12.6649,18.6168
1759161005834,-8.8168,-3.7303,0.9832
1759161005874,-14.2658,7.2263,-4.4658
1759161005914,-0.0000,14.2658,9.8000
1759161005954,14.2658,13.5724,24.0658
1759161005994,8.8168,5.5219,18.6168
1759161006034,-8.8168,-5.5219,0.9832
1759161006074,-14.2658,-13.5724,-4.4658
1759161006114,-0.0000,-14.2658,9.8000
1759161006154,14.2658,-7.2263,24.0658
1759161006194,8.8168,3.7303,18.6168
1759161006234,-8.8168,12.6649,0.9832
1759161006274,-14.2658,14.7343,-4.4658
1759161006314,-0.0000,8.8168,9.8000
1759161006354,14.2658,-1.8800,24.0658
1759161006394,8.8168,-11.5577,18.6168
1759161006434,-8.8168,-14.9704,0.9832
1759161006474,-14.2658,-10.2682,-4.4658
1759161006514,-0.0000,-0.0000,9.8000
1759161006554,14.2658,10.2682,24.0658
1759161006594,8.8168,14.9704,18.6168
1759161006634,-8.8168,11.5577,0.9832
1759161006674,-14.2658,1.8800,-4.4658
1759161006714,-0.0000,-8.8168,9.8000
1759161006754,14.2658,-14.7343,24.0658
1759161006794,8.8168,-12.6649,18.6168
1759161006834,-8.8168,-3.7303,0.9832
1759161006874,-14.2658,7.2263,-4.4658
1759161006914,-0.0000,14.2658,9.8000
1759161006954,14.2658,13.5724,24.0658
1759161006994,8.8168,5.5219,18.6168
1759161007034,-8.8168,-5.5219,0.9832
1759161007074,-14.2658,-13.5724,-4.4658
1759161007114,-0.0000,-14.2658,9.8000
1759161007154,14.2658,-7.2263,24.0658
1759161007194,8.8168,3.7303,18.6168
1759161007234,-8.8168,12.6649,0.9832
1759161007274,-14.2658,14.7343,-4.4658
1759161007314,-0.0000,8.8168,9.8000
1759161007354,14.2658,-1.8800,24.0658
1759161007394,8.8168,-11.5577,18.6168
1759161007434,-8.8168,-14.9704,0.9832
1759161007474,-14.2658,-10.2682,-4.4658
1759161007514,-0.0000,-0.0000,9.8000
1759161007554,14.2658,10.2682,24.0658
1759161007594,8.8168,14.9704,18.6168
1759161007634,-8.8168,11.5577,0.9832
1759161007674,-14.2658,1.8800,-4.4658
1759161007714,-0.0000,-8.8168,9.8000
1759161007754,14.2658,-14.7343,24.0658
1759161007794,8.8168,-12.6649,18.6168
1759161007834,-8.8168,-3.7303,0.9832
1759161007874,-14.2658,7.2263,-4.4658
1759161007914,-0.0000,14.2658,9.8000
1759161007954,14.2658,13.5724,24.0658
1759161007994,8.8168,5.5219,18.6168
1759161008034,-8.8168,-5.5219,0.9832
1759161008074,-14.2658,-13.5724,-4.4658
1759161008114,0.0000,-14.2658,9.8000
1759161008154,14.2658,-7.2263,24.0658
1759161008194,8.8168,3.7303,18.6168
1759161008234,-8.8168,12.6649,0.9832
1759161008274,-14.2658,14.7343,-4.4658
1759161008314,-0.0000,8.8168,9.8000
1759161008354,14.2658,-1.8800,24.0658
1759161008394,8.8168,-11.5577,18.6168
1759161008434,-8.8168,-14.9704,0.9832
1759161008474,-14.2658,-10.2682,-4.4658
1759161008514,-0.0000,-0.0000,9.8000
1759161008554,14.2658,10.2682,24.0658
1759161008594,8.8168,14.9704,18.6168
1759161008634,-8.8168,11.5577,0.9832
1759161008674,-14.2658,1.8800,-4.4658
1759161008714,0.0000,-8.8168,9.8000
1759161008754,14.2658,-14.7343,24.0658
1759161008794,8.8168,-12.6649,18.6168
1759161008834,-8.8168,-3.7303,0.9832
1759161008874,-14.2658,7.2263,-4.4658
1759161008914,-0.0000,14.2658,9.8000
1759161008954,14.2658,13.5724,24.0658
1759161008994,8.8168,5.5219,18.6168
1759161009034,-8.8168,-5.5219,0.9832
1759161009074,-14.2658,-13.5724,-4.4658
1759161009114,-0.0000,-14.2658,9.8000
1759161009154,14.2658,-7.2263,24.0658
1759161009194,8.8168,3.7303,18.6168
1759161009234,-8.8168,12.6649,0.9832
1759161009274,-14.2658,14.7343,-4.4658
1759161009314,-0.0000,8.8168,9.8000
1759161009354,14.2658,-1.8800,24.0658
1759161009394,8.8168,-11.5577,18.6168
1759161009434,-8.8168,-14.9704,0.9832
1759161009474,-14.2658,-10.2682,-4.4658
1759161009514,-0.0000,0.0000,9.8000
1759161009554,14.2658,10.2682,24.0658
1759161009594,8.8168,14.9704,18.6168
1759161009634,-8.8168,11.5577,0.9832
1759161009674,-14.2658,1.8800,-4.4658
1759161009714,0.0000,-8.8168,9.8000
1759161009754,14.2658,-14.7343,24.0658
1759161009794,8.8168,-12.6649,18.6168
1759161009834,-8.8168,-3.7303,0.9832
1759161009874,-14.2658,7.2263,-4.4658
1759161009914,-0.0000,14.2658,9.8000
1759161009954,14.2658,13.5724,24.0658
1759161009994,8.8168,5.5219,18.6168
1759161010034,-8.8168,-5.5219,0.9832
1759161010074,-14.2658,-13.5724,-4.4658
1759161010114,0.0000,-14.2658,9.8000
1759161010154,14.2658,-7.2263,24.0658
1759161010194,8.8168,3.7303,18.6168
1759161010234,-8.8168,12.6649,0.9832
1759161010274,-14.2658,14.7343,-4.4658
1759161010314,-0.0000,8.8168,9.8000
1759161010354,14.2658,-1.8800,24.0658
1759161010394,8.8168,-11.5577,18.6168
1759161010434,-8.8168,-14.9704,0.9832
1759161010474,-14.2658,-10.2682,-4.4658
1759161010514,-0.0000,-0.0000,9.8000
1759161010554,14.2658,10.2682,24.0658
1759161010594,8.8168,14.9704,18.6168
1759161010634,-8.8168,11.5577,0.9832
1759161010674,-14.2658,1.8800,-4.4658
1759161010714,-0.0000,-8.8168,9.8000
1759161010754,14.2658,-14.7343,24.0658
1759161010794,8.8168,-12.6649,18.6168
1759161010834,-8.8168,-3.7303,0.9832
1759161010874,-14.2658,7.2263,-4.4658
1759161010914,-0.0000,14.2658,9.8000
1759161010954,14.2658,13.5724,24.0658
1759161010994,8.8168,5.5219,18.6168
1759161011034,-8.8168,-5.5219,0.9832
1759161011074,-14.2658,-13.5724,-4.4658
1759161011114,-0.0000,-14.2658,9.8000
1759161011154,14.2658,-7.2263,24.0658
1759161011194,8.8168,3.7303,18.6168
1759161011234,-8.8168,12.6649,0.9832
1759161011274,-14.2658,14.7343,-4.4658
1759161011314,-0.0000,8.8168,9.8000
1759161011354,14.2658,-1.8800,24.0658
1759161011394,8.8168,-11.5577,18.6168
1759161011434,-8.8168,-14.9704,0.9832
1759161011474,-14.2658,-10.2682,-4.4658
1759161011514,-0.0000,0.0000,9.8000
1759161011554,14.2658,10.2682,24.0658
1759161011594,8.8168,14.9704,18.6168
1759161011634,-8.8168,11.5577,0.9832
1759161011674,-14.2658,1.8800,-4.4658
1759161011714,0.0000,-8.8168,9.8000
1759161011754,14.2658,-14.7343,24.0658
1759161011794,8.8168,-12.6649,18.6168
1759161011834,-8.8168,-3.7303,0.9832
1759161011874,-14.2658,7.2263,-4.4658
1759161011914,-0.0000,14.2658,9.8000
1759161011954,14.2658,13.5724,24.0658
1759161011994,8.8168,5.5219,18.6168
1759161012034,-8.8168,-5.5219,0.9832
1759161012074,-14.2658,-13.5724,-4.4658
1759161012114,0.0000,-14.2658,9.8000
1759161012154,14.2658,-7.2263,24.0658
1759161012194,8.8168,3.7303,18.6168
1759161012234,-8.8168,12.6649,0.9832
1759161012274,-14.2658,14.7343,-4.4658
1759161012314,-0.0000,8.8168,9.8000
1759161012354,14.2658,-1.8800,24.0658
1759161012394,8.8168,-11.5577,18.6168
1759161012434,-8.8168,-14.9704,0.9832
1759161012474,-14.2658,-10.2682,-4.4658
1759161012514,-0.0000,-0.0000,9.8000
1759161012554,14.2658,10.2682,24.0658
1759161012594,8.8168,14.9704,18.6168
1759161012634,-8.8168,11.5577,0.9832
1759161012674,-14.2658,1.8800,-4.4658
1759161012714,-0.0000,-8.8168,9.8000
1759161012754,14.2658,-14.7343,24.0658
1759161012794,8.8168,-12.6649,18.6168
1759161012834,-8.8168,-3.7303,0.9832
1759161012874,-14.2658,7.2263,-4.4658
1759161012914,-0.0000,14.2658,9.8000
1759161012954,14.2658,13.5724,24.0658
1759161012994,8.8168,5.5219,18.6168
1759161013034,-8.8168,-5.5219,0.9832
1759161013074,-14.2658,-13.5724,-4.4658
1759161013114,-0.0000,-14.2658,9.8000
1759161013154,14.2658,-7.2263,24.0658
1759161013194,8.8168,3.7303,18.6168
1759161013234,-8.8168,12.6649,0.9832
1759161013274,-14.2658,14.7343,-4.4658
1759161013314,-0.0000,8.8168,9.8000
1759161013354,14.2658,-1.8800,24.0658
1759161013394,8.8168,-11.5577,18.6168
1759161013434,-8.8168,-14.9704,0.9832
1759161013474,-14.2658,-10.2682,-4.4658
1759161013514,-0.0000,-0.0000,9.8000
1759161013554,14.2658,10.2682,24.0658
1759161013594,8.8168,14.9704,18.6168
1759161013634,-8.8168,11.5577,0.9832
1759161013674,-14.2658,1.8800,-4.4658
1759161013714,0.0000,-8.8168,9.8000
1759161013754,14.2658,-14.7343,24.0658
1759161013794,8.8168,-12.6649,18.6168
1759161013834,-8.8168,-3.7303,0.9832
1759161013874,-14.2658,7.2263,-4.4658
1759161013914,-0.0000,14.2658,9.8000
1759161013954,14.2658,13.5724,24.0658
1759161013994,8.8168,5.5219,18.6168
1759161014034,-8.8168,-5.5219,0.9832
1759161014074,-14.2658,-13.5724,-4.4658
1759161014114,0.0000,-14.2658,9.8000
1759161014154,14.2658,-7.2263,24.0658
1759161014194,8.8168,3.7303,18.6168
1759161014234,-8.8168,12.6649,0.9832
1759161014274,-14.2658,14.7343,-4.4658
1759161014314,-0.0000,8.8168,9.8000
1759161014354,14.2658,-1.8800,24.0658
1759161014394,8.8168,-11.5577,18.6168
1759161014434,-8.8168,-14.9704,0.9832
1759161014474,-14.2658,-10.2682,-4.4658
1759161014514,-0.0000,-0.0000,9.8000
1759161014554,14.2658,10.2682,24.0658
1759161014594,8.8168,14.9704,18.6168
1759161014634,-8.8168,11.5577,0.9832
1759161014674,-14.2658,1.8800,-4.4658
1759161014714,-0.0000,-8.8168,9.8000
1759161014754,14.2658,-14.7343,24.0658
1759161014794,8.8168,-12.6649,18.6168
1759161014834,-8.8168,-3.7303,0.9832
1759161014874,-14.2658,7.2263,-4.4658
1759161014914,-0.0000,14.2658,9.8000
1759161014954,14.2658,13.5724,24.0658
1759161014994,8.8168,5.5219,18.6168
1759161015034,-8.8168,-5.5219,0.9832
1759161015074,-14.2658,-13.5724,-4.4658
1759161015114,-0.0000,-14.2658,9.8000
1759161015154,14.2658,-7.2263,24.0658
1759161015194,8.8168,3.7303,18.6168
1759161015234,-8.8168,12.6649,0.9832
1759161015274,-14.2658,14.7343,-4.4658
1759161015314,-0.0000,8.8168,9.8000
1759161015354,14.2658,-1.8800,24.0658
1759161015394,8.8168,-11.5577,18.6168
1759161015434,-8.8168,-14.9704,0.9832
1759161015474,-14.2658,-10.2682,-4.4658
1759161015514,-0.0000,-0.0000,9.8000
1759161015554,14.2658,10.2682,24.0658
1759161015594,8.8168,14.9704,18.6168
1759161015634,-8.8168,11.5577,0.9832
1759161015674,-14.2658,1.8800,-4.4658
1759161015714,0.0000,-8.8168,9.8000
1759161015754,14.2658,-14.7343,24.0658
1759161015794,8.8168,-12.6649,18.6168
1759161015834,-8.8168,-3.7303,0.9832
1759161015874,-14.2658,7.2263,-4.4658
1759161015914,-0.0000,14.2658,9.8000
1759161015954,14.2658,13.5724,24.0658
1759161015994,8.8168,5.5219,18.6168
1759161016034,-8.8168,-5.5219,0.9832
1759161016074,-14.2658,-13.5724,-4.4658
1759161016114,0.0000,-14.2658,9.8000
1759161016154,14.2658,-7.2263,24.0658
1759161016194,8.8168,3.7303,18.6168
1759161016234,-8.8168,12.6649,0.9832
1759161016274,-14.2658,14.7343,-4.4658
1759161016314,-0.0000,8.8168,9.8000
1759161016354,14.2658,-1.8800,24.0658
1759161016394,8.8168,-11.5577,18.6168
1759161016434,-8.8168,-14.9704,0.9832
1759161016474,-14.2658,-10.2682,-4.4658
1759161016514,0.0000,-0.0000,9.8000
1759161016554,14.2658,10.2682,24.0658
1759161016594,8.8168,14.9704,18.6168
1759161016634,-8.8168,11.5577,0.9832
1759161016674,-14.2658,1.8800,-4.4658
1759161016714,-0.0000,-8.8168,9.8000
1759161016754,14.2658,-14.7343,24.0658
1759161016794,8.8168,-12.6649,18.6168
1759161016834,-8.8168,-3.7303,0.9832
1759161016874,-14.2658,7.2263,-4.4658
1759161016914,-0.0000,14.2658,9.8000
1759161016954,14.2658,13.5724,24.0658
1759161016994,8.8168,5.5219,18.6168
1759161017034,-8.8168,-5.5219,0.9832
1759161017074,-14.2658,-13.5724,-4.4658
1759161017114,-0.0000,-14.2658,9.8000
1759161017154,14.2658,-7.2263,24.0658
1759161017194,8.8168,3.7303,18.6168
1759161017234,-8.8168,12.6649,0.9832
1759161017274,-14.2658,14.7343,-4.4658
1759161017314,-0.0000,8.8168,9.8000
1759161017354,14.2658,-1.8800,24.0658
1759161017394,8.8168,-11.5577,18.6168
1759161017434,-8.8168,-14.9704,0.9832
1759161017474,-14.2658,-10.2682,-4.4658
1759161017514,-0.0000,-0.0000,9.8000
1759161017554,14.2658,10.2682,24.0658
1759161017594,8.8168,14.9704,18.6168
1759161017634,-8.8168,11.5577,0.9832
1759161017674,-14.2658,1.8800,-4.4658
1759161017714,0.0000,-8.8168,9.8000
1759161017754,14.2658,-14.7343,24.0658
1759161017794,8.8168,-12.6649,18.6168
1759161017834,-8.8168,-3.7303,0.9832
1759161017874,-14.2658,7.2263,-4.4658
1759161017914,-0.0000,14.2658,9.8000
1759161017954,14.2658,13.5724,24.0658
1759161017994,8.8168,5.5219,18.6168
1759161018034,-8.8168,-5.5219,0.9832
1759161018074,-14.2658,-13.5724,-4.4658
1759161018114,0.0000,-14.2658,9.8000
1759161018154,14.2658,-7.2263,24.0658
1759161018194,8.8168,3.7303,18.6168
1759161018234,-8.8168,12.6649,0.9832
1759161018274,-14.2658,14.7343,-4.4658
1759161018314,-0.0000,8.8168,9.8000
1759161018354,14.2658,-1.8800,24.0658
1759161018394,8.8168,-11.5577,18.6168
1759161018434,-8.8168,-14.9704,0.9832
1759161018474,-14.2658,-10.2682,-4.4658
1759161018514,0.0000,0.0000,9.8000
1759161018554,14.2658,10.2682,24.0658
1759161018594,8.8168,14.9704,18.6168
1759161018634,-8.8168,11.5577,0.9832
1759161018674,-14.2658,1.8800,-4.4658
1759161018714,-0.0000,-8.8168,9.8000
1759161018754,14.2658,-14.7343,24.0658
1759161018794,8.8168,-12.6649,18.6168
1759161018834,-8.8168,-3.7303,0.9832
1759161018874,-14.2658,7.2263,-4.4658
1759161018914,-0.0000,14.2658,9.8000
1759161018954,14.2658,13.5724,24.0658
1759161018994,8.8168,5.5219,18.6168
1759161019034,-8.8168,-5.5219,0.9832
1759161019074,-14.2658,-13.5724,-4.4658
1759161019114,-0.0000,-14.2658,9.8000
1759161019154,14.2658,-7.2263,24.0658
1759161019194,8.8168,3.7303,18.6168
1759161019234,-8.8168,12.6649,0.9832
1759161019274,-14.2658,14.7343,-4.4658
1759161019314,-0.0000,8.8168,9.8000
1759161019354,14.2658,-1.8800,24.0658
1759161019394,8.8168,-11.5577,18.6168
1759161019434,-8.8168,-14.9704,0.9832
1759161019474,-14.2658,-10.2682,-4.4658
1759161019514,-0.0000,-0.0000,9.8000
1759161019554,14.2658,10.2682,24.0658
1759161019594,8.8168,14.9704,18.6168
1759161019634,-8.8168,11.5577,0.9832
1759161019674,-14.2658,1.8800,-4.4658
1759161019714,0.0000,-8.8168,9.8000
1759161019754,14.2658,-14.7343,24.0658
1759161019794,8.8168,-12.6649,18.6168
1759161019834,-8.8168,-3.7303,0.9832
1759161019874,-14.2658,7.2263,-4.4658
1759161019914,-0.0000,14.2658,9.8000
1759161019954,14.2658,13.5724,24.0658
1759161019994,8.8168,5.5219,18.6168
1759161020034,-8.8168,-5.5219,0.9832
1759161020074,-14.2658,-13.5724,-4.4658
1759161020114,0.0000,-14.2658,9.8000
1759161020154,14.2658,-7.2263,24.0658
1759161020194,8.8168,3.7303,18.6168
1759161020234,-8.8168,12.6649,0.9832
1759161020274,-14.2658,14.7343,-4.4658
1759161020314,-0.0000,8.8168,9.8000
1759161020354,14.2658,-1.8800,24.0658
1759161020394,8.8168,-11.5577,18.6168
1759161020434,-8.8168,-14.9704,0.9832
1759161020474,-14.2658,-10.2682,-4.4658
1759161020514,0.0000,-0.0000,9.8000
1759161020554,14.2658,10.2682,24.0658
1759161020594,8.8168,14.9704,18.6168
1759161020634,-8.8168,11.5577,0.9832
1759161020674,-14.2658,1.8800,-4.4658
1759161020714,0.0000,-8.8168,9.8000
1759161020754,14.2658,-14.7343,24.0658
1759161020794,8.8168,-12.6649,18.6168
1759161020834,-8.8168,-3.7303,0.9832
1759161020874,-14.2658,7.2263,-4.4658
1759161020914,-0.0000,14.2658,9.8000
1759161020954,14.2658,13.5724,24.0658
1759161020994,8.8168,5.5219,18.6168
1759161021034,-8.8168,-5.5219,0.9832
1759161021074,-14.2658,-13.5724,-4.4658
1759161021114,-0.0000,-14.2658,9.8000
1759161021154,14.2658,-7.2263,24.0658
1759161021194,8.8168,3.7303,18.6168
1759161021234,-8.8168,12.6649,0.9832
1759161021274,-14.2658,14.7343,-4.4658
1759161021314,-0.0000,8.8168,9.8000
1759161021354,14.2658,-1.8800,24.0658
1759161021394,8.8168,-11.5577,18.6168
1759161021434,-8.8168,-14.9704,0.9832
1759161021474,-14.2658,-10.2682,-4.4658
1759161021514,-0.0000,-0.0000,9.8000
1759161021554,14.2658,10.2682,24.0658
1759161021594,8.8168,14.9704,18.6168
1759161021634,-8.8168,11.5577,0.9832
1759161021674,-14.2658,1.8800,-4.4658
1759161021714,0.0000,-8.8168,9.8000
1759161021754,14.2658,-14.7343,24.0658
1759161021794,8.8168,-12.6649,18.6168
1759161021834,-8.8168,-3.7303,0.9832
1759161021874,-14.2658,7.2263,-4.4658
1759161021914,-0.0000,14.2658,9.8000
1759161021954,14.2658,13.5724,24.0658
1759161021994,8.8168,5.5219,18.6168
1759161022034,-8.8168,-5.5219,0.9832
1759161022074,-14.2658,-13.5724,-4.4658
1759161022114,0.0000,-14.2658,9.8000
1759161022154,14.2658,-7.2263,24.0658
1759161022194,8.8168,3.7303,18.6168
1759161022234,-8.8168,12.6649,0.9832
1759161022274,-14.2658,14.7343,-4.4658
1759161022314,-0.0000,8.8168,9.8000
1759161022354,14.2658,-1.8800,24.0658
1759161022394,8.8168,-11.5577,18.6168
1759161022434,-8.8168,-14.9704,0.9832
1759161022474,-14.2658,-10.2682,-4.4658
1759161022514,0.0000,-0.0000,9.8000
1759161022554,14.2658,10.2682,24.0658
1759161022594,8.8168,14.9704,18.6168
1759161022634,-8.8168,11.5577,0.9832
1759161022674,-14.2658,1.8800,-4.4658
1759161022714,0.0000,-8.8168,9.8000
1759161022754,14.2658,-14.7343,24.0658
1759161022794,8.8168,-12.6649,18.6168
1759161022834,-8.8168,-3.7303,0.9832
1759161022874,-14.2658,7.2263,-4.4658
1759161022914,0.0000,14.2658,9.8000
1759161022954,14.2658,13.5724,24.0658
1759161022994,8.8168,5.5219,18.6168
1759161023034,-8.8168,-5.5219,0.9832
1759161023074,-14.2658,-13.5724,-4.4658
1759161023114,-0.0000,-14.2658,9.8000
1759161023154,14.2658,-7.2263,24.0658
1759161023194,8.8168,3.7303,18.6168
1759161023234,-8.8168,12.6649,0.9832
1759161023274,-14.2658,14.7343,-4.4658
1759161023314,-0.0000,8.8168,9.8000
1759161023354,14.2658,-1.8800,24.0658
1759161023394,8.8168,-11.5577,18.6168
1759161023434,-8.8168,-14.9704,0.9832
1759161023474,-14.2658,-10.2682,-4.4658
1759161023514,-0.0000,-0.0000,9.8000
1759161023554,14.2658,10.2682,24.0658
1759161023594,8.8168,14.9704,18.6168
1759161023634,-8.8168,11.5577,0.9832
1759161023674,-14.2658,1.8800,-4.4658
1759161023714,0.0000,-8.8168,9.8000
1759161023754,14.2658,-14.7343,24.0658
1759161023794,8.8168,-12.6649,18.6168
1759161023834,-8.8168,-3.7303,0.9832
1759161023874,-14.2658,7.2263,-4.4658
1759161023914,-0.0000,14.2658,9.8000
1759161023954,14.2658,13.5724,24.0658
1759161023994,8.8168,5.5219,18.6168
1759161024034,-8.8168,-5.5219,0.9832
1759161024074,-14.2658,-13.5724,-4.4658
1759161024114,0.0000,-14.2658,9.8000
1759161024154,14.2658,-7.2263,24.0658
1759161024194,8.8168,3.7303,18.6168
1759161024234,-8.8168,12.6649,0.9832
1759161024274,-14.2658,14.7343,-4.4658
1759161024314,-0.0000,8.8168,9.8000
1759161024354,14.2658,-1.8800,24.0658
1759161024394,8.8168,-11.5577,18.6168
1759161024434,-8.8168,-14.9704,0.9832
1759161024474,-14.2658,-10.2682,-4.4658
1759161024514,-0.0000,-0.0000,9.8000
1759161024554,14.2658,10.2682,24.0658
1759161024594,8.8168,14.9704,18.6168
1759161024634,-8.8168,11.5577,0.9832
1759161024674,-14.2658,1.8800,-4.4658
1759161024714,0.0000,-8.8168,9.8000
1759161024754,14.2658,-14.7343,24.0658
1759161024794,8.8168,-12.6649,18.6168
1759161024834,-8.8168,-3.7303,0.9832
1759161024874,-14.2658,7.2263,-4.4658
1759161024914,-0.0000,14.2658,9.8000
1759161024954,14.2658,13.5724,24.0658
1759161024994,8.8168,5.5219,18.6168
1759161025034,-8.8168,-5.5219,0.9832
1759161025074,-14.2658,-13.5724,-4.4658
1759161025114,-0.0000,-14.2658,9.8000
1759161025154,14.2658,-7.2263,24.0658
1759161025194,8.8168,3.7303,18.6168
1759161025234,-8.8168,12.6649,0.9832
1759161025274,-14.2658,14.7343,-4.4658
1759161025314,-0.0000,8.8168,9.8000
1759161025354,14.2658,-1.8800,24.0658
1759161025394,8.8168,-11.5577,18.6168
1759161025434,-8.8168,-14.9704,0.9832
1759161025474,-14.2658,-10.2682,-4.4658
1759161025514,-0.0000,0.0000,9.8000
1759161025554,14.2658,10.2682,24.0658
1759161025594,8.8168,14.9704,18.6168
1759161025634,-8.8168,11.5577,0.9832
1759161025674,-14.2658,1.8800,-4.4658
1759161025714,-0.0000,-8.8168,9.8000
1759161025754,14.2658,-14.7343,24.0658
1759161025794,8.8168,-12.6649,18.6168
1759161025834,-8.8168,-3.7303,0.9832
1759161025874,-14.2658,7.2263,-4.4658
1759161025914,-0.0000,14.2658,9.8000
1759161025954,14.2658,13.5724,24.0658
1759161025994,8.8168,5.5219,18.6168
1759161026034,-8.8168,-5.5219,0.9832
1759161026074,-14.2658,-13.5724,-4.4658
1759161026114,-0.0000,-14.2658,9.8000
1759161026154,14.2658,-7.2263,24.0658
1759161026194,8.8168,3.7303,18.6168
1759161026234,-8.8168,12.6649,0.9832
1759161026274,-14.2658,14.7343,-4.4658
1759161026314,-0.0000,8.8168,9.8000
1759161026354,14.2658,-1.8800,24.0658
1759161026394,8.8168,-11.5577,18.6168
1759161026434,-8.8168,-14.9704,0.9832
1759161026474,-14.2658,-10.2682,-4.4658
1759161026514,-0.0000,-0.0000,9.8000
1759161026554,14.2658,10.2682,24.0658
1759161026594,8.8168,14.9704,18.6168
1759161026634,-8.8168,11.5577,0.9832
1759161026674,-14.2658,1.8800,-4.4658
1759161026714,0.0000,-8.8168,9.8000
1759161026754,14.2658,-14.7343,24.0658
1759161026794,8.8168,-12.6649,18.6168
1759161026834,-8.8168,-3.7303,0.9832
1759161026874,-14.2658,7.2263,-4.4658
1759161026914,-0.0000,14.2658,9.8000
1759161026954,14.2658,13.5724,24.0658
1759161026994,8.8168,5.5219,18.6168
1759161027034,-8.8168,-5.5219,0.9832
1759161027074,-14.2658,-13.5724,-4.4658
1759161027114,0.0000,-14.2658,9.8000
1759161027154,14.2658,-7.2263,24.0658
1759161027194,8.8168,3.7303,18.6168
1759161027234,-8.8168,12.6649,0.9832
1759161027274,-14.2658,14.7343,-4.4658
1759161027314,-0.0000,8.8168,9.8000
1759161027354,14.2658,-1.8800,24.0658
1759161027394,8.8168,-11.5577,18.6168
1759161027434,-8.8168,-14.9704,0.9832
1759161027474,-14.2658,-10.2682,-4.4658
1759161027514,-0.0000,-0.0000,9.8000
1759161027554,14.2658,10.2682,24.0658
1759161027594,8.8168,14.9704,18.6168
1759161027634,-8.8168,11.5577,0.9832
1759161027674,-14.2658,1.8800,-4.4658
1759161027714,-0.0000,-8.8168,9.8000
1759161027754,14.2658,-14.7343,24.0658
1759161027794,8.8168,-12.6649,18.6168
1759161027834,-8.8168,-3.7303,0.9832
1759161027874,-14.2658,7.2263,-4.4658
1759161027914,-0.0000,14.2658,9.8000
1759161027954,14.2658,13.5724,24.0658
1759161027994,8.8168,5.5219,18.6168
1759161028034,-8.8168,-5.5219,0.9832
1759161028074,-14.2658,-13.5724,-4.4658
1759161028114,-0.0000,-14.2658,9.8000
1759161028154,14.2658,-7.2263,24.0658
1759161028194,8.8168,3.7303,18.6168
1759161028234,-8.8168,12.6649,0.9832
1759161028274,-14.2658,14.7343,-4.4658
1759161028314,-0.0000,8.8168,9.8000
1759161028354,14.2658,-1.8800,24.0658
1759161028394,8.8168,-11.5577,18.6168
1759161028434,-8.8168,-14.9704,0.9832
1759161028474,-14.2658,-10.2682,-4.4658
1759161028514,-0.0000,-0.0000,9.8000
1759161028554,14.2658,10.2682,24.0658
1759161028594,8.8168,14.9704,18.6168
1759161028634,-8.8168,11.5577,0.9832
1759161028674,-14.2658,1.8800,-4.4658
1759161028714,0.0000,-8.8168,9.8000
1759161028754,14.2658,-14.7343,24.0658
1759161028794,8.8168,-12.6649,18.6168
1759161028834,-8.8168,-3.7303,0.9832
1759161028874,-14.2658,7.2263,-4.4658
1759161028914,-0.0000,14.2658,9.8000
1759161028954,14.2658,13.5724,24.0658
1759161028994,8.8168,5.5219,18.6168
1759161029034,-8.8168,-5.5219,0.9832
1759161029074,-14.2658,-13.5724,-4.4658
1759161029114,0.0000,-14.2658,9.8000
1759161029154,14.2658,-7.2263,24.0658
1759161029194,8.8168,3.7303,18.6168
1759161029234,-8.8168,12.6649,0.9832
1759161029274,-14.2658,14.7343,-4.4658
1759161029314,-0.0000,8.8168,9.8000
1759161029354,14.2658,-1.8800,24.0658
1759161029394,8.8168,-11.5577,18.6168
1759161029434,-8.8168,-14.9704,0.9832
1759161029474,-14.2658,-10.2682,-4.4658
1759161029514,-0.0000,-0.0000,9.8000
1759161029554,14.2658,10.2682,24.0658
1759161029594,8.8168,14.9704,18.6168
1759161029634,-8.8168,11.5577,0.9832
1759161029674,-14.2658,1.8800,-4.4658
1759161029714,-0.0000,-8.8168,9.8000
1759161029754,14.2658,-14.7343,24.0658
1759161029794,8.8168,-12.6649,18.6168
1759161029834,-8.8168,-3.7303,0.9832
1759161029874,-14.2658,7.2263,-4.4658
1759161029914,-0.0000,14.2658,9.8000
1759161029954,14.2658,13.5724,24.0658
1759161029994,8.8168,5.5219,18.6168
1759161030034,-8.8168,-5.5219,0.9832
1759161030074,-14.2658,-13.5724,-4.4658
1759161030114,-0.0000,-14.2658,9.8000
1759161030154,14.2658,-7.2263,24.0658
1759161030194,8.8168,3.7303,18.6168
1759161030234,-8.8168,12.6649,0.9832
1759161030274,-14.2658,14.7343,-4.4658
1759161030314,-0.0000,8.8168,9.8000
1759161030354,14.2658,-1.8800,24.0658
1759161030394,8.8168,-11.5577,18.6168
1759161030434,-8.8168,-14.9704,0.9832
1759161030474,-14.2658,-10.2682,-4.4658
1759161030514,-0.0000,-0.0000,9.8000
1759161030554,14.2658,10.2682,24.0658
1759161030594,8.8168,14.9704,18.6168
1759161030634,-8.8168,11.5577,0.9832
1759161030674,-14.2658,1.8800,-4.4658
1759161030714,0.0000,-8.8168,9.8000
1759161030754,14.2658,-14.7343,24.0658
1759161030794,8.8168,-12.6649,18.6168
1759161030834,-8.8168,-3.7303,0.9832
1759161030874,-14.2658,7.2263,-4.4658
1759161030914,-0.0000,14.2658,9.8000
1759161030954,14.2658,13.5724,24.0658
1759161030994,8.8168,5.5219,18.6168
1759161031034,-8.8168,-5.5219,0.9832
1759161031074,-14.2658,-13.5724,-4.4658
1759161031114,0.0000,-14.2658,9.8000
1759161031154,14.2658,-7.2263,24.0658
1759161031194,8.8168,3.7303,18.6168
1759161031234,-8.8168,12.6649,0.9832
1759161031274,-14.2658,14.7343,-4.4658
1759161031314,-0.0000,8.8168,9.8000
1759161031354,14.2658,-1.8800,24.0658
1759161031394,8.8168,-11.5577,18.6168
1759161031434,-8.8168,-14.9704,0.9832
1759161031474,-14.2658,-10.2682,-4.4658
1759161031514,-0.0000,-0.0000,9.8000
1759161031554,14.2658,10.2682,24.0658
1759161031594,8.8168,14.9704,18.6168
1759161031634,-8.8168,11.5577,0.9832
1759161031674,-14.2658,1.8800,-4.4658
1759161031714,-0.0000,-8.8168,9.8000
1759161031754,14.2658,-14.7343,24.0658
1759161031794,8.8168,-12.6649,18.6168
1759161031834,-8.8168,-3.7303,0.9832
1759161031874,-14.2658,7.2263,-4.4658
1759161031914,-0.0000,14.2658,9.8000
1759161031954,14.2658,13.5724,24.0658
1759161031994,8.8168,5.5219,18.6168
1759161032034,-8.8168,-5.5219,0.9832
1759161032074,-14.2658,-13.5724,-4.4658
1759161032114,-0.0000,-14.2658,9.8000
1759161032154,14.2658,-7.2263,24.0658
1759161032194,8.8168,3.7303,18.6168
1759161032234,-8.8168,12.6649,0.9832
1759161032274,-14.2658,14.7343,-4.4658
1759161032314,-0.0000,8.8168,9.8000
1759161032354,14.2658,-1.8800,24.0658
1759161032394,8.8168,-11.5577,18.6168
1759161032434,-8.8168,-14.9704,0.9832
1759161032474,-14.2658,-10.2682,-4.4658
1759161032514,-0.0000,0.0000,9.8000
1759161032554,14.2658,10.2682,24.0658
1759161032594,8.8168,14.9704,18.6168
1759161032634,-8.8168,11.5577,0.9832
1759161032674,-14.2658,1.8800,-4.4658
1759161032714,0.0000,-8.8168,9.8000
1759161032754,14.2658,-14.7343,24.0658
1759161032794,8.8168,-12.6649,18.6168
1759161032834,-8.8168,-3.7303,0.9832
1759161032874,-14.2658,7.2263,-4.4658
1759161032914,-0.0000,14.2658,9.8000
1759161032954,14.2658,13.5724,24.0658
1759161032994,8.8168,5.5219,18.6168
1759161033034,-8.8168,-5.5219,0.9832
1759161033074,-14.2658,-13.5724,-4.4658
1759161033114,0.0000,-14.2658,9.8000
1759161033154,14.2658,-7.2263,24.0658
1759161033194,8.8168,3.7303,18.6168
1759161033234,-8.8168,12.6649,0.9832
1759161033274,-14.2658,14.7343,-4.4658
1759161033314,-0.0000,8.8168,9.8000
1759161033354,14.2658,-1.8800,24.0658
1759161033394,8.8168,-11.5577,18.6168
1759161033434,-8.8168,-14.9704,0.9832
1759161033474,-14.2658,-10.2682,-4.4658
1759161033514,-0.0000,-0.0000,9.8000
1759161033554,14.2658,10.2682,24.0658
1759161033594,8.8168,14.9704,18.6168
1759161033634,-8.8168,11.5577,0.9832
1759161033674,-14.2658,1.8800,-4.4658
1759161033714,-0.0000,-8.8168,9.8000
1759161033754,14.2658,-14.7343,24.0658
1759161033794,8.8168,-12.6649,18.6168
1759161033834,-8.8168,-3.7303,0.9832
1759161033874,-14.2658,7.2263,-4.4658
1759161033914,-0.0000,14.2658,9.8000
1759161033954,14.2658,13.5724,24.0658
1759161033994,8.8168,5.5219,18.6168
1759161034034,-8.8168,-5.5219,0.9832
1759161034074,-14.2658,-13.5724,-4.4658
1759161034114,-0.0000,-14.2658,9.8000
1759161034154,14.2658,-7.2263,24.0658
1759161034194,8.8168,3.7303,18.6168
1759161034234,-8.8168,12.6649,0.9832
1759161034274,-14.2658,14.7343,-4.4658
1759161034314,-0.0000,8.8168,9.8000
1759161034354,14.2658,-1.8800,24.0658
1759161034394,8.8168,-11.5577,18.6168
1759161034434,-8.8168,-14.9704,0.9832
1759161034474,-14.2658,-10.2682,-4.4658
1759161034514,-0.0000,-0.0000,9.8000
1759161034554,14.2658,10.2682,24.0658
1759161034594,8.8168,14.9704,18.6168
1759161034634,-8.8168,11.5577,0.9832
1759161034674,-14.2658,1.8800,-4.4658
1759161034714,0.0000,-8.8168,9.8000
1759161034754,14.2658,-14.7343,24.0658
1759161034794,8.8168,-12.6649,18.6168
1759161034834,-8.8168,-3.7303,0.9832
1759161034874,-14.2658,7.2263,-4.4658
1759161034914,-0.0000,14.2658,9.8000
1759161034954,14.2658,13.5724,24.0658
1759161034994,8.8168,5.5219,18.6168
1759161035034,-8.8168,-5.5219,0.9832
1759161035074,-14.2658,-13.5724,-4.4658
1759161035114,0.0000,-14.2658,9.8000
1759161035154,14.2658,-7.2263,24.0658
1759161035194,8.8168,3.7303,18.6168
1759161035234,-8.8168,12.6649,0.9832
1759161035274,-14.2658,14.7343,-4.4658
1759161035314,-0.0000,8.8168,9.8000
1759161035354,14.2658,-1.8800,24.0658
1759161035394,8.8168,-11.5577,18.6168
1759161035434,-8.8168,-14.9704,0.9832
1759161035474,-14.2658,-10.2682,-4.4658
1759161035514,0.0000,0.0000,9.8000
1759161035554,14.2658,10.2682,24.0658
1759161035594,8.8168,14.9704,18.6168
1759161035634,-8.8168,11.5577,0.9832
1759161035674,-14.2658,1.8800,-4.4658
1759161035714,-0.0000,-8.8168,9.8000
1759161035754,14.2658,-14.7343,24.0658
1759161035794,8.8168,-12.6649,18.6168
1759161035834,-8.8168,-3.7303,0.9832
1759161035874,-14.2658,7.2263,-4.4658
1759161035914,-0.0000,14.2658,9.8000
1759161035954,14.2658,13.5724,24.0658
1759161035994,8.8168,5.5219,18.6168
1759161036034,-8.8168,-5.5219,0.9832
1759161036074,-14.2658,-13.5724,-4.4658
1759161036114,-0.0000,-14.2658,9.8000
1759161036154,14.2658,-7.2263,24.0658
1759161036194,8.8168,3.7303,18.6168
1759161036234,-8.8168,12.6649,0.9832
1759161036274,-14.2658,14.7343,-4.4658
1759161036314,-0.0000,8.8168,9.8000
1759161036354,14.2658,-1.8800,24.0658
1759161036394,8.8168,-11.5577,18.6168
1759161036434,-8.8168,-14.9704,0.9832
1759161036474,-14.2658,-10.2682,-4.4658
1759161036514,-0.0000,-0.0000,9.8000
1759161036554,14.2658,10.2682,24.0658
1759161036594,8.8168,14.9704,18.6168
1759161036634,-8.8168,11.5577,0.9832
1759161036674,-14.2658,1.8800,-4.4658
1759161036714,0.0000,-8.8168,9.8000
1759161036754,14.2658,-14.7343,24.0658
1759161036794,8.8168,-12.6649,18.6168
1759161036834,-8.8168,-3.7303,0.9832
1759161036874,-14.2658,7.2263,-4.4658
1759161036914,-0.0000,14.2658,9.8000
1759161036954,14.2658,13.5724,24.0658
1759161036994,8.8168,5.5219,18.6168
1759161037034,-8.8168,-5.5219,0.9832
1759161037074,-14.2658,-13.5724,-4.4658
1759161037114,0.0000,-14.2658,9.8000
1759161037154,14.2658,-7.2263,24.0658
1759161037194,8.8168,3.7303,18.6168
1759161037234,-8.8168,12.6649,0.9832
1759161037274,-14.2658,14.7343,-4.4658
1759161037314,-0.0000,8.8168,9.8000
1759161037354,14.2658,-1.8800,24.0658
1759161037394,8.8168,-11.5577,18.6168
1759161037434,-8.8168,-14.9704,0.9832
1759161037474,-14.2658,-10.2682,-4.4658
1759161037514,0.0000,-0.0000,9.8000
1759161037554,14.2658,10.2682,24.0658
1759161037594,8.8168,14.9704,18.6168
1759161037634,-8.8168,11.5577,0.9832
1759161037674,-14.2658,1.8800,-4.4658
1759161037714,-0.0000,-8.8168,9.8000
1759161037754,14.2658,-14.7343,24.0658
1759161037794,8.8168,-12.6649,18.6168
1759161037834,-8.8168,-3.7303,0.9832
1759161037874,-14.2658,7.2263,-4.4658
1759161037914,-0.0000,14.2658,9.8000
1759161037954,14.2658,13.5724,24.0658
1759161037994,8.8168,5.5219,18.6168
1759161038034,-8.8168,-5.5219,0.9832
1759161038074,-14.2658,-13.5724,-4.4658
1759161038114,-0.0000,-14.2658,9.8000
1759161038154,14.2658,-7.2263,24.0658
1759161038194,8.8168,3.7303,18.6168
1759161038234,-8.8168,12.6649,0.9832
1759161038274,-14.2658,14.7343,-4.4658
1759161038314,-0.0000,8.8168,9.8000
1759161038354,14.2658,-1.8800,24.0658
1759161038394,8.8168,-11.5577,18.6168
1759161038434,-8.8168,-14.9704,0.9832
1759161038474,-14.2658,-10.2682,-4.4658
1759161038514,-0.0000,-0.0000,9.8000
1759161038554,14.2658,10.2682,24.0658
1759161038594,8.8168,14.9704,18.6168
1759161038634,-8.8168,11.5577,0.9832
1759161038674,-14.2658,1.8800,-4.4658
1759161038714,0.0000,-8.8168,9.8000
1759161038754,14.2658,-14.7343,24.0658
1759161038794,8.8168,-12.6649,18.6168
1759161038834,-8.8168,-3.7303,0.9832
1759161038874,-14.2658,7.2263,-4.4658
1759161038914,-0.0000,14.2658,9.8000
1759161038954,14.2658,13.5724,24.0658
1759161038994,8.8168,5.5219,18.6168
1759161039034,-8.8168,-5.5219,0.9832
1759161039074,-14.2658,-13.5724,-4.4658
1759161039114,0.0000,-14.2658,9.8000
1759161039154,14.2658,-7.2263,24.0658
1759161039194,8.8168,3.7303,18.6168
1759161039234,-8.8168,12.6649,0.9832
1759161039274,-14.2658,14.7343,-4.4658
1759161039314,-0.0000,8.8168,9.8000
1759161039354,14.2658,-1.8800,24.0658
1759161039394,8.8168,-11.5577,18.6168
1759161039434,-8.8168,-14.9704,0.9832
1759161039474,-14.2658,-10.2682,-4.4658
1759161039514,0.0000,0.0000,9.8000
1759161039554,14.2658,10.2682,24.0658
1759161039594,8.8168,14.9704,18.6168
1759161039634,-8.8168,11.5577,0.9832
1759161039674,-14.2658,1.8800,-4.4658
1759161039714,0.0000,-8.8168,9.8000
1759161039754,14.2658,-14.7343,24.0658
1759161039794,8.8168,-12.6649,18.6168
1759161039834,-8.8168,-3.7303,0.9832
1759161039874,-14.2658,7.2263,-4.4658
1759161039914,-0.0000,14.2658,9.8000
1759161039954,14.2658,13.5724,24.0658
1759161039994,8.8168,5.5219,18.6168
1759161040034,-8.8168,-5.5219,0.9832
1759161040074,-14.2658,-13.5724,-4.4658
1759161040114,-0.0000,-14.2658,9.8000
1759161040154,14.2658,-7.2263,24.0658
1759161040194,8.8168,3.7303,18.6168
1759161040234,-8.8168,12.6649,0.9832
1759161040274,-14.2658,14.7343,-4.4658
1759161040314,-0.0000,8.8168,9.8000
1759161040354,14.2658,-1.8800,24.0658
1759161040394,8.8168,-11.5577,18.6168
1759161040434,-8.8168,-14.9704,0.9832
1759161040474,-14.2658,-10.2682,-4.4658
1759161040514,-0.0000,-0.0000,9.8000
1759161040554,14.2658,10.2682,24.0658
1759161040594,8.8168,14.9704,18.6168
1759161040634,-8.8168,11.5577,0.9832
1759161040674,-14.2658,1.8800,-4.4658
1759161040714,-0.0000,-8.8168,9.8000
1759161040754,14.2658,-14.7343,24.0658
1759161040794,8.8168,-12.6649,18.6168
1759161040834,-8.8168,-3.7303,0.9832
1759161040874,-14.2658,7.2263,-4.4658
1759161040914,0.0000,14.2658,9.8000
1759161040954,14.2658,13.5724,24.0658
1759161040994,8.8168,5.5219,18.6168
1759161041034,-8.8168,-5.5219,0.9832
1759161041074,-14.2658,-13.5724,-4.4658
1759161041114,-0.0000,-14.2658,9.8000
1759161041154,14.2658,-7.2263,24.0658
1759161041194,8.8168,3.7303,18.6168
1759161041234,-8.8168,12.6649,0.9832
1759161041274,-14.2658,14.7343,-4.4658
1759161041314,-0.0000,8.8168,9.8000
1759161041354,14.2658,-1.8800,24.0658
1759161041394,8.8168,-11.5577,18.6168
1759161041434,-8.8168,-14.9704,0.9832
1759161041474,-14.2658,-10.2682,-4.4658
1759161041514,-0.0000,-0.0000,9.8000
1759161041554,14.2658,10.2682,24.0658
1759161041594,8.8168,14.9704,18.6168
1759161041634,-8.8168,11.5577,0.9832
1759161041674,-14.2658,1.8800,-4.4658
1759161041714,-0.0000,-8.8168,9.8000
1759161041754,14.2658,-14.7343,24.0658
1759161041794,8.8168,-12.6649,18.6168
1759161041834,-8.8168,-3.7303,0.9832
1759161041874,-14.2658,7.2263,-4.4658
1759161041914,-0.0000,14.2658,9.8000
1759161041954,14.2658,13.5724,24.0658
1759161041994,8.8168,5.5219,18.6168
1759161042034,-8.8168,-5.5219,0.9832
1759161042074,-14.2658,-13.5724,-4.4658
1759161042114,-0.0000,-14.2658,9.8000
1759161042154,14.2658,-7.2263,24.0658
1759161042194,8.8168,3.7303,18.6168
1759161042234,-8.8168,12.6649,0.9832
1759161042274,-14.2658,14.7343,-4.4658
1759161042314,-0.0000,8.8168,9.8000
1759161042354,14.2658,-1.8800,24.0658
1759161042394,8.8168,-11.5577,18.6168
1759161042434,-8.8168,-14.9704,0.9832
1759161042474,-14.2658,-10.2682,-4.4658
1759161042514,-0.0000,0.0000,9.8000
1759161042554,14.2658,10.2682,24.0658
1759161042594,8.8168,14.9704,18.6168
1759161042634,-8.8168,11.5577,0.9832
1759161042674,-14.2658,1.8800,-4.4658
1759161042714,-0.0000,-8.8168,9.8000
1759161042754,14.2658,-14.7343,24.0658
1759161042794,8.8168,-12.6649,18.6168
1759161042834,-8.8168,-3.7303,0.9832
1759161042874,-14.2658,7.2263,-4.4658
1759161042914,0.0000,14.2658,9.8000
1759161042954,14.2658,13.5724,24.0658
1759161042994,8.8168,5.5219,18.6168
1759161043034,-8.8168,-5.5219,0.9832
1759161043074,-14.2658,-13.5724,-4.4658
1759161043114,-0.0000,-14.2658,9.8000
1759161043154,14.2658,-7.2263,24.0658
1759161043194,8.8168,3.7303,18.6168
1759161043234,-8.8168,12.6649,0.9832
1759161043274,-14.2658,14.7343,-4.4658
1759161043314,-0.0000,8.8168,9.8000
1759161043354,14.2658,-1.8800,24.0658
1759161043394,8.8168,-11.5577,18.6168
1759161043434,-8.8168,-14.9704,0.9832
1759161043474,-14.2658,-10.2682,-4.4658
1759161043514,-0.0000,-0.0000,9.8000
1759161043554,14.2658,10.2682,24.0658
1759161043594,8.8168,14.9704,18.6168
1759161043634,-8.8168,11.5577,0.9832
1759161043674,-14.2658,1.8800,-4.4658
1759161043714,0.0000,-8.8168,9.8000
1759161043754,14.2658,-14.7343,24.0658
1759161043794,8.8168,-12.6649,18.6168
1759161043834,-8.8168,-3.7303,0.9832
1759161043874,-14.2658,7.2263,-4.4658
1759161043914,0.0000,14.2658,9.8000
1759161043954,14.2658,13.5724,24.0658
1759161043994,8.8168,5.5219,18.6168
1759161044034,-8.8168,-5.5219,0.9832
1759161044074,-14.2658,-13.5724,-4.4658
1759161044114,-0.0000,-14.2658,9.8000
1759161044154,14.2658,-7.2263,24.0658
1759161044194,8.8168,3.7303,18.6168
1759161044234,-8.8168,12.6649,0.9832
1759161044274,-14.2658,14.7343,-4.4658
1759161044314,-0.0000,8.8168,9.8000
1759161044354,14.2658,-1.8800,24.0658
1759161044394,8.8168,-11.5577,18.6168
1759161044434,-8.8168,-14.9704,0.9832
1759161044474,-14.2658,-10.2682,-4.4658
1759161044514,-0.0000,-0.0000,9.8000
1759161044554,14.2658,10.2682,24.0658
1759161044594,8.8168,14.9704,18.6168
1759161044634,-8.8168,11.5577,0.9832
1759161044674,-14.2658,1.8800,-4.4658
1759161044714,0.0000,-8.8168,9.8000
1759161044754,14.2658,-14.7343,24.0658
1759161044794,8.8168,-12.6649,18.6168
1759161044834,-8.8168,-3.7303,0.9832
1759161044874,-14.2658,7.2263,-4.4658
1759161044914,-0.0000,14.2658,9.8000
1759161044954,14.2658,13.5724,24.0658
1759161044994,8.8168,5.5219,18.6168
1759161045034,-8.8168,-5.5219,0.9832
1759161045074,-14.2658,-13.5724,-4.4658
1759161045114,-0.0000,-14.2658,9.8000
1759161045154,14.2658,-7.2263,24.0658
1759161045194,8.8168,3.7303,18.6168
1759161045234,-8.8168,12.6649,0.9832
1759161045274,-14.2658,14.7343,-4.4658
1759161045314,-0.0000,8.8168,9.8000
1759161045354,14.2658,-1.8800,24.0658
1759161045394,8.8168,-11.5577,18.6168
1759161045434,-8.8168,-14.9704,0.9832
1759161045474,-14.2658,-10.2682,-4.4658
1759161045514,0.0000,-0.0000,9.8000
1759161045554,14.2658,10.2682,24.0658
1759161045594,8.8168,14.9704,18.6168
1759161045634,-8.8168,11.5577,0.9832
1759161045674,-14.2658,1.8800,-4.4658
1759161045714,-0.0000,-8.8168,9.8000
1759161045754,14.2658,-14.7343,24.0658
1759161045794,8.8168,-12.6649,18.6168
1759161045834,-8.8168,-3.7303,0.9832
1759161045874,-14.2658,7.2263,-4.4658
1759161045914,0.0000,14.2658,9.8000
1759161045954,14.2658,13.5724,24.0658
1759161045994,8.8168,5.5219,18.6168
1759161046034,-8.8168,-5.5219,0.9832
1759161046074,-14.2658,-13.5724,-4.4658
1759161046114,-0.0000,-14.2658,9.8000
1759161046154,14.2658,-7.2263,24.0658
1759161046194,8.8168,3.7303,18.6168
1759161046234,-8.8168,12.6649,0.9832
1759161046274,-14.2658,14.7343,-4.4658
1759161046314,-0.0000,8.8168,9.8000
1759161046354,14.2658,-1.8800,24.0658
1759161046394,8.8168,-11.5577,18.6168
1759161046434,-8.8168,-14.9704,0.9832
1759161046474,-14.2658,-10.2682,-4.4658
1759161046514,-0.0000,0.0000,9.8000
1759161046554,14.2658,10.2682,24.0658
1759161046594,8.8168,14.9704,18.6168
1759161046634,-8.8168,11.5577,0.9832
1759161046674,-14.2658,1.8800,-4.4658
1759161046714,-0.0000,-8.8168,9.8000
1759161046754,14.2658,-14.7343,24.0658
1759161046794,8.8168,-12.6649,18.6168
1759161046834,-8.8168,-3.7303,0.9832
1759161046874,-14.2658,7.2263,-4.4658
1759161046914,0.0000,14.2658,9.8000
1759161046954,14.2658,13.5724,24.0658
1759161046994,8.8168,5.5219,18.6168
1759161047034,-8.8168,-5.5219,0.9832
1759161047074,-14.2658,-13.5724,-4.4658
1759161047114,-0.0000,-14.2658,9.8000
1759161047154,14.2658,-7.2263,24.0658
1759161047194,8.8168,3.7303,18.6168
1759161047234,-8.8168,12.6649,0.9832
1759161047274,-14.2658,14.7343,-4.4658
1759161047314,-0.0000,8.8168,9.8000
1759161047354,14.2658,-1.8800,24.0658
1759161047394,8.8168,-11.5577,18.6168
1759161047434,-8.8168,-14.9704,0.9832
1759161047474,-14.2658,-10.2682,-4.4658
1759161047514,-0.0000,-0.0000,9.8000
1759161047554,14.2658,10.2682,24.0658
1759161047594,8.8168,14.9704,18.6168
1759161047634,-8.8168,11.5577,0.9832
1759161047674,-14.2658,1.8800,-4.4658
1759161047714,0.0000,-8.8168,9.8000
1759161047754,14.2658,-14.7343,24.0658
1759161047794,8.8168,-12.6649,18.6168
1759161047834,-8.8168,-3.7303,0.9832
1759161047874,-14.2658,7.2263,-4.4658
1759161047914,0.0000,14.2658,9.8000
1759161047954,14.2658,13.5724,24.0658
1759161047994,8.8168,5.5219,18.6168
1759161048034,-8.8168,-5.5219,0.9832
1759161048074,-14.2658,-13.5724,-4.4658
1759161048114,-0.0000,-14.2658,9.8000
1759161048154,14.2658,-7.2263,24.0658
1759161048194,8.8168,3.7303,18.6168
1759161048234,-8.8168,12.6649,0.9832
1759161048274,-14.2658,14.7343,-4.4658
1759161048314,-0.0000,8.8168,9.8000
1759161048354,14.2658,-1.8800,24.0658
1759161048394,8.8168,-11.5577,18.6168
1759161048434,-8.8168,-14.9704,0.9832
1759161048474,-14.2658,-10.2682,-4.4658
1759161048514,-0.0000,-0.0000,9.8000
1759161048554,14.2658,10.2682,24.0658
1759161048594,8.8168,14.9704,18.6168
1759161048634,-8.8168,11.5577,0.9832
1759161048674,-14.2658,1.8800,-4.4658
1759161048714,0.0000,-8.8168,9.8000
1759161048754,14.2658,-14.7343,24.0658
1759161048794,8.8168,-12.6649,18.6168
1759161048834,-8.8168,-3.7303,0.9832
1759161048874,-14.2658,7.2263,-4.4658
1759161048914,-0.0000,14.2658,9.8000
1759161048954,14.2658,13.5724,24.0658
1759161048994,8.8168,5.5219,18.6168
1759161049034,-8.8168,-5.5219,0.9832
1759161049074,-14.2658,-13.5724,-4.4658
1759161049114,-0.0000,-14.2658,9.8000
1759161049154,14.2658,-7.2263,24.0658
1759161049194,8.8168,3.7303,18.6168
1759161049234,-8.8168,12.6649,0.9832
1759161049274,-14.2658,14.7343,-4.4658
1759161049314,-0.0000,8.8168,9.8000
1759161049354,14.2658,-1.8800,24.0658
1759161049394,8.8168,-11.5577,18.6168
1759161049434,-8.8168,-14.9704,0.9832
1759161049474,-14.2658,-10.2682,-4.4658
1759161049514,0.0000,0.0000,9.8000
1759161049554,14.2658,10.2682,24.0658
1759161049594,8.8168,14.9704,18.6168
1759161049634,-8.8168,11.5577,0.9832
1759161049674,-14.2658,1.8800,-4.4658
1759161049714,-0.0000,-8.8168,9.8000
1759161049754,14.2658,-14.7343,24.0658
1759161049794,8.8168,-12.6649,18.6168
1759161049834,-8.8168,-3.7303,0.9832
1759161049874,-14.2658,7.2263,-4.4658
1759161049914,0.0000,14.2658,9.8000
1759161049954,14.2658,13.5724,24.0658
1759161049994,8.8168,5.5219,18.6168
1759161050034,-8.8168,-5.5219,0.9832
1759161050074,-14.2658,-13.5724,-4.4658
1759161050114,-0.0000,-14.2658,9.8000
1759161050154,14.2658,-7.2263,24.0658
1759161050194,8.8168,3.7303,18.6168
1759161050234,-8.8168,12.6649,0.9832
1759161050274,-14.2658,14.7343,-4.4658
1759161050314,0.0000,8.8168,9.8000
1759161050354,14.2658,-1.8800,24.0658
1759161050394,8.8168,-11.5577,18.6168
1759161050434,-8.8168,-14.9704,0.9832
1759161050474,-14.2658,-10.2682,-4.4658
1759161050514,-0.0000,-0.0000,9.8000
1759161050554,14.2658,10.2682,24.0658
1759161050594,8.8168,14.9704,18.6168
1759161050634,-8.8168,11.5577,0.9832
1759161050674,-14.2658,1.8800,-4.4658
1759161050714,-0.0000,-8.8168,9.8000
1759161050754,14.2658,-14.7343,24.0658
1759161050794,8.8168,-12.6649,18.6168
1759161050834,-8.8168,-3.7303,0.9832
1759161050874,-14.2658,7.2263,-4.4658
1759161050914,0.0000,14.2658,9.8000
1759161050954,14.2658,13.5724,24.0658
1759161050994,8.8168,5.5219,18.6168
1759161051034,-8.8168,-5.5219,0.9832
1759161051074,-14.2658,-13.5724,-4.4658
1759161051114,-0.0000,-14.2658,9.8000
1759161051154,14.2658,-7.2263,24.0658
1759161051194,8.8168,3.7303,18.6168
1759161051234,-8.8168,12.6649,0.9832
1759161051274,-14.2658,14.7343,-4.4658
1759161051314,-0.0000,8.8168,9.8000
1759161051354,14.2658,-1.8800,24.0658
1759161051394,8.8168,-11.5577,18.6168
1759161051434,-8.8168,-14.9704,0.9832
1759161051474,-14.2658,-10.2682,-4.4658
1759161051514,-0.0000,-0.0000,9.8000
1759161051554,14.2658,10.2682,24.0658
1759161051594,8.8168,14.9704,18.6168
1759161051634,-8.8168,11.5577,0.9832
1759161051674,-14.2658,1.8800,-4.4658
1759161051714,0.0000,-8.8168,9.8000
1759161051754,14.2658,-14.7343,24.0658
1759161051794,8.8168,-12.6649,18.6168
1759161051834,-8.8168,-3.7303,0.9832
1759161051874,-14.2658,7.2263,-4.4658
1759161051914,0.0000,14.2658,9.8000
1759161051954,14.2658,13.5724,24.0658
1759161051994,8.8168,5.5219,18.6168
1759161052034,-8.8168,-5.5219,0.9832
1759161052074,-14.2658,-13.5724,-4.4658
1759161052114,-0.0000,-14.2658,9.8000
1759161052154,14.2658,-7.2263,24.0658
1759161052194,8.8168,3.7303,18.6168
1759161052234,-8.8168,12.6649,0.9832
1759161052274,-14.2658,14.7343,-4.4658
1759161052314,-0.0000,8.8168,9.8000
1759161052354,14.2658,-1.8800,24.0658
1759161052394,8.8168,-11.5577,18.6168
1759161052434,-8.8168,-14.9704,0.9832
1759161052474,-14.2658,-10.2682,-4.4658
1759161052514,-0.0000,-0.0000,9.8000
1759161052554,14.2658,10.2682,24.0658
1759161052594,8.8168,14.9704,18.6168
1759161052634,-8.8168,11.5577,0.9832
1759161052674,-14.2658,1.8800,-4.4658
1759161052714,0.0000,-8.8168,9.8000
1759161052754,14.2658,-14.7343,24.0658
1759161052794,8.8168,-12.6649,18.6168
1759161052834,-8.8168,-3.7303,0.9832
1759161052874,-14.2658,7.2263,-4.4658
1759161052914,-0.0000,14.2658,9.8000
1759161052954,14.2658,13.5724,24.0658
1759161052994,8.8168,5.5219,18.6168
1759161053034,-8.8168,-5.5219,0.9832
1759161053074,-14.2658,-13.5724,-4.4658
1759161053114,-0.0000,-14.2658,9.8000
1759161053154,14.2658,-7.2263,24.0658
1759161053194,8.8168,3.7303,18.6168
1759161053234,-8.8168,12.6649,0.9832
1759161053274,-14.2658,14.7343,-4.4658
1759161053314,-0.0000,8.8168,9.8000
1759161053354,14.2658,-1.8800,24.0658
1759161053394,8.8168,-11.5577,18.6168
1759161053434,-8.8168,-14.9704,0.9832
1759161053474,-14.2658,-10.2682,-4.4658
1759161053514,0.0000,0.0000,9.8000
1759161053554,14.2658,10.2682,24.0658
1759161053594,8.8168,14.9704,18.6168
1759161053634,-8.8168,11.5577,0.9832
1759161053674,-14.2658,1.8800,-4.4658
1759161053714,-0.0000,-8.8168,9.8000
1759161053754,14.2658,-14.7343,24.0658
1759161053794,8.8168,-12.6649,18.6168
1759161053834,-8.8168,-3.7303,0.9832
1759161053874,-14.2658,7.2263,-4.4658
1759161053914,0.0000,14.2658,9.8000
1759161053954,14.2658,13.5724,24.0658
1759161053994,8.8168,5.5219,18.6168
1759161054034,-8.8168,-5.5219,0.9832
1759161054074,-14.2658,-13.5724,-4.4658
1759161054114,-0.0000,-14.2658,9.8000
1759161054154,14.2658,-7.2263,24.0658
1759161054194,8.8168,3.7303,18.6168
1759161054234,-8.8168,12.6649,0.9832
1759161054274,-14.2658,14.7343,-4.4658
1759161054314,0.0000,8.8168,9.8000
1759161054354,14.2658,-1.8800,24.0658
1759161054394,8.8168,-11.5577,18.6168
1759161054434,-8.8168,-14.9704,0.9832
1759161054474,-14.2658,-10.2682,-4.4658
1759161054514,-0.0000,-0.0000,9.8000
1759161054554,14.2658,10.2682,24.0658
1759161054594,8.8168,14.9704,18.6168
1759161054634,-8.8168,11.5577,0.9832
1759161054674,-14.2658,1.8800,-4.4658
1759161054714,-0.0000,-8.8168,9.8000
1759161054754,14.2658,-14.7343,24.0658
1759161054794,8.8168,-12.6649,18.6168
1759161054834,-8.8168,-3.7303,0.9832
1759161054874,-14.2658,7.2263,-4.4658
1759161054914,0.0000,14.2658,9.8000
1759161054954,14.2658,13.5724,24.0658
1759161054994,8.8168,5.5219,18.6168
1759161055034,-8.8168,-5.5219,0.9832
1759161055074,-14.2658,-13.5724,-4.4658
1759161055114,-0.0000,-14.2658,9.8000
1759161055154,14.2658,-7.2263,24.0658
1759161055194,8.8168,3.7303,18.6168
1759161055234,-8.8168,12.6649,0.9832
1759161055274,-14.2658,14.7343,-4.4658
1759161055314,-0.0000,8.8168,9.8000
1759161055354,14.2658,-1.8800,24.0658
1759161055394,8.8168,-11.5577,18.6168
1759161055434,-8.8168,-14.9704,0.9832
1759161055474,-14.2658,-10.2682,-4.4658
1759161055514,-0.0000,-0.0000,9.8000
1759161055554,14.2658,10.2682,24.0658
1759161055594,8.8168,14.9704,18.6168
1759161055634,-8.8168,11.5577,0.9832
1759161055674,-14.2658,1.8800,-4.4658
1759161055714,0.0000,-8.8168,9.8000
1759161055754,14.2658,-14.7343,24.0658
1759161055794,8.8168,-12.6649,18.6168
1759161055834,-8.8168,-3.7303,0.9832
1759161055874,-14.2658,7.2263,-4.4658
1759161055914,0.0000,14.2658,9.8000
1759161055954,14.2658,13.5724,24.0658
1759161055994,8.8168,5.5219,18.6168
1759161056034,-8.8168,-5.5219,0.9832
1759161056074,-14.2658,-13.5724,-4.4658
1759161056114,-0.0000,-14.2658,9.8000
1759161056154,14.2658,-7.2263,24.0658
1759161056194,8.8168,3.7303,18.6168
1759161056234,-8.8168,12.6649,0.9832
1759161056274,-14.2658,14.7343,-4.4658
1759161056314,-0.0000,8.8168,9.8000
1759161056354,14.2658,-1.8800,24.0658
1759161056394,8.8168,-11.5577,18.6168
1759161056434,-8.8168,-14.9704,0.9832
1759161056474,-14.2658,-10.2682,-4.4658
1759161056514,0.0000,-0.0000,9.8000
1759161056554,14.2658,10.2682,24.0658
1759161056594,8.8168,14.9704,18.6168
1759161056634,-8.8168,11.5577,0.9832
1759161056674,-14.2658,1.8800,-4.4658
1759161056714,-0.0000,-8.8168,9.8000
1759161056754,14.2658,-14.7343,24.0658
1759161056794,8.8168,-12.6649,18.6168
1759161056834,-8.8168,-3.7303,0.9832
1759161056874,-14.2658,7.2263,-4.4658
1759161056914,-0.0000,14.2658,9.8000
1759161056954,14.2658,13.5724,24.0658
1759161056994,8.8168,5.5219,18.6168
1759161057034,-8.8168,-5.5219,0.9832
1759161057074,-14.2658,-13.5724,-4.4658
1759161057114,-0.0000,-14.2658,9.8000
1759161057154,14.2658,-7.2263,24.0658
1759161057194,8.8168,3.7303,18.6168
1759161057234,-8.8168,12.6649,0.9832
1759161057274,-14.2658,14.7343,-4.4658
1759161057314,-0.0000,8.8168,9.8000
1759161057354,14.2658,-1.8800,24.0658
1759161057394,8.8168,-11.5577,18.6168
1759161057434,-8.8168,-14.9704,0.9832
1759161057474,-14.2658,-10.2682,-4.4658
1759161057514,-0.0000,-0.0000,9.8000
1759161057554,14.2658,10.2682,24.0658
1759161057594,8.8168,14.9704,18.6168
1759161057634,-8.8168,11.5577,0.9832
1759161057674,-14.2658,1.8800,-4.4658
1759161057714,-0.0000,-8.8168,9.8000
1759161057754,14.2658,-14.7343,24.0658
1759161057794,8.8168,-12.6649,18.6168
1759161057834,-8.8168,-3.7303,0.9832
1759161057874,-14.2658,7.2263,-4.4658
1759161057914,0.0000,14.2658,9.8000
1759161057954,14.2658,13.5724,24.0658
1759161057994,8.8168,5.5219,18.6168
1759161058034,-8.8168,-5.5219,0.9832
1759161058074,-14.2658,-13.5724,-4.4658
1759161058114,-0.0000,-14.2658,9.8000
1759161058154,14.2658,-7.2263,24.0658
1759161058194,8.8168,3.7303,18.6168
1759161058234,-8.8168,12.6649,0.9832
1759161058274,-14.2658,14.7343,-4.4658
1759161058314,-0.0000,8.8168,9.8000
1759161058354,14.2658,-1.8800,24.0658
1759161058394,8.8168,-11.5577,18.6168
1759161058434,-8.8168,-14.9704,0.9832
1759161058474,-14.2658,-10.2682,-4.4658
1759161058514,-0.0000,-0.0000,9.8000
1759161058554,14.2658,10.2682,24.0658
1759161058594,8.8168,14.9704,18.6168
1759161058634,-8.8168,11.5577,0.9832
1759161058674,-14.2658,1.8800,-4.4658
1759161058714,0.0000,-8.8168,9.8000
1759161058754,14.2658,-14.7343,24.0658
1759161058794,8.8168,-12.6649,18.6168
1759161058834,-8.8168,-3.7303,0.9832
1759161058874,-14.2658,7.2263,-4.4658
1759161058914,0.0000,14.2658,9.8000
1759161058954,14.2658,13.5724,24.0658
1759161058994,8.8168,5.5219,18.6168
1759161059034,-8.8168,-5.5219,0.9832
1759161059074,-14.2658,-13.5724,-4.4658
1759161059114,-0.0000,-14.2658,9.8000
1759161059154,14.2658,-7.2263,24.0658
1759161059194,8.8168,3.7303,18.6168
1759161059234,-8.8168,12.6649,0.9832
1759161059274,-14.2658,14.7343,-4.4658
1759161059314,-0.0000,8.8168,9.8000
1759161059354,14.2658,-1.8800,24.0658
1759161059394,8.8168,-11.5577,18.6168
1759161059434,-8.8168,-14.9704,0.9832
1759161059474,-14.2658,-10.2682,-4.4658
1759161059514,-0.0000,-0.0000,9.8000
1759161059554,14.2658,10.2682,24.0658
1759161059594,8.8168,14.9704,18.6168
1759161059634,-8.8168,11.5577,0.9832
1759161059674,-14.2658,1.8800,-4.4658
1759161059714,0.0000,-8.8168,9.8000
1759161059754,14.2658,-14.7343,24.0658
1759161059794,8.8168,-12.6649,18.6168
1759161059834,-8.8168,-3.7303,0.9832
1759161059874,-14.2658,7.2263,-4.4658
1759161059914,-0.0000,14.2658,9.8000
1759161059954,14.2658,13.5724,24.0658
1759161059994,8.8168,5.5219,18.6168
1759161060034,-8.8168,-5.5219,0.9832
1759161060074,-14.2658,-13.5724,-4.4658
1759161060114,-0.0000,-14.2658,9.8000
1759161060154,14.2658,-7.2263,24.0658
1759161060194,8.8168,3.7303,18.6168
1759161060234,-8.8168,12.6649,0.9832
1759161060274,-14.2658,14.7343,-4.4658
1759161060314,-0.0000,8.8168,9.8000
1759161060354,14.2658,-1.8800,24.0658
1759161060394,8.8168,-11.5577,18.6168
1759161060434,-8.8168,-14.9704,0.9832
1759161060474,-14.2658,-10.2682,-4.4658
1759161060514,0.0000,0.0000,9.8000
1759161060554,14.2658,10.2682,24.0658
1759161060594,8.8168,14.9704,18.6168
1759161060634,-8.8168,11.5577,0.9832
1759161060674,-14.2658,1.8800,-4.4658
1759161060714,-0.0000,-8.8168,9.8000
1759161060754,14.2658,-14.7343,24.0658
1759161060794,8.8168,-12.6649,18.6168
1759161060834,-8.8168,-3.7303,0.9832
1759161060874,-14.2658,7.2263,-4.4658
1759161060914,-0.0000,14.2658,9.8000
1759161060954,14.2658,13.5724,24.0658
1759161060994,8.8168,5.5219,18.6168
1759161061034,-8.8168,-5.5219,0.9832
1759161061074,-14.2658,-13.5724,-4.4658
1759161061114,-0.0000,-14.2658,9.8000
1759161061154,14.2658,-7.2263,24.0658
1759161061194,8.8168,3.7303,18.6168
1759161061234,-8.8168,12.6649,0.9832
1759161061274,-14.2658,14.7343,-4.4658
1759161061314,-0.0000,8.8168,9.8000
1759161061354,14.2658,-1.8800,24.0658
1759161061394,8.8168,-11.5577,18.6168
1759161061434,-8.8168,-14.9704,0.9832
1759161061474,-14.2658,-10.2682,-4.4658
1759161061514,-0.0000,-0.0000,9.8000
1759161061554,14.2658,10.2682,24.0658
1759161061594,8.8168,14.9704,18.6168
1759161061634,-8.8168,11.5577,0.9832
1759161061674,-14.2658,1.8800,-4.4658
1759161061714,-0.0000,-8.8168,9.8000
1759161061754,14.2658,-14.7343,24.0658
1759161061794,8.8168,-12.6649,18.6168
1759161061834,-8.8168,-3.7303,0.9832
1759161061874,-14.2658,7.2263,-4.4658
1759161061914,0.0000,14.2658,9.8000
1759161061954,14.2658,13.5724,24.0658
1759161061994,8.8168,5.5219,18.6168
1759161062034,-8.8168,-5.5219,0.9832
1759161062074,-14.2658,-13.5724,-4.4658
1759161062114,-0.0000,-14.2658,9.8000
1759161062154,14.2658,-7.2263,24.0658
1759161062194,8.8168,3.7303,18.6168
1759161062234,-8.8168,12.6649,0.9832
1759161062274,-14.2658,14.7343,-4.4658
1759161062314,-0.0000,8.8168,9.8000
1759161062354,14.2658,-1.8800,24.0658
1759161062394,8.8168,-11.5577,18.6168
1759161062434,-8.8168,-14.9704,0.9832
1759161062474,-14.2658,-10.2682,-4.4658
1759161062514,-0.0000,-0.0000,9.8000
1759161062554,14.2658,10.2682,24.0658
1759161062594,8.8168,14.9704,18.6168
1759161062634,-8.8168,11.5577,0.9832
1759161062674,-14.2658,1.8800,-4.4658
1759161062714,0.0000,-8.8168,9.8000
1759161062754,14.2658,-14.7343,24.0658
1759161062794,8.8168,-12.6649,18.6168
1759161062834,-8.8168,-3.7303,0.9832
1759161062874,-14.2658,7.2263,-4.4658
1759161062914,0.0000,14.2658,9.8000
1759161062954,14.2658,13.5724,24.0658
1759161062994,8.8168,5.5219,18.6168
1759161063034,-8.8168,-5.5219,0.9832
1759161063074,-14.2658,-13.5724,-4.4658
1759161063114,-0.0000,-14.2658,9.8000
1759161063154,14.2658,-7.2263,24.0658
1759161063194,8.8168,3.7303,18.6168
1759161063234,-8.8168,12.6649,0.9832
1759161063274,-14.2658,14.7343,-4.4658
1759161063314,-0.0000,8.8168,9.8000
1759161063354,14.2658,-1.8800,24.0658
1759161063394,8.8168,-11.5577,18.6168
1759161063434,-8.8168,-14.9704,0.9832
1759161063474,-14.2658,-10.2682,-4.4658
1759161063514,-0.0000,-0.0000,9.8000
1759161063554,14.2658,10.2682,24.0658
1759161063594,8.8168,14.9704,18.6168
1759161063634,-8.8168,11.5577,0.9832
1759161063674,-14.2658,1.8800,-4.4658
1759161063714,0.0000,-8.8168,9.8000
1759161063754,14.2658,-14.7343,24.0658
1759161063794,8.8168,-12.6649,18.6168
1759161063834,-8.8168,-3.7303,0.9832
1759161063874,-14.2658,7.2263,-4.4658
1759161063914,-0.0000,14.2658,9.8000
1759161063954,14.2658,13.5724,24.0658
1759161063994,8.8168,5.5219,18.6168
1759161064034,-8.8168,-5.5219,0.9832
1759161064074,-14.2658,-13.5724,-4.4658
1759161064114,-0.0000,-14.2658,9.8000
1759161064154,14.2658,-7.2263,24.0658
1759161064194,8.8168,3.7303,18.6168
1759161064234,-8.8168,12.6649,0.9832
1759161064274,-14.2658,14.7343,-4.4658
1759161064314,-0.0000,8.8168,9.8000
1759161064354,14.2658,-1.8800,24.0658
1759161064394,8.8168,-11.5577,18.6168
1759161064434,-8.8168,-14.9704,0.9832
1759161064474,-14.2658,-10.2682,-4.4658
1759161064514,0.0000,-0.0000,9.8000
1759161064554,14.2658,10.2682,24.0658
1759161064594,8.8168,14.9704,18.6168
1759161064634,-8.8168,11.5577,0.9832
1759161064674,-14.2658,1.8800,-4.4658
1759161064714,-0.0000,-8.8168,9.8000
1759161064754,14.2658,-14.7343,24.0658
1759161064794,8.8168,-12.6649,18.6168
1759161064834,-8.8168,-3.7303,0.9832
1759161064874,-14.2658,7.2263,-4.4658
1759161064914,0.0000,14.2658,9.8000
1759161064954,14.2658,13.5724,24.0658
1759161064994,8.8168,5.5219,18.6168
1759161065034,-8.8168,-5.5219,0.9832
1759161065074,-14.2658,-13.5724,-4.4658
1759161065114,-0.0000,-14.2658,9.8000
1759161065154,14.2658,-7.2263,24.0658
1759161065194,8.8168,3.7303,18.6168
1759161065234,-8.8168,12.6649,0.9832
1759161065274,-14.2658,14.7343,-4.4658
1759161065314,-0.0000,8.8168,9.8000
1759161065354,14.2658,-1.8800,24.0658
1759161065394,8.8168,-11.5577,18.6168
1759161065434,-8.8168,-14.9704,0.9832
1759161065474,-14.2658,-10.2682,-4.4658
1759161065514,-0.0000,-0.0000,9.8000
1759161065554,14.2658,10.2682,24.0658
1759161065594,8.8168,14.9704,18.6168
1759161065634,-8.8168,11.5577,0.9832
1759161065674,-14.2658,1.8800,-4.4658
1759161065714,-0.0000,-8.8168,9.8000
1759161065754,14.2658,-14.7343,24.0658
1759161065794,8.8168,-12.6649,18.6168
1759161065834,-8.8168,-3.7303,0.9832
1759161065874,-14.2658,7.2263,-4.4658
1759161065914,0.0000,14.2658,9.8000
1759161065954,14.2658,13.5724,24.0658
1759161065994,8.8168,5.5219,18.6168
1759161066034,-8.8168,-5.5219,0.9832
1759161066074,-14.2658,-13.5724,-4.4658
1759161066114,-0.0000,-14.2658,9.8000
1759161066154,14.2658,-7.2263,24.0658
1759161066194,8.8168,3.7303,18.6168
1759161066234,-8.8168,12.6649,0.9832
1759161066274,-14.2658,14.7343,-4.4658
1759161066314,-0.0000,8.8168,9.8000
1759161066354,14.2658,-1.8800,24.0658
1759161066394,8.8168,-11.5577,18.6168
1759161066434,-8.8168,-14.9704,0.9832
1759161066474,-14.2658,-10.2682,-4.4658
1759161066514,-0.0000,-0.0000,9.8000
1759161066554,14.2658,10.2682,24.0658
1759161066594,8.8168,14.9704,18.6168
1759161066634,-8.8168,11.5577,0.9832
1759161066674,-14.2658,1.8800,-4.4658
1759161066714,0.0000,-8.8168,9.8000
1759161066754,14.2658,-14.7343,24.0658
1759161066794,8.8168,-12.6649,18.6168
1759161066834,-8.8168,-3.7303,0.9832
1759161066874,-14.2658,7.2263,-4.4658
1759161066914,0.0000,14.2658,9.8000
1759161066954,14.2658,13.5724,24.0658
1759161066994,8.8168,5.5219,18.6168
1759161067034,-8.8168,-5.5219,0.9832
1759161067074,-14.2658,-13.5724,-4.4658
1759161067114,-0.0000,-14.2658,9.8000
1759161067154,14.2658,-7.2263,24.0658
1759161067194,8.8168,3.7303,18.6168
1759161067234,-8.8168,12.6649,0.9832
1759161067274,-14.2658,14.7343,-4.4658
1759161067314,-0.0000,8.8168,9.8000
1759161067354,14.2658,-1.8800,24.0658
1759161067394,8.8168,-11.5577,18.6168
1759161067434,-8.8168,-14.9704,0.9832
1759161067474,-14.2658,-10.2682,-4.4658
1759161067514,-0.0000,0.0000,9.8000
1759161067554,14.2658,10.2682,24.0658
1759161067594,8.8168,14.9704,18.6168
1759161067634,-8.8168,11.5577,0.9832
1759161067674,-14.2658,1.8800,-4.4658
1759161067714,0.0000,-8.8168,9.8000
1759161067754,14.2658,-14.7343,24.0658
1759161067794,8.8168,-12.6649,18.6168
1759161067834,-8.8168,-3.7303,0.9832
1759161067874,-14.2658,7.2263,-4.4658
1759161067914,-0.0000,14.2658,9.8000
1759161067954,14.2658,13.5724,24.0658
1759161067994,8.8168,5.5219,18.6168
1759161068034,-8.8168,-5.5219,0.9832
1759161068074,-14.2658,-13.5724,-4.4658
1759161068114,-0.0000,-14.2658,9.8000
1759161068154,14.2658,-7.2263,24.0658
1759161068194,8.8168,3.7303,18.6168
1759161068234,-8.8168,12.6649,0.9832
1759161068274,-14.2658,14.7343,-4.4658
1759161068314,-0.0000,8.8168,9.8000
1759161068354,14.2658,-1.8800,24.0658
1759161068394,8.8168,-11.5577,18.6168
1759161068434,-8.8168,-14.9704,0.9832
1759161068474,-14.2658,-10.2682,-4.4658
1759161068514,0.0000,-0.0000,9.8000
1759161068554,14.2658,10.2682,24.0658
1759161068594,8.8168,14.9704,18.6168
1759161068634,-8.8168,11.5577,0.9832
1759161068674,-14.2658,1.8800,-4.4658
1759161068714,-0.0000,-8.8168,9.8000
1759161068754,14.2658,-14.7343,24.0658
1759161068794,8.8168,-12.6649,18.6168
1759161068834,-8.8168,-3.7303,0.9832
1759161068874,-14.2658,7.2263,-4.4658
1759161068914,0.0000,14.2658,9.8000
1759161068954,14.2658,13.5724,24.0658
1759161068994,8.8168,5.5219,18.6168
1759161069034,-8.8168,-5.5219,0.9832
1759161069074,-14.2658,-13.5724,-4.4658
1759161069114,-0.0000,-14.2658,9.8000
1759161069154,14.2658,-7.2263,24.0658
1759161069194,8.8168,3.7303,18.6168
1759161069234,-8.8168,12.6649,0.9832
1759161069274,-14.2658,14.7343,-4.4658
1759161069314,0.0000,8.8168,9.8000
1759161069354,14.2658,-1.8800,24.0658
1759161069394,8.8168,-11.5577,18.6168
1759161069434,-8.8168,-14.9704,0.9832
1759161069474,-14.2658,-10.2682,-4.4658
1759161069514,-0.0000,-0.0000,9.8000
1759161069554,14.2658,10.2682,24.0658
1759161069594,8.8168,14.9704,18.6168
1759161069634,-8.8168,11.5577,0.9832
1759161069674,-14.2658,1.8800,-4.4658
1759161069714,-0.0000,-8.8168,9.8000
1759161069754,14.2658,-14.7343,24.0658
1759161069794,8.8168,-12.6649,18.6168
1759161069834,-8.8168,-3.7303,0.9832
1759161069874,-14.2658,7.2263,-4.4658
1759161069914,0.0000,14.2658,9.8000
1759161069954,14.2658,13.5724,24.0658
1759161069994,8.8168,5.5219,18.6168
1759161070034,-8.8168,-5.5219,0.9832
1759161070074,-14.2658,-13.5724,-4.4658
1759161070114,-0.0000,-14.2658,9.8000
1759161070154,14.2658,-7.2263,24.0658
1759161070194,8.8168,3.7303,18.6168
1759161070234,-8.8168,12.6649,0.9832
1759161070274,-14.2658,14.7343,-4.4658
1759161070314,-0.0000,8.8168,9.8000
1759161070354,14.2658,-1.8800,24.0658
1759161070394,8.8168,-11.5577,18.6168
1759161070434,-8.8168,-14.9704,0.9832
1759161070474,-14.2658,-10.2682,-4.4658
1759161070514,-0.0000,-0.0000,9.8000
1759161070554,14.2658,10.2682,24.0658
1759161070594,8.8168,14.9704,18.6168
1759161070634,-8.8168,11.5577,0.9832
1759161070674,-14.2658,1.8800,-4.4658
1759161070714,0.0000,-8.8168,9.8000
1759161070754,14.2658,-14.7343,24.0658
1759161070794,8.8168,-12.6649,18.6168
1759161070834,-8.8168,-3.7303,0.9832
1759161070874,-14.2658,7.2263,-4.4658
1759161070914,0.0000,14.2658,9.8000
1759161070954,14.2658,13.5724,24.0658
1759161070994,8.8168,5.5219,18.6168
1759161071034,-8.8168,-5.5219,0.9832
1759161071074,-14.2658,-13.5724,-4.4658
1759161071114,-0.0000,-14.2658,9.8000
1759161071154,14.2658,-7.2263,24.0658
1759161071194,8.8168,3.7303,18.6168
1759161071234,-8.8168,12.6649,0.9832
1759161071274,-14.2658,14.7343,-4.4658
1759161071314,-0.0000,8.8168,9.8000
1759161071354,14.2658,-1.8800,24.0658
1759161071394,8.8168,-11.5577,18.6168
1759161071434,-8.8168,-14.9704,0.9832
1759161071474,-14.2658,-10.2682,-4.4658
1759161071514,-0.0000,-0.0000,9.8000
1759161071554,14.2658,10.2682,24.0658
1759161071594,8.8168,14.9704,18.6168
1759161071634,-8.8168,11.5577,0.9832
1759161071674,-14.2658,1.8800,-4.4658
1759161071714,0.0000,-8.8168,9.8000
1759161071754,14.2658,-14.7343,24.0658
1759161071794,8.8168,-12.6649,18.6168
1759161071834,-8.8168,-3.7303,0.9832
1759161071874,-14.2658,7.2263,-4.4658
1759161071914,-0.0000,14.2658,9.8000
1759161071954,14.2658,13.5724,24.0658
1759161071994,8.8168,5.5219,18.6168
1759161072034,-8.8168,-5.5219,0.9832
1759161072074,-14.2658,-13.5724,-4.4658
1759161072114,-0.0000,-14.2658,9.8000
1759161072154,14.2658,-7.2263,24.0658
1759161072194,8.8168,3.7303,18.6168
1759161072234,-8.8168,12.6649,0.9832
1759161072274,-14.2658,14.7343,-4.4658
1759161072314,-0.0000,8.8168,9.8000
1759161072354,14.2658,-1.8800,24.0658
1759161072394,8.8168,-11.5577,18.6168
1759161072434,-8.8168,-14.9704,0.9832
1759161072474,-14.2658,-10.2682,-4.4658
1759161072514,-0.0000,-0.0000,9.8000
1759161072554,14.2658,10.2682,24.0658
1759161072594,8.8168,14.9704,18.6168
1759161072634,-8.8168,11.5577,0.9832
1759161072674,-14.2658,1.8800,-4.4658
1759161072714,-0.0000,-8.8168,9.8000
1759161072754,14.2658,-14.7343,24.0658
1759161072794,8.8168,-12.6649,18.6168
1759161072834,-8.8168,-3.7303,0.9832
1759161072874,-14.2658,7.2263,-4.4658
1759161072914,0.0000,14.2658,9.8000
1759161072954,14.2658,13.5724,24.0658
1759161072994,8.8168,5.5219,18.6168
1759161073034,-8.8168,-5.5219,0.9832
1759161073074,-14.2658,-13.5724,-4.4658
1759161073114,-0.0000,-14.2658,9.8000
1759161073154,14.2658,-7.2263,24.0658
1759161073194,8.8168,3.7303,18.6168
1759161073234,-8.8168,12.6649,0.9832
1759161073274,-14.2658,14.7343,-4.4658
1759161073314,-0.0000,8.8168,9.8000
1759161073354,14.2658,-1.8800,24.0658
1759161073394,8.8168,-11.5577,18.6168
1759161073434,-8.8168,-14.9704,0.9832
1759161073474,-14.2658,-10.2682,-4.4658
1759161073514,-0.0000,-0.0000,9.8000
1759161073554,14.2658,10.2682,24.0658
1759161073594,8.8168,14.9704,18.6168
1759161073634,-8.8168,11.5577,0.9832
1759161073674,-14.2658,1.8800,-4.4658
1759161073714,-0.0000,-8.8168,9.8000
1759161073754,14.2658,-14.7343,24.0658
1759161073794,8.8168,-12.6649,18.6168
1759161073834,-8.8168,-3.7303,0.9832
1759161073874,-14.2658,7.2263,-4.4658
1759161073914,0.0000,14.2658,9.8000
1759161073954,14.2658,13.5724,24.0658
1759161073994,8.8168,5.5219,18.6168
1759161074034,-8.8168,-5.5219,0.9832
1759161074074,-14.2658,-13.5724,-4.4658
1759161074114,-0.0000,-14.2658,9.8000
1759161074154,14.2658,-7.2263,24.0658
1759161074194,8.8168,3.7303,18.6168
1759161074234,-8.8168,12.6649,0.9832
1759161074274,-14.2658,14.7343,-4.4658
1759161074314,-0.0000,8.8168,9.8000
1759161074354,14.2658,-1.8800,24.0658
1759161074394,8.8168,-11.5577,18.6168
1759161074434,-8.8168,-14.9704,0.9832
1759161074474,-14.2658,-10.2682,-4.4658
1759161074514,-0.0000,0.0000,9.8000
1759161074554,14.2658,10.2682,24.0658
1759161074594,8.8168,14.9704,18.6168
1759161074634,-8.8168,11.5577,0.9832
1759161074674,-14.2658,1.8800,-4.4658
1759161074714,0.0000,-8.8168,9.8000
1759161074754,14.2658,-14.7343,24.0658
1759161074794,8.8168,-12.6649,18.6168
1759161074834,-8.8168,-3.7303,0.9832
1759161074874,-14.2658,7.2263,-4.4658
1759161074914,-0.0000,14.2658,9.8000
1759161074954,14.2658,13.5724,24.0658
1759161074994,8.8168,5.5219,18.6168
1759161075034,-8.8168,-5.5219,0.9832
1759161075074,-14.2658,-13.5724,-4.4658
1759161075114,-0.0000,-14.2658,9.8000
1759161075154,14.2658,-7.2263,24.0658
1759161075194,8.8168,3.7303,18.6168
1759161075234,-8.8168,12.6649,0.9832
1759161075274,-14.2658,14.7343,-4.4658
1759161075314,-0.0000,8.8168,9.8000
1759161075354,14.2658,-1.8800,24.0658
1759161075394,8.8168,-11.5577,18.6168
1759161075434,-8.8168,-14.9704,0.9832
1759161075474,-14.2658,-10.2682,-4.4658
1759161075514,0.0000,-0.0000,9.8000
1759161075554,14.2658,10.2682,24.0658
1759161075594,8.8168,14.9704,18.6168
1759161075634,-8.8168,11.5577,0.9832
1759161075674,-14.2658,1.8800,-4.4658
1759161075714,-0.0000,-8.8168,9.8000
1759161075754,14.2658,-14.7343,24.0658
1759161075794,8.8168,-12.6649,18.6168
1759161075834,-8.8168,-3.7303,0.9832
1759161075874,-14.2658,7.2263,-4.4658
1759161075914,-0.0000,14.2658,9.8000
1759161075954,14.2658,13.5724,24.0658
1759161075994,8.8168,5.5219,18.6168
1759161076034,-8.8168,-5.5219,0.9832
1759161076074,-14.2658,-13.5724,-4.4658
1759161076114,-0.0000,-14.2658,9.8000
1759161076154,14.2658,-7.2263,24.0658
1759161076194,8.8168,3.7303,18.6168
1759161076234,-8.8168,12.6649,0.9832
1759161076274,-14.2658,14.7343,-4.4658
1759161076314,-0.0000,8.8168,9.8000
1759161076354,14.2658,-1.8800,24.0658
1759161076394,8.8168,-11.5577,18.6168
1759161076434,-8.8168,-14.9704,0.9832
1759161076474,-14.2658,-10.2682,-4.4658
1759161076514,-0.0000,-0.0000,9.8000
1759161076554,14.2658,10.2682,24.0658
1759161076594,8.8168,14.9704,18.6168
1759161076634,-8.8168,11.5577,0.9832
1759161076674,-14.2658,1.8800,-4.4658
1759161076714,-0.0000,-8.8168,9.8000
1759161076754,14.2658,-14.7343,24.0658
1759161076794,8.8168,-12.6649,18.6168
1759161076834,-8.8168,-3.7303,0.9832
1759161076874,-14.2658,7.2263,-4.4658
1759161076914,0.0000,14.2658,9.8000
1759161076954,14.2658,13.5724,24.0658
1759161076994,8.8168,5.5219,18.6168
1759161077034,-8.8168,-5.5219,0.9832
1759161077074,-14.2658,-13.5724,-4.4658
1759161077114,-0.0000,-14.2658,9.8000
1759161077154,14.2658,-7.2263,24.0658
1759161077194,8.8168,3.7303,18.6168
1759161077234,-8.8168,12.6649,0.9832
1759161077274,-14.2658,14.7343,-4.4658
1759161077314,-0.0000,8.8168,9.8000
1759161077354,14.2658,-1.8800,24.0658
1759161077394,8.8168,-11.5577,18.6168
1759161077434,-8.8168,-14.9704,0.9832
1759161077474,-14.2658,-10.2682,-4.4658
1759161077514,-0.0000,-0.0000,9.8000
1759161077554,14.2658,10.2682,24.0658
1759161077594,8.8168,14.9704,18.6168
1759161077634,-8.8168,11.5577,0.9832
1759161077674,-14.2658,1.8800,-4.4658
1759161077714,0.0000,-8.8168,9.8000
1759161077754,14.2658,-14.7343,24.0658
1759161077794,8.8168,-12.6649,18.6168
1759161077834,-8.8168,-3.7303,0.9832
1759161077874,-14.2658,7.2263,-4.4658
1759161077914,0.0000,14.2658,9.8000
1759161077954,14.2658,13.5724,24.0658
1759161077994,8.8168,5.5219,18.6168
1759161078034,-8.8168,-5.5219,0.9832
1759161078074,-14.2658,-13.5724,-4.4658
1759161078114,-0.0000,-14.2658,9.8000
1759161078154,14.2658,-7.2263,24.0658
1759161078194,8.8168,3.7303,18.6168
1759161078234,-8.8168,12.6649,0.9832
1759161078274,-14.2658,14.7343,-4.4658
1759161078314,-0.0000,8.8168,9.8000
1759161078354,14.2658,-1.8800,24.0658
1759161078394,8.8168,-11.5577,18.6168
1759161078434,-8.8168,-14.9704,0.9832
1759161078474,-14.2658,-10.2682,-4.4658
1759161078514,-0.0000,-0.0000,9.8000
1759161078554,14.2658,10.2682,24.0658
1759161078594,8.8168,14.9704,18.6168
1759161078634,-8.8168,11.5577,0.9832
1759161078674,-14.2658,1.8800,-4.4658
1759161078714,0.0000,-8.8168,9.8000
1759161078754,14.2658,-14.7343,24.0658
1759161078794,8.8168,-12.6649,18.6168
1759161078834,-8.8168,-3.7303,0.9832
1759161078874,-14.2658,7.2263,-4.4658
1759161078914,-0.0000,14.2658,9.8000
1759161078954,14.2658,13.5724,24.0658
1759161078994,8.8168,5.5219,18.6168
1759161079034,-8.8168,-5.5219,0.9832
1759161079074,-14.2658,-13.5724,-4.4658
1759161079114,-0.0000,-14.2658,9.8000
1759161079154,14.2658,-7.2263,24.0658
1759161079194,8.8168,3.7303,18.6168
1759161079234,-8.8168,12.6649,0.9832
1759161079274,-14.2658,14.7343,-4.4658
1759161079314,-0.0000,8.8168,9.8000
1759161079354,14.2658,-1.8800,24.0658
1759161079394,8.8168,-11.5577,18.6168
1759161079434,-8.8168,-14.9704,0.9832
1759161079474,-14.2658,-10.2682,-4.4658
1759161079514,0.0000,-0.0000,9.8000
1759161079554,14.2658,10.2682,24.0658
1759161079594,8.8168,14.9704,18.6168
1759161079634,-8.8168,11.5577,0.9832
1759161079674,-14.2658,1.8800,-4.4658
1759161079714,-0.0000,-8.8168,9.8000
1759161079754,14.2658,-14.7343,24.0658
1759161079794,8.8168,-12.6649,18.6168
1759161079834,-8.8168,-3.7303,0.9832
1759161079874,-14.2658,7.2263,-4.4658
1759161079914,-0.0000,14.2658,9.8000
1759161079954,14.2658,13.5724,24.0658
1759161079994,8.8168,5.5219,18.6168
1759161080034,-8.8168,-5.5219,0.9832
1759161080074,-14.2658,-13.5724,-4.4658
1759161080114,-0.0000,-14.2658,9.8000
1759161080154,14.2658,-7.2263,24.0658
1759161080194,8.8168,3.7303,18.6168
1759161080234,-8.8168,12.6649,0.9832
1759161080274,-14.2658,14.7343,-4.4658
1759161080314,-0.0000,8.8168,9.8000
1759161080354,14.2658,-1.8800,24.0658
1759161080394,8.8168,-11.5577,18.6168
1759161080434,-8.8168,-14.9704,0.9832
1759161080474,-14.2658,-10.2682,-4.4658
1759161080514,-0.0000,-0.0000,9.8000
1759161080554,14.2658,10.2682,24.0658
1759161080594,8.8168,14.9704,18.6168
1759161080634,-8.8168,11.5577,0.9832
1759161080674,-14.2658,1.8800,-4.4658
1759161080714,-0.0000,-8.8168,9.8000
1759161080754,14.2658,-14.7343,24.0658
1759161080794,8.8168,-12.6649,18.6168
1759161080834,-8.8168,-3.7303,0.9832
1759161080874,-14.2658,7.2263,-4.4658
1759161080914,0.0000,14.2658,9.8000
1759161080954,14.2658,13.5724,24.0658
1759161080994,8.8168,5.5219,18.6168
1759161081034,-8.8168,-5.5219,0.9832
1759161081074,-14.2658,-13.5724,-4.4658
1759161081114,-0.0000,-14.2658,9.8000
1759161081154,14.2658,-7.2263,24.0658
1759161081194,8.8168,3.7303,18.6168
1759161081234,-8.8168,12.6649,0.9832
1759161081274,-14.2658,14.7343,-4.4658
1759161081314,-0.0000,8.8168,9.8000
1759161081354,14.2658,-1.8800,24.0658
1759161081394,8.8168,-11.5577,18.6168
1759161081434,-8.8168,-14.9704,0.9832
1759161081474,-14.2658,-10.2682,-4.4658
1759161081514,-0.0000,0.0000,9.8000
1759161081554,14.2658,10.2682,24.0658
1759161081594,8.8168,14.9704,18.6168
1759161081634,-8.8168,11.5577,0.9832
1759161081674,-14.2658,1.8800,-4.4658
1759161081714,0.0000,-8.8168,9.8000
1759161081754,14.2658,-14.7343,24.0658
1759161081794,8.8168,-12.6649,18.6168
1759161081834,-8.8168,-3.7303,0.9832
1759161081874,-14.2658,7.2263,-4.4658
1759161081914,0.0000,14.2658,9.8000
1759161081954,14.2658,13.5724,24.0658
1759161081994,8.8168,5.5219,18.6168
1759161082034,-8.8168,-5.5219,0.9832
1759161082074,-14.2658,-13.5724,-4.4658
1759161082114,-0.0000,-14.2658,9.8000
1759161082154,14.2658,-7.2263,24.0658
1759161082194,8.8168,3.7303,18.6168
1759161082234,-8.8168,12.6649,0.9832
1759161082274,-14.2658,14.7343,-4.4658
1759161082314,-0.0000,8.8168,9.8000
1759161082354,14.2658,-1.8800,24.0658
1759161082394,8.8168,-11.5577,18.6168
1759161082434,-8.8168,-14.9704,0.9832
1759161082474,-14.2658,-10.2682,-4.4658
1759161082514,-0.0000,-0.0000,9.8000
1759161082554,14.2658,10.2682,24.0658
1759161082594,8.8168,14.9704,18.6168
1759161082634,-8.8168,11.5577,0.9832
1759161082674,-14.2658,1.8800,-4.4658
1759161082714,0.0000,-8.8168,9.8000
1759161082754,14.2658,-14.7343,24.0658
1759161082794,8.8168,-12.6649,18.6168
1759161082834,-8.8168,-3.7303,0.9832
1759161082874,-14.2658,7.2263,-4.4658
1759161082914,-0.0000,14.2658,9.8000
1759161082954,14.2658,13.5724,24.0658
1759161082994,8.8168,5.5219,18.6168
1759161083034,-8.8168,-5.5219,0.9832
1759161083074,-14.2658,-13.5724,-4.4658
1759161083114,-0.0000,-14.2658,9.8000
1759161083154,14.2658,-7.2263,24.0658
1759161083194,8.8168,3.7303,18.6168
1759161083234,-8.8168,12.6649,0.9832
1759161083274,-14.2658,14.7343,-4.4658
1759161083314,-0.0000,8.8168,9.8000
1759161083354,14.2658,-1.8800,24.0658
1759161083394,8.8168,-11.5577,18.6168
1759161083434,-8.8168,-14.9704,0.9832
1759161083474,-14.2658,-10.2682,-4.4658
1759161083514,0.0000,-0.0000,9.8000
1759161083554,14.2658,10.2682,24.0658
1759161083594,8.8168,14.9704,18.6168
1759161083634,-8.8168,11.5577,0.9832
1759161083674,-14.2658,1.8800,-4.4658
1759161083714,-0.0000,-8.8168,9.8000
1759161083754,14.2658,-14.7343,24.0658
1759161083794,8.8168,-12.6649,18.6168
1759161083834,-8.8168,-3.7303,0.9832
1759161083874,-14.2658,7.2263,-4.4658
1759161083914,0.0000,14.2658,9.8000
1759161083954,14.2658,13.5724,24.0658
1759161083994,8.8168,5.5219,18.6168
1759161084034,-8.8168,-5.5219,0.9832
1759161084074,-14.2658,-13.5724,-4.4658
1759161084114,-0.0000,-14.2658,9.8000
1759161084154,14.2658,-7.2263,24.0658
1759161084194,8.8168,3.7303,18.6168
1759161084234,-8.8168,12.6649,0.9832
1759161084274,-14.2658,14.7343,-4.4658
1759161084314,-0.0000,8.8168,9.8000
1759161084354,14.2658,-1.8800,24.0658
1759161084394,8.8168,-11.5577,18.6168
1759161084434,-8.8168,-14.9704,0.9832
1759161084474,-14.2658,-10.2682,-4.4658
1759161084514,-0.0000,-0.0000,9.8000
1759161084554,14.2658,10.2682,24.0658
1759161084594,8.8168,14.9704,18.6168
1759161084634,-8.8168,11.5577,0.9832
1759161084674,-14.2658,1.8800,-4.4658
1759161084714,-0.0000,-8.8168,9.8000
1759161084754,14.2658,-14.7343,24.0658
1759161084794,8.8168,-12.6649,18.6168
1759161084834,-8.8168,-3.7303,0.9832
1759161084874,-14.2658,7.2263,-4.4658
1759161084914,0.0000,14.2658,9.8000
1759161084954,14.2658,13.5724,24.0658
1759161084994,8.8168,5.5219,18.6168
1759161085034,-8.8168,-5.5219,0.9832
1759161085074,-14.2658,-13.5724,-4.4658
1759161085114,-0.0000,-14.2658,9.8000
1759161085154,14.2658,-7.2263,24.0658
1759161085194,8.8168,3.7303,18.6168
1759161085234,-8.8168,12.6649,0.9832
1759161085274,-14.2658,14.7343,-4.4658
1759161085314,-0.0000,8.8168,9.8000
1759161085354,14.2658,-1.8800,24.0658
1759161085394,8.8168,-11.5577,18.6168
1759161085434,-8.8168,-14.9704,0.9832
1759161085474,-14.2658,-10.2682,-4.4658
1759161085514,-0.0000,-0.0000,9.8000
1759161085554,14.2658,10.2682,24.0658
1759161085594,8.8168,14.9704,18.6168
1759161085634,-8.8168,11.5577,0.9832
1759161085674,-14.2658,1.8800,-4.4658
1759161085714,0.0000,-8.8168,9.8000
1759161085754,14.2658,-14.7343,24.0658
1759161085794,8.8168,-12.6649,18.6168
1759161085834,-8.8168,-3.7303,0.9832
1759161085874,-14.2658,7.2263,-4.4658
1759161085914,0.0000,14.2658,9.8000
1759161085954,14.2658,13.5724,24.0658
1759161085994,8.8168,5.5219,18.6168
1759161086034,-8.8168,-5.5219,0.9832
1759161086074,-14.2658,-13.5724,-4.4658
1759161086114,-0.0000,-14.2658,9.8000
1759161086154,14.2658,-7.2263,24.0658
1759161086194,8.8168,3.7303,18.6168
1759161086234,-8.8168,12.6649,0.9832
1759161086274,-14.2658,14.7343,-4.4658
1759161086314,-0.0000,8.8168,9.8000
1759161086354,14.2658,-1.8800,24.0658
1759161086394,8.8168,-11.5577,18.6168
1759161086434,-8.8168,-14.9704,0.9832
1759161086474,-14.2658,-10.2682,-4.4658
1759161086514,-0.0000,-0.0000,9.8000
1759161086554,14.2658,10.2682,24.0658
1759161086594,8.8168,14.9704,18.6168
1759161086634,-8.8168,11.5577,0.9832
1759161086674,-14.2658,1.8800,-4.4658
1759161086714,0.0000,-8.8168,9.8000
1759161086754,14.2658,-14.7343,24.0658
1759161086794,8.8168,-12.6649,18.6168
1759161086834,-8.8168,-3.7303,0.9832
1759161086874,-14.2658,7.2263,-4.4658
1759161086914,-0.0000,14.2658,9.8000
1759161086954,14.2658,13.5724,24.0658
1759161086994,8.8168,5.5219,18.6168
1759161087034,-8.8168,-5.5219,0.9832
1759161087074,-14.2658,-13.5724,-4.4658
1759161087114,-0.0000,-14.2658,9.8000
1759161087154,14.2658,-7.2263,24.0658
1759161087194,8.8168,3.7303,18.6168
1759161087234,-8.8168,12.6649,0.9832
1759161087274,-14.2658,14.7343,-4.4658
1759161087314,-0.0000,8.8168,9.8000
1759161087354,14.2658,-1.8800,24.0658
1759161087394,8.8168,-11.5577,18.6168
1759161087434,-8.8168,-14.9704,0.9832
1759161087474,-14.2658,-10.2682,-4.4658
1759161087514,0.0000,-0.0000,9.8000
1759161087554,14.2658,10.2682,24.0658
1759161087594,8.8168,14.9704,18.6168
1759161087634,-8.8168,11.5577,0.9832
1759161087674,-14.2658,1.8800,-4.4658
1759161087714,-0.0000,-8.8168,9.8000
1759161087754,14.2658,-14.7343,24.0658
1759161087794,8.8168,-12.6649,18.6168
1759161087834,-8.8168,-3.7303,0.9832
1759161087874,-14.2658,7.2263,-4.4658
1759161087914,0.0000,14.2658,9.8000
1759161087954,14.2658,13.5724,24.0658
1759161087994,8.8168,5.5219,18.6168
1759161088034,-8.8168,-5.5219,0.9832
1759161088074,-14.2658,-13.5724,-4.4658
1759161088114,-0.0000,-14.2658,9.8000
1759161088154,14.2658,-7.2263,24.0658
1759161088194,8.8168,3.7303,18.6168
1759161088234,-8.8168,12.6649,0.9832
1759161088274,-14.2658,14.7343,-4.4658
1759161088314,-0.0000,8.8168,9.8000
1759161088354,14.2658,-1.8800,24.0658
1759161088394,8.8168,-11.5577,18.6168
1759161088434,-8.8168,-14.9704,0.9832
1759161088474,-14.2658,-10.2682,-4.4658
1759161088514,-0.0000,0.0000,9.8000
1759161088554,14.2658,10.2682,24.0658
1759161088594,8.8168,14.9704,18.6168
1759161088634,-8.8168,11.5577,0.9832
1759161088674,-14.2658,1.8800,-4.4658
1759161088714,-0.0000,-8.8168,9.8000
1759161088754,14.2658,-14.7343,24.0658
1759161088794,8.8168,-12.6649,18.6168
1759161088834,-8.8168,-3.7303,0.9832
1759161088874,-14.2658,7.2263,-4.4658
1759161088914,0.0000,14.2658,9.8000
1759161088954,14.2658,13.5724,24.0658
1759161088994,8.8168,5.5219,18.6168
1759161089034,-8.8168,-5.5219,0.9832
1759161089074,-14.2658,-13.5724,-4.4658
1759161089114,-0.0000,-14.2658,9.8000
1759161089154,14.2658,-7.2263,24.0658
1759161089194,8.8168,3.7303,18.6168
1759161089234,-8.8168,12.6649,0.9832
1759161089274,-14.2658,14.7343,-4.4658
1759161089314,-0.0000,8.8168,9.8000
1759161089354,14.2658,-1.8800,24.0658
1759161089394,8.8168,-11.5577,18.6168
1759161089434,-8.8168,-14.9704,0.9832
1759161089474,-14.2658,-10.2682,-4.4658
1759161089514,-0.0000,-0.0000,9.8000
1759161089554,14.2658,10.2682,24.0658
1759161089594,8.8168,14.9704,18.6168
1759161089634,-8.8168,11.5577,0.9832
1759161089674,-14.2658,1.8800,-4.4658
1759161089714,0.0000,-8.8168,9.8000
1759161089754,14.2658,-14.7343,24.0658
1759161089794,8.8168,-12.6649,18.6168
1759161089834,-8.8168,-3.7303,0.9832
1759161089874,-14.2658,7.2263,-4.4658
1759161089914,-0.0000,14.2658,9.8000
1759161089954,14.2658,13.5724,24.0658
1759161089994,8.8168,5.5219,18.6168
1759161090034,-8.8168,-5.5219,0.9832
1759161090074,-14.2658,-13.5724,-4.4658
1759161090114,-0.0000,-14.2658,9.8000
1759161090154,14.2658,-7.2263,24.0658
1759161090194,8.8168,3.7303,18.6168
1759161090234,-8.8168,12.6649,0.9832
1759161090274,-14.2658,14.7343,-4.4658
1759161090314,-0.0000,8.8168,9.8000
1759161090354,14.2658,-1.8800,24.0658
1759161090394,8.8168,-11.5577,18.6168
1759161090434,-8.8168,-14.9704,0.9832
1759161090474,-14.2658,-10.2682,-4.4658
1759161090514,-0.0000,-0.0000,9.8000
1759161090554,14.2658,10.2682,24.0658
1759161090594,8.8168,14.9704,18.6168
1759161090634,-8.8168,11.5577,0.9832
1759161090674,-14.2658,1.8800,-4.4658
1759161090714,-0.0000,-8.8168,9.8000
1759161090754,14.2658,-14.7343,24.0658
1759161090794,8.8168,-12.6649,18.6168
1759161090834,-8.8168,-3.7303,0.9832
1759161090874,-14.2658,7.2263,-4.4658
1759161090914,-0.0000,14.2658,9.8000
1759161090954,14.2658,13.5724,24.0658
1759161090994,8.8168,5.5219,18.6168
1759161091034,-8.8168,-5.5219,0.9832
1759161091074,-14.2658,-13.5724,-4.4658
1759161091114,-0.0000,-14.2658,9.8000
1759161091154,14.2658,-7.2263,24.0658
1759161091194,8.8168,3.7303,18.6168
1759161091234,-8.8168,12.6649,0.9832
1759161091274,-14.2658,14.7343,-4.4658
1759161091314,-0.0000,8.8168,9.8000
1759161091354,14.2658,-1.8800,24.0658
1759161091394,8.8168,-11.5577,18.6168
1759161091434,-8.8168,-14.9704,0.9832
1759161091474,-14.2658,-10.2682,-4.4658
1759161091514,-0.0000,0.0000,9.8000
1759161091554,14.2658,10.2682,24.0658
1759161091594,8.8168,14.9704,18.6168
1759161091634,-8.8168,11.5577,0.9832
1759161091674,-14.2658,1.8800,-4.4658
1759161091714,-0.0000,-8.8168,9.8000
1759161091754,14.2658,-14.7343,24.0658
1759161091794,8.8168,-12.6649,18.6168
1759161091834,-8.8168,-3.7303,0.9832
1759161091874,-14.2658,7.2263,-4.4658
1759161091914,0.0000,14.2658,9.8000
1759161091954,14.2658,13.5724,24.0658
1759161091994,8.8168,5.5219,18.6168
1759161092034,-8.8168,-5.5219,0.9832
1759161092074,-14.2658,-13.5724,-4.4658
1759161092114,-0.0000,-14.2658,9.8000
1759161092154,14.2658,-7.2263,24.0658
1759161092194,8.8168,3.7303,18.6168
1759161092234,-8.8168,12.6649,0.9832
1759161092274,-14.2658,14.7343,-4.4658
1759161092314,-0.0000,8.8168,9.8000
1759161092354,14.2658,-1.8800,24.0658
1759161092394,8.8168,-11.5577,18.6168
1759161092434,-8.8168,-14.9704,0.9832
1759161092474,-14.2658,-10.2682,-4.4658
1759161092514,-0.0000,-0.0000,9.8000
1759161092554,14.2658,10.2682,24.0658
1759161092594,8.8168,14.9704,18.6168
1759161092634,-8.8168,11.5577,0.9832
1759161092674,-14.2658,1.8800,-4.4658
1759161092714,-0.0000,-8.8168,9.8000
1759161092754,14.2658,-14.7343,24.0658
1759161092794,8.8168,-12.6649,18.6168
1759161092834,-8.8168,-3.7303,0.9832
1759161092874,-14.2658,7.2263,-4.4658
1759161092914,0.0000,14.2658,9.8000
1759161092954,14.2658,13.5724,24.0658
1759161092994,8.8168,5.5219,18.6168
1759161093034,-8.8168,-5.5219,0.9832
1759161093074,-14.2658,-13.5724,-4.4658
1759161093114,-0.0000,-14.2658,9.8000
1759161093154,14.2658,-7.2263,24.0658
1759161093194,8.8168,3.7303,18.6168
1759161093234,-8.8168,12.6649,0.9832
1759161093274,-14.2658,14.7343,-4.4658
1759161093314,-0.0000,8.8168,9.8000
1759161093354,14.2658,-1.8800,24.0658
1759161093394,8.8168,-11.5577,18.6168
1759161093434,-8.8168,-14.9704,0.9832
1759161093474,-14.2658,-10.2682,-4.4658
1759161093514,-0.0000,-0.0000,9.8000
1759161093554,14.2658,10.2682,24.0658
1759161093594,8.8168,14.9704,18.6168
1759161093634,-8.8168,11.5577,0.9832
1759161093674,-14.2658,1.8800,-4.4658
1759161093714,0.0000,-8.8168,9.8000
1759161093754,14.2658,-14.7343,24.0658
1759161093794,8.8168,-12.6649,18.6168
1759161093834,-8.8168,-3.7303,0.9832
1759161093874,-14.2658,7.2263,-4.4658
1759161093914,-0.0000,14.2658,9.8000
1759161093954,14.2658,13.5724,24.0658
1759161093994,8.8168,5.5219,18.6168
1759161094034,-8.8168,-5.5219,0.9832
1759161094074,-14.2658,-13.5724,-4.4658
1759161094114,-0.0000,-14.2658,9.8000
1759161094154,14.2658,-7.2263,24.0658
1759161094194,8.8168,3.7303,18.6168
1759161094234,-8.8168,12.6649,0.9832
1759161094274,-14.2658,14.7343,-4.4658
1759161094314,-0.0000,8.8168,9.8000
1759161094354,14.2658,-1.8800,24.0658
1759161094394,8.8168,-11.5577,18.6168
1759161094434,-8.8168,-14.9704,0.9832
1759161094474,-14.2658,-10.2682,-4.4658
1759161094514,0.0000,0.0000,9.8000
1759161094554,14.2658,10.2682,24.0658
1759161094594,8.8168,14.9704,18.6168
1759161094634,-8.8168,11.5577,0.9832
1759161094674,-14.2658,1.8800,-4.4658
1759161094714,-0.0000,-8.8168,9.8000
1759161094754,14.2658,-14.7343,24.0658
1759161094794,8.8168,-12.6649,18.6168
1759161094834,-8.8168,-3.7303,0.9832
1759161094874,-14.2658,7.2263,-4.4658
1759161094914,-0.0000,14.2658,9.8000
1759161094954,14.2658,13.5724,24.0658
1759161094994,8.8168,5.5219,18.6168
1759161095034,-8.8168,-5.5219,0.9832
1759161095074,-14.2658,-13.5724,-4.4658
1759161095114,-0.0000,-14.2658,9.8000
1759161095154,14.2658,-7.2263,24.0658
1759161095194,8.8168,3.7303,18.6168
1759161095234,-8.8168,12.6649,0.9832
1759161095274,-14.2658,14.7343,-4.4658
1759161095314,-0.0000,8.8168,9.8000
1759161095354,14.2658,-1.8800,24.0658
1759161095394,8.8168,-11.5577,18.6168
1759161095434,-8.8168,-14.9704,0.9832
1759161095474,-14.2658,-10.2682,-4.4658
1759161095514,-0.0000,-0.0000,9.8000
1759161095554,14.2658,10.2682,24.0658
1759161095594,8.8168,14.9704,18.6168
1759161095634,-8.8168,11.5577,0.9832
1759161095674,-14.2658,1.8800,-4.4658
1759161095714,-0.0000,-8.8168,9.8000
1759161095754,14.2658,-14.7343,24.0658
1759161095794,8.8168,-12.6649,18.6168
1759161095834,-8.8168,-3.7303,0.9832
1759161095874,-14.2658,7.2263,-4.4658
1759161095914,0.0000,14.2658,9.8000
1759161095954,14.2658,13.5724,24.0658
1759161095994,8.8168,5.5219,18.6168
1759161096034,-8.8168,-5.5219,0.9832
1759161096074,-14.2658,-13.5724,-4.4658
1759161096114,-0.0000,-14.2658,9.8000
1759161096154,14.2658,-7.2263,24.0658
1759161096194,8.8168,3.7303,18.6168
1759161096234,-8.8168,12.6649,0.9832
1759161096274,-14.2658,14.7343,-4.4658
1759161096314,-0.0000,8.8168,9.8000
1759161096354,14.2658,-1.8800,24.0658
1759161096394,8.8168,-11.5577,18.6168
1759161096434,-8.8168,-14.9704,0.9832
1759161096474,-14.2658,-10.2682,-4.4658
1759161096514,-0.0000,-0.0000,9.8000
1759161096554,14.2658,10.2682,24.0658
1759161096594,8.8168,14.9704,18.6168
1759161096634,-8.8168,11.5577,0.9832
1759161096674,-14.2658,1.8800,-4.4658
1759161096714,0.0000,-8.8168,9.8000
1759161096754,14.2658,-14.7343,24.0658
1759161096794,8.8168,-12.6649,18.6168
1759161096834,-8.8168,-3.7303,0.9832
1759161096874,-14.2658,7.2263,-4.4658
1759161096914,0.0000,14.2658,9.8000
1759161096954,14.2658,13.5724,24.0658
1759161096994,8.8168,5.5219,18.6168
1759161097034,-8.8168,-5.5219,0.9832
1759161097074,-14.2658,-13.5724,-4.4658
1759161097114,-0.0000,-14.2658,9.8000
1759161097154,14.2658,-7.2263,24.0658
1759161097194,8.8168,3.7303,18.6168
1759161097234,-8.8168,12.6649,0.9832
1759161097274,-14.2658,14.7343,-4.4658
1759161097314,-0.0000,8.8168,9.8000
1759161097354,14.2658,-1.8800,24.0658
1759161097394,8.8168,-11.5577,18.6168
1759161097434,-8.8168,-14.9704,0.9832
1759161097474,-14.2658,-10.2682,-4.4658
1759161097514,-0.0000,0.0000,9.8000
1759161097554,14.2658,10.2682,24.0658
1759161097594,8.8168,14.9704,18.6168
1759161097634,-8.8168,11.5577,0.9832
1759161097674,-14.2658,1.8800,-4.4658
1759161097714,0.0000,-8.8168,9.8000
1759161097754,14.2658,-14.7343,24.0658
1759161097794,8.8168,-12.6649,18.6168
1759161097834,-8.8168,-3.7303,0.9832
1759161097874,-14.2658,7.2263,-4.4658
1759161097914,-0.0000,14.2658,9.8000
1759161097954,14.2658,13.5724,24.0658
1759161097994,8.8168,5.5219,18.6168
1759161098034,-8.8168,-5.5219,0.9832
1759161098074,-14.2658,-13.5724,-4.4658
1759161098114,-0.0000,-14.2658,9.8000
1759161098154,14.2658,-7.2263,24.0658
1759161098194,8.8168,3.7303,18.6168
1759161098234,-8.8168,12.6649,0.9832
1759161098274,-14.2658,14.7343,-4.4658
1759161098314,-0.0000,8.8168,9.8000
1759161098354,14.2658,-1.8800,24.0658
1759161098394,8.8168,-11.5577,18.6168
1759161098434,-8.8168,-14.9704,0.9832
1759161098474,-14.2658,-10.2682,-4.4658
1759161098514,0.0000,-0.0000,9.8000
1759161098554,14.2658,10.2682,24.0658
1759161098594,8.8168,14.9704,18.6168
1759161098634,-8.8168,11.5577,0.9832
1759161098674,-14.2658,1.8800,-4.4658
1759161098714,-0.0000,-8.8168,9.8000
1759161098754,14.2658,-14.7343,24.0658
1759161098794,8.8168,-12.6649,18.6168
1759161098834,-8.8168,-3.7303,0.9832
1759161098874,-14.2658,7.2263,-4.4658
1759161098914,-0.0000,14.2658,9.8000
1759161098954,14.2658,13.5724,24.0658
1759161098994,8.8168,5.5219,18.6168
1759161099034,-8.8168,-5.5219,0.9832
1759161099074,-14.2658,-13.5724,-4.4658
1759161099114,-0.0000,-14.2658,9.8000
1759161099154,14.2658,-7.2263,24.0658
1759161099194,8.8168,3.7303,18.6168
1759161099234,-8.8168,12.6649,0.9832
1759161099274,-14.2658,14.7343,-4.4658
1759161099314,-0.0000,8.8168,9.8000
1759161099354,14.2658,-1.8800,24.0658
1759161099394,8.8168,-11.5577,18.6168
1759161099434,-8.8168,-14.9704,0.9832
1759161099474,-14.2658,-10.2682,-4.4658
1759161099514,-0.0000,0.0000,9.8000
1759161099554,14.2658,10.2682,24.0658
1759161099594,8.8168,14.9704,18.6168
1759161099634,-8.8168,11.5577,0.9832
1759161099674,-14.2658,1.8800,-4.4658
1759161099714,-0.0000,-8.8168,9.8000
1759161099754,14.2658,-14.7343,24.0658
1759161099794,8.8168,-12.6649,18.6168
1759161099834,-8.8168,-3.7303,0.9832
1759161099874,-14.2658,7.2263,-4.4658
1759161099914,0.0000,14.2658,9.8000
1759161099954,14.2658,13.5724,24.0658
1759161099994,8.8168,5.5219,18.6168
1759161100034,-8.8168,-5.5219,0.9832
1759161100074,-14.2658,-13.5724,-4.4658
1759161100114,-0.0000,-14.2658,9.8000
1759161100154,14.2658,-7.2263,24.0658
1759161100194,8.8168,3.7303,18.6168
1759161100234,-8.8168,12.6649,0.9832
1759161100274,-14.2658,14.7343,-4.4658
1759161100314,-0.0000,8.8168,9.8000
1759161100354,14.2658,-1.8800,24.0658
1759161100394,8.8168,-11.5577,18.6168
1759161100434,-8.8168,-14.9704,0.9832
1759161100474,-14.2658,-10.2682,-4.4658
1759161100514,-0.0000,-0.0000,9.8000
1759161100554,14.2658,10.2682,24.0658
1759161100594,8.8168,14.9704,18.6168
1759161100634,-8.8168,11.5577,0.9832
1759161100674,-14.2658,1.8800,-4.4658
1759161100714,0.0000,-8.8168,9.8000
1759161100754,14.2658,-14.7343,24.0658
1759161100794,8.8168,-12.6649,18.6168
1759161100834,-8.8168,-3.7303,0.9832
1759161100874,-14.2658,7.2263,-4.4658
1759161100914,0.0000,14.2658,9.8000
1759161100954,14.2658,13.5724,24.0658
1759161100994,8.8168,5.5219,18.6168
1759161101034,-8.8168,-5.5219,0.9832
1759161101074,-14.2658,-13.5724,-4.4658
1759161101114,-0.0000,-14.2658,9.8000
1759161101154,14.2658,-7.2263,24.0658
1759161101194,8.8168,3.7303,18.6168
1759161101234,-8.8168,12.6649,0.9832
1759161101274,-14.2658,14.7343,-4.4658
1759161101314,-0.0000,8.8168,9.8000
1759161101354,14.2658,-1.8800,24.0658
1759161101394,8.8168,-11.5577,18.6168
1759161101434,-8.8168,-14.9704,0.9832
1759161101474,-14.2658,-10.2682,-4.4658
1759161101514,-0.0000,-0.0000,9.8000
1759161101554,14.2658,10.2682,24.0658
1759161101594,8.8168,14.9704,18.6168
1759161101634,-8.8168,11.5577,0.9832
1759161101674,-14.2658,1.8800,-4.4658
1759161101714,0.0000,-8.8168,9.8000
1759161101754,14.2658,-14.7343,24.0658
1759161101794,8.8168,-12.6649,18.6168
1759161101834,-8.8168,-3.7303,0.9832
1759161101874,-14.2658,7.2263,-4.4658
1759161101914,-0.0000,14.2658,9.8000
1759161101954,14.2658,13.5724,24.0658
1759161101994,8.8168,5.5219,18.6168
1759161102034,-8.8168,-5.5219,0.9832
1759161102074,-14.2658,-13.5724,-4.4658
1759161102114,-0.0000,-14.2658,9.8000
1759161102154,14.2658,-7.2263,24.0658
1759161102194,8.8168,3.7303,18.6168
1759161102234,-8.8168,12.6649,0.9832
1759161102274,-14.2658,14.7343,-4.4658
1759161102314,-0.0000,8.8168,9.8000
1759161102354,14.2658,-1.8800,24.0658
1759161102394,8.8168,-11.5577,18.6168
1759161102434,-8.8168,-14.9704,0.9832
1759161102474,-14.2658,-10.2682,-4.4658
1759161102514,0.0000,0.0000,9.8000
1759161102554,14.2658,10.2682,24.0658
1759161102594,8.8168,14.9704,18.6168
1759161102634,-8.8168,11.5577,0.9832
1759161102674,-14.2658,1.8800,-4.4658
1759161102714,-0.0000,-8.8168,9.8000
1759161102754,14.2658,-14.7343,24.0658
1759161102794,8.8168,-12.6649,18.6168
1759161102834,-8.8168,-3.7303,0.9832
1759161102874,-14.2658,7.2263,-4.4658
1759161102914,0.0000,14.2658,9.8000
1759161102954,14.2658,13.5724,24.0658
1759161102994,8.8168,5.5219,18.6168
1759161103034,-8.8168,-5.5219,0.9832
1759161103074,-14.2658,-13.5724,-4.4658
1759161103114,-0.0000,-14.2658,9.8000
1759161103154,14.2658,-7.2263,24.0658
1759161103194,8.8168,3.7303,18.6168
1759161103234,-8.8168,12.6649,0.9832
1759161103274,-14.2658,14.7343,-4.4658
1759161103314,-0.0000,8.8168,9.8000
1759161103354,14.2658,-1.8800,24.0658
1759161103394,8.8168,-11.5577,18.6168
1759161103434,-8.8168,-14.9704,0.9832
1759161103474,-14.2658,-10.2682,-4.4658
1759161103514,-0.0000,-0.0000,9.8000
1759161103554,14.2658,10.2682,24.0658
1759161103594,8.8168,14.9704,18.6168
1759161103634,-8.8168,11.5577,0.9832
1759161103674,-14.2658,1.8800,-4.4658
1759161103714,-0.0000,-8.8168,9.8000
1759161103754,14.2658,-14.7343,24.0658
1759161103794,8.8168,-12.6649,18.6168
1759161103834,-8.8168,-3.7303,0.9832
1759161103874,-14.2658,7.2263,-4.4658
1759161103914,0.0000,14.2658,9.8000
1759161103954,14.2658,13.5724,24.0658
1759161103994,8.8168,5.5219,18.6168
1759161104034,-8.8168,-5.5219,0.9832
1759161104074,-14.2658,-13.5724,-4.4658
1759161104114,-0.0000,-14.2658,9.8000
1759161104154,14.2658,-7.2263,24.0658
1759161104194,8.8168,3.7303,18.6168
1759161104234,-8.8168,12.6649,0.9832
1759161104274,-14.2658,14.7343,-4.4658
1759161104314,-0.0000,8.8168,9.8000
1759161104354,14.2658,-1.8800,24.0658
1759161104394,8.8168,-11.5577,18.6168
1759161104434,-8.8168,-14.9704,0.9832
1759161104474,-14.2658,-10.2682,-4.4658
1759161104514,-0.0000,-0.0000,9.8000
1759161104554,14.2658,10.2682,24.0658
1759161104594,8.8168,14.9704,18.6168
1759161104634,-8.8168,11.5577,0.9832
1759161104674,-14.2658,1.8800,-4.4658
1759161104714,-0.0000,-8.8168,9.8000
1759161104754,14.2658,-14.7343,24.0658
1759161104794,8.8168,-12.6649,18.6168
1759161104834,-8.8168,-3.7303,0.9832
1759161104874,-14.2658,7.2263,-4.4658
1759161104914,-0.0000,14.2658,9.8000
1759161104954,14.2658,13.5724,24.0658
1759161104994,8.8168,5.5219,18.6168
1759161105034,-8.8168,-5.5219,0.9832
1759161105074,-14.2658,-13.5724,-4.4658
1759161105114,-0.0000,-14.2658,9.8000
1759161105154,14.2658,-7.2263,24.0658
1759161105194,8.8168,3.7303,18.6168
1759161105234,-8.8168,12.6649,0.9832
1759161105274,-14.2658,14.7343,-4.4658
1759161105314,0.0000,8.8168,9.8000
1759161105354,14.2658,-1.8800,24.0658
1759161105394,8.8168,-11.5577,18.6168
1759161105434,-8.8168,-14.9704,0.9832
1759161105474,-14.2658,-10.2682,-4.4658
1759161105514,-0.0000,0.0000,9.8000
1759161105554,14.2658,10.2682,24.0658
1759161105594,8.8168,14.9704,18.6168
1759161105634,-8.8168,11.5577,0.9832
1759161105674,-14.2658,1.8800,-4.4658
1759161105714,-0.0000,-8.8168,9.8000
1759161105754,14.2658,-14.7343,24.0658
1759161105794,8.8168,-12.6649,18.6168
1759161105834,-8.8168,-3.7303,0.9832
1759161105874,-14.2658,7.2263,-4.4658
1759161105914,-0.0000,14.2658,9.8000
1759161105954,14.2658,13.5724,24.0658
1759161105994,8.8168,5.5219,18.6168
1759161106034,-8.8168,-5.5219,0.9832
1759161106074,-14.2658,-13.5724,-4.4658
1759161106114,-0.0000,-14.2658,9.8000
1759161106154,14.2658,-7.2263,24.0658
1759161106194,8.8168,3.7303,18.6168
1759161106234,-8.8168,12.6649,0.9832
1759161106274,-14.2658,14.7343,-4.4658
1759161106314,0.0000,8.8168,9.8000
1759161106354,14.2658,-1.8800,24.0658
1759161106394,8.8168,-11.5577,18.6168
1759161106434,-8.8168,-14.9704,0.9832
1759161106474,-14.2658,-10.2682,-4.4658
1759161106514,-0.0000,-0.0000,9.8000
1759161106554,14.2658,10.2682,24.0658
1759161106594,8.8168,14.9704,18.6168
1759161106634,-8.8168,11.5577,0.9832
1759161106674,-14.2658,1.8800,-4.4658
1759161106714,-0.0000,-8.8168,9.8000
1759161106754,14.2658,-14.7343,24.0658
1759161106794,8.8168,-12.6649,18.6168
1759161106834,-8.8168,-3.7303,0.9832
1759161106874,-14.2658,7.2263,-4.4658
1759161106914,-0.0000,14.2658,9.8000
1759161106954,14.2658,13.5724,24.0658
1759161106994,8.8168,5.5219,18.6168
1759161107034,-8.8168,-5.5219,0.9832
1759161107074,-14.2658,-13.5724,-4.4658
1759161107114,-0.0000,-14.2658,9.8000
1759161107154,14.2658,-7.2263,24.0658
1759161107194,8.8168,3.7303,18.6168
1759161107234,-8.8168,12.6649,0.9832
1759161107274,-14.2658,14.7343,-4.4658
1759161107314,-0.0000,8.8168,9.8000
1759161107354,14.2658,-1.8800,24.0658
1759161107394,8.8168,-11.5577,18.6168
1759161107434,-8.8168,-14.9704,0.9832
1759161107474,-14.2658,-10.2682,-4.4658
1759161107514,-0.0000,-0.0000,9.8000
1759161107554,14.2658,10.2682,24.0658
1759161107594,8.8168,14.9704,18.6168
1759161107634,-8.8168,11.5577,0.9832
1759161107674,-14.2658,1.8800,-4.4658
1759161107714,-0.0000,-8.8168,9.8000
1759161107754,14.2658,-14.7343,24.0658
1759161107794,8.8168,-12.6649,18.6168
1759161107834,-8.8168,-3.7303,0.9832
1759161107874,-14.2658,7.2263,-4.4658
1759161107914,0.0000,14.2658,9.8000
1759161107954,14.2658,13.5724,24.0658
1759161107994,8.8168,5.5219,18.6168
1759161108034,-8.8168,-5.5219,0.9832
1759161108074,-14.2658,-13.5724,-4.4658
1759161108114,-0.0000,-14.2658,9.8000
1759161108154,14.2658,-7.2263,24.0658
1759161108194,8.8168,3.7303,18.6168
1759161108234,-8.8168,12.6649,0.9832
1759161108274,-14.2658,14.7343,-4.4658
1759161108314,0.0000,8.8168,9.8000
1759161108354,14.2658,-1.8800,24.0658
1759161108394,8.8168,-11.5577,18.6168
1759161108434,-8.8168,-14.9704,0.9832
1759161108474,-14.2658,-10.2682,-4.4658
1759161108514,-0.0000,0.0000,9.8000
1759161108554,14.2658,10.2682,24.0658
1759161108594,8.8168,14.9704,18.6168
1759161108634,-8.8168,11.5577,0.9832
1759161108674,-14.2658,1.8800,-4.4658
1759161108714,-0.0000,-8.8168,9.8000
1759161108754,14.2658,-14.7343,24.0658
1759161108794,8.8168,-12.6649,18.6168
1759161108834,-8.8168,-3.7303,0.9832
1759161108874,-14.2658,7.2263,-4.4658
1759161108914,-0.0000,14.2658,9.8000
1759161108954,14.2658,13.5724,24.0658
1759161108994,8.8168,5.5219,18.6168
1759161109034,-8.8168,-5.5219,0.9832
1759161109074,-14.2658,-13.5724,-4.4658
1759161109114,-0.0000,-14.2658,9.8000
1759161109154,14.2658,-7.2263,24.0658
1759161109194,8.8168,3.7303,18.6168
1759161109234,-8.8168,12.6649,0.9832
1759161109274,-14.2658,14.7343,-4.4658
1759161109314,0.0000,8.8168,9.8000
1759161109354,14.2658,-1.8800,24.0658
1759161109394,8.8168,-11.5577,18.6168
1759161109434,-8.8168,-14.9704,0.9832
1759161109474,-14.2658,-10.2682,-4.4658
1759161109514,-0.0000,-0.0000,9.8000
1759161109554,14.2658,10.2682,24.0658
1759161109594,8.8168,14.9704,18.6168
1759161109634,-8.8168,11.5577,0.9832
1759161109674,-14.2658,1.8800,-4.4658
1759161109714,-0.0000,-8.8168,9.8000
1759161109754,14.2658,-14.7343,24.0658
1759161109794,8.8168,-12.6649,18.6168
1759161109834,-8.8168,-3.7303,0.9832
1759161109874,-14.2658,7.2263,-4.4658
1759161109914,0.0000,14.2658,9.8000
1759161109954,14.2658,13.5724,24.0658
1759161109994,8.8168,5.5219,18.6168
1759161110034,-8.8168,-5.5219,0.9832
1759161110074,-14.2658,-13.5724,-4.4658
1759161110114,-0.0000,-14.2658,9.8000
1759161110154,14.2658,-7.2263,24.0658
1759161110194,8.8168,3.7303,18.6168
1759161110234,-8.8168,12.6649,0.9832
1759161110274,-14.2658,14.7343,-4.4658
1759161110314,-0.0000,8.8168,9.8000
1759161110354,14.2658,-1.8800,24.0658
1759161110394,8.8168,-11.5577,18.6168
1759161110434,-8.8168,-14.9704,0.9832
1759161110474,-14.2658,-10.2682,-4.4658
1759161110514,-0.0000,-0.0000,9.8000
1759161110554,14.2658,10.2682,24.0658
1759161110594,8.8168,14.9704,18.6168
1759161110634,-8.8168,11.5577,0.9832
1759161110674,-14.2658,1.8800,-4.4658
1759161110714,-0.0000,-8.8168,9.8000
1759161110754,14.2658,-14.7343,24.0658
1759161110794,8.8168,-12.6649,18.6168
1759161110834,-8.8168,-3.7303,0.9832
1759161110874,-14.2658,7.2263,-4.4658
1759161110914,0.0000,14.2658,9.8000
1759161110954,14.2658,13.5724,24.0658
1759161110994,8.8168,5.5219,18.6168
1759161111034,-8.8168,-5.5219,0.9832
1759161111074,-14.2658,-13.5724,-4.4658
1759161111114,-0.0000,-14.2658,9.8000
1759161111154,14.2658,-7.2263,24.0658
1759161111194,8.8168,3.7303,18.6168
1759161111234,-8.8168,12.6649,0.9832
1759161111274,-14.2658,14.7343,-4.4658
1759161111314,0.0000,8.8168,9.8000
1759161111354,14.2658,-1.8800,24.0658
1759161111394,8.8168,-11.5577,18.6168
1759161111434,-8.8168,-14.9704,0.9832
1759161111474,-14.2658,-10.2682,-4.4658
1759161111514,0.0000,-0.0000,9.8000
1759161111554,14.2658,10.2682,24.0658
1759161111594,8.8168,14.9704,18.6168
1759161111634,-8.8168,11.5577,0.9832
1759161111674,-14.2658,1.8800,-4.4658
1759161111714,-0.0000,-8.8168,9.8000
1759161111754,14.2658,-14.7343,24.0658
1759161111794,8.8168,-12.6649,18.6168
1759161111834,-8.8168,-3.7303,0.9832
1759161111874,-14.2658,7.2263,-4.4658
1759161111914,-0.0000,14.2658,9.8000
1759161111954,14.2658,13.5724,24.0658
1759161111994,8.8168,5.5219,18.6168
1759161112034,-8.8168,-5.5219,0.9832
1759161112074,-14.2658,-13.5724,-4.4658
1759161112114,-0.0000,-14.2658,9.8000
1759161112154,14.2658,-7.2263,24.0658
1759161112194,8.8168,3.7303,18.6168
1759161112234,-8.8168,12.6649,0.9832
1759161112274,-14.2658,14.7343,-4.4658
1759161112314,0.0000,8.8168,9.8000
1759161112354,14.2658,-1.8800,24.0658
1759161112394,8.8168,-11.5577,18.6168
1759161112434,-8.8168,-14.9704,0.9832
1759161112474,-14.2658,-10.2682,-4.4658
1759161112514,-0.0000,-0.0000,9.8000
1759161112554,14.2658,10.2682,24.0658
1759161112594,8.8168,14.9704,18.6168
1759161112634,-8.8168,11.5577,0.9832
1759161112674,-14.2658,1.8800,-4.4658
1759161112714,-0.0000,-8.8168,9.8000
1759161112754,14.2658,-14.7343,24.0658
1759161112794,8.8168,-12.6649,18.6168
1759161112834,-8.8168,-3.7303,0.9832
1759161112874,-14.2658,7.2263,-4.4658
1759161112914,0.0000,14.2658,9.8000
1759161112954,14.2658,13.5724,24.0658
1759161112994,8.8168,5.5219,18.6168
1759161113034,-8.8168,-5.5219,0.9832
1759161113074,-14.2658,-13.5724,-4.4658
1759161113114,0.0000,-14.2658,9.8000
1759161113154,14.2658,-7.2263,24.0658
1759161113194,8.8168,3.7303,18.6168
1759161113234,-8.8168,12.6649,0.9832
1759161113274,-14.2658,14.7343,-4.4658
1759161113314,-0.0000,8.8168,9.8000
1759161113354,14.2658,-1.8800,24.0658
1759161113394,8.8168,-11.5577,18.6168
1759161113434,-8.8168,-14.9704,0.9832
1759161113474,-14.2658,-10.2682,-4.4658
1759161113514,-0.0000,0.0000,9.8000
1759161113554,14.2658,10.2682,24.0658
1759161113594,8.8168,14.9704,18.6168
1759161113634,-8.8168,11.5577,0.9832
1759161113674,-14.2658,1.8800,-4.4658
1759161113714,-0.0000,-8.8168,9.8000
1759161113754,14.2658,-14.7343,24.0658
1759161113794,8.8168,-12.6649,18.6168
1759161113834,-8.8168,-3.7303,0.9832
1759161113874,-14.2658,7.2263,-4.4658
1759161113914,-0.0000,14.2658,9.8000
1759161113954,14.2658,13.5724,24.0658
1759161113994,8.8168,5.5219,18.6168
1759161114034,-8.8168,-5.5219,0.9832
1759161114074,-14.2658,-13.5724,-4.4658
1759161114114,-0.0000,-14.2658,9.8000
1759161114154,14.2658,-7.2263,24.0658
1759161114194,8.8168,3.7303,18.6168
1759161114234,-8.8168,12.6649,0.9832
1759161114274,-14.2658,14.7343,-4.4658
1759161114314,0.0000,8.8168,9.8000
1759161114354,14.2658,-1.8800,24.0658
1759161114394,8.8168,-11.5577,18.6168
1759161114434,-8.8168,-14.9704,0.9832
1759161114474,-14.2658,-10.2682,-4.4658
1759161114514,0.0000,-0.0000,9.8000
1759161114554,14.2658,10.2682,24.0658
1759161114594,8.8168,14.9704,18.6168
1759161114634,-8.8168,11.5577,0.9832
1759161114674,-14.2658,1.8800,-4.4658
1759161114714,-0.0000,-8.8168,9.8000
1759161114754,14.2658,-14.7343,24.0658
1759161114794,8.8168,-12.6649,18.6168
1759161114834,-8.8168,-3.7303,0.9832
1759161114874,-14.2658,7.2263,-4.4658
1759161114914,-0.0000,14.2658,9.8000
1759161114954,14.2658,13.5724,24.0658
1759161114994,8.8168,5.5219,18.6168
1759161115034,-8.8168,-5.5219,0.9832
1759161115074,-14.2658,-13.5724,-4.4658
1759161115114,-0.0000,-14.2658,9.8000
1759161115154,14.2658,-7.2263,24.0658
1759161115194,8.8168,3.7303,18.6168
1759161115234,-8.8168,12.6649,0.9832
1759161115274,-14.2658,14.7343,-4.4658
1759161115314,0.0000,8.8168,9.8000
1759161115354,14.2658,-1.8800,24.0658
1759161115394,8.8168,-11.5577,18.6168
1759161115434,-8.8168,-14.9704,0.9832
1759161115474,-14.2658,-10.2682,-4.4658
1759161115514,-0.0000,-0.0000,9.8000
1759161115554,14.2658,10.2682,24.0658
1759161115594,8.8168,14.9704,18.6168
1759161115634,-8.8168,11.5577,0.9832
1759161115674,-14.2658,1.8800,-4.4658
1759161115714,-0.0000,-8.8168,9.8000
1759161115754,14.2658,-14.7343,24.0658
1759161115794,8.8168,-12.6649,18.6168
1759161115834,-8.8168,-3.7303,0.9832
1759161115874,-14.2658,7.2263,-4.4658
1759161115914,0.0000,14.2658,9.8000
1759161115954,14.2658,13.5724,24.0658
1759161115994,8.8168,5.5219,18.6168
1759161116034,-8.8168,-5.5219,0.9832
1759161116074,-14.2658,-13.5724,-4.4658
1759161116114,-0.0000,-14.2658,9.8000
1759161116154,14.2658,-7.2263,24.0658
1759161116194,8.8168,3.7303,18.6168
1759161116234,-8.8168,12.6649,0.9832
1759161116274,-14.2658,14.7343,-4.4658
1759161116314,0.0000,8.8168,9.8000
1759161116354,14.2658,-1.8800,24.0658
1759161116394,8.8168,-11.5577,18.6168
1759161116434,-8.8168,-14.9704,0.9832
1759161116474,-14.2658,-10.2682,-4.4658
1759161116514,-0.0000,0.0000,9.8000
1759161116554,14.2658,10.2682,24.0658
1759161116594,8.8168,14.9704,18.6168
1759161116634,-8.8168,11.5577,0.9832
1759161116674,-14.2658,1.8800,-4.4658
1759161116714,-0.0000,-8.8168,9.8000
1759161116754,14.2658,-14.7343,24.0658
1759161116794,8.8168,-12.6649,18.6168
1759161116834,-8.8168,-3.7303,0.9832
1759161116874,-14.2658,7.2263,-4.4658
1759161116914,-0.0000,14.2658,9.8000
1759161116954,14.2658,13.5724,24.0658
1759161116994,8.8168,5.5219,18.6168
1759161117034,-8.8168,-5.5219,0.9832
1759161117074,-14.2658,-13.5724,-4.4658
1759161117114,-0.0000,-14.2658,9.8000
1759161117154,14.2658,-7.2263,24.0658
1759161117194,8.8168,3.7303,18.6168
1759161117234,-8.8168,12.6649,0.9832
1759161117274,-14.2658,14.7343,-4.4658
1759161117314,0.0000,8.8168,9.8000
1759161117354,14.2658,-1.8800,24.0658
1759161117394,8.8168,-11.5577,18.6168
1759161117434,-8.8168,-14.9704,0.9832
1759161117474,-14.2658,-10.2682,-4.4658
1759161117514,0.0000,-0.0000,9.8000
1759161117554,14.2658,10.2682,24.0658
1759161117594,8.8168,14.9704,18.6168
1759161117634,-8.8168,11.5577,0.9832
1759161117674,-14.2658,1.8800,-4.4658
1759161117714,-0.0000,-8.8168,9.8000
1759161117754,14.2658,-14.7343,24.0658
1759161117794,8.8168,-12.6649,18.6168
1759161117834,-8.8168,-3.7303,0.9832
1759161117874,-14.2658,7.2263,-4.4658
1759161117914,0.0000,14.2658,9.8000
1759161117954,14.2658,13.5724,24.0658
1759161117994,8.8168,5.5219,18.6168
1759161118034,-8.8168,-5.5219,0.9832
1759161118074,-14.2658,-13.5724,-4.4658
1759161118114,-0.0000,-14.2658,9.8000
1759161118154,14.2658,-7.2263,24.0658
1759161118194,8.8168,3.7303,18.6168
1759161118234,-8.8168,12.6649,0.9832
1759161118274,-14.2658,14.7343,-4.4658
1759161118314,-0.0000,8.8168,9.8000
1759161118354,14.2658,-1.8800,24.0658
1759161118394,8.8168,-11.5577,18.6168
1759161118434,-8.8168,-14.9704,0.9832
1759161118474,-14.2658,-10.2682,-4.4658
1759161118514,-0.0000,-0.0000,9.8000
1759161118554,14.2658,10.2682,24.0658
1759161118594,8.8168,14.9704,18.6168
1759161118634,-8.8168,11.5577,0.9832
1759161118674,-14.2658,1.8800,-4.4658
1759161118714,-0.0000,-8.8168,9.8000
1759161118754,14.2658,-14.7343,24.0658
1759161118794,8.8168,-12.6649,18.6168
1759161118834,-8.8168,-3.7303,0.9832
1759161118874,-14.2658,7.2263,-4.4658
1759161118914,0.0000,14.2658,9.8000
1759161118954,14.2658,13.5724,24.0658
1759161118994,8.8168,5.5219,18.6168
1759161119034,-8.8168,-5.5219,0.9832
1759161119074,-14.2658,-13.5724,-4.4658
1759161119114,-0.0000,-14.2658,9.8000
1759161119154,14.2658,-7.2263,24.0658
1759161119194,8.8168,3.7303,18.6168
1759161119234,-8.8168,12.6649,0.9832
1759161119274,-14.2658,14.7343,-4.4658
1759161119314,0.0000,8.8168,9.8000
1759161119354,14.2658,-1.8800,24.0658
1759161119394,8.8168,-11.5577,18.6168
1759161119434,-8.8168,-14.9704,0.9832
1759161119474,-14.2658,-10.2682,-4.4658
1759161119514,0.0000,0.0000,9.8000
1759161119554,14.2658,10.2682,24.0658
1759161119594,8.8168,14.9704,18.6168
1759161119634,-8.8168,11.5577,0.9832
1759161119674,-14.2658,1.8800,-4.4658
1759161119714,-0.0000,-8.8168,9.8000
1759161119754,14.2658,-14.7343,24.0658
1759161119794,8.8168,-12.6649,18.6168
1759161119834,-8.8168,-3.7303,0.9832
1759161119874,-14.2658,7.2263,-4.4658
1759161119914,-0.0000,14.2658,9.8000
1759161119954,14.2658,13.5724,24.0658
1759161119994,8.8168,5.5219,18.6168
1759161120034,-8.8168,-5.5219,0.9832
1759161120074,-14.2658,-13.5724,-4.4658
1759161120114,-0.0000,-14.2658,9.8000
1759161120154,14.2658,-7.2263,24.0658
1759161120194,8.8168,3.7303,18.6168
1759161120234,-8.8168,12.6649,0.9832
1759161120274,-14.2658,14.7343,-4.4658
1759161120314,0.0000,8.8168,9.8000
1759161120354,14.2658,-1.8800,24.0658
1759161120394,8.8168,-11.5577,18.6168
1759161120434,-8.8168,-14.9704,0.9832
1759161120474,-14.2658,-10.2682,-4.4658
1759161120514,-0.0000,-0.0000,9.8000
1759161120554,14.2658,10.2682,24.0658
1759161120594,8.8168,14.9704,18.6168
1759161120634,-8.8168,11.5577,0.9832
1759161120674,-14.2658,1.8800,-4.4658
1759161120714,-0.0000,-8.8168,9.8000
1759161120754,14.2658,-14.7343,24.0658
1759161120794,8.8168,-12.6649,18.6168
1759161120834,-8.8168,-3.7303,0.9832
1759161120874,-14.2658,7.2263,-4.4658
1759161120914,0.0000,14.2658,9.8000
1759161120954,14.2658,13.5724,24.0658
1759161120994,8.8168,5.5219,18.6168
1759161121034,-8.8168,-5.5219,0.9832
1759161121074,-14.2658,-13.5724,-4.4658
1759161121114,-0.0000,-14.2658,9.8000
1759161121154,14.2658,-7.2263,24.0658
1759161121194,8.8168,3.7303,18.6168
1759161121234,-8.8168,12.6649,0.9832
1759161121274,-14.2658,14.7343,-4.4658
1759161121314,-0.0000,8.8168,9.8000
1759161121354,14.2658,-1.8800,24.0658
1759161121394,8.8168,-11.5577,18.6168
1759161121434,-8.8168,-14.9704,0.9832
1759161121474,-14.2658,-10.2682,-4.4658
1759161121514,-0.0000,-0.0000,9.8000
1759161121554,14.2658,10.2682,24.0658
1759161121594,8.8168,14.9704,18.6168
1759161121634,-8.8168,11.5577,0.9832
1759161121674,-14.2658,1.8800,-4.4658
1759161121714,-0.0000,-8.8168,9.8000
1759161121754,14.2658,-14.7343,24.0658
1759161121794,8.8168,-12.6649,18.6168
1759161121834,-8.8168,-3.7303,0.9832
1759161121874,-14.2658,7.2263,-4.4658
1759161121914,0.0000,14.2658,9.8000
1759161121954,14.2658,13.5724,24.0658
1759161121994,8.8168,5.5219,18.6168
1759161122034,-8.8168,-5.5219,0.9832
1759161122074,-14.2658,-13.5724,-4.4658
1759161122114,-0.0000,-14.2658,9.8000
1759161122154,14.2658,-7.2263,24.0658
1759161122194,8.8168,3.7303,18.6168
1759161122234,-8.8168,12.6649,0.9832
1759161122274,-14.2658,14.7343,-4.4658
1759161122314,0.0000,8.8168,9.8000
1759161122354,14.2658,-1.8800,24.0658
1759161122394,8.8168,-11.5577,18.6168
1759161122434,-8.8168,-14.9704,0.9832
1759161122474,-14.2658,-10.2682,-4.4658
1759161122514,0.0000,0.0000,9.8000
1759161122554,14.2658,10.2682,24.0658
1759161122594,8.8168,14.9704,18.6168
1759161122634,-8.8168,11.5577,0.9832
1759161122674,-14.2658,1.8800,-4.4658
1759161122714,-0.0000,-8.8168,9.8000
1759161122754,14.2658,-14.7343,24.0658
1759161122794,8.8168,-12.6649,18.6168
1759161122834,-8.8168,-3.7303,0.9832
1759161122874,-14.2658,7.2263,-4.4658
1759161122914,-0.0000,14.2658,9.8000
1759161122954,14.2658,13.5724,24.0658
1759161122994,8.8168,5.5219,18.6168
1759161123034,-8.8168,-5.5219,0.9832
1759161123074,-14.2658,-13.5724,-4.4658
1759161123114,-0.0000,-14.2658,9.8000
1759161123154,14.2658,-7.2263,24.0658
1759161123194,8.8168,3.7303,18.6168
1759161123234,-8.8168,12.6649,0.9832
1759161123274,-14.2658,14.7343,-4.4658
1759161123314,0.0000,8.8168,9.8000
1759161123354,14.2658,-1.8800,24.0658
1759161123394,8.8168,-11.5577,18.6168
1759161123434,-8.8168,-14.9704,0.9832
1759161123474,-14.2658,-10.2682,-4.4658
1759161123514,-0.0000,-0.0000,9.8000
1759161123554,14.2658,10.2682,24.0658
1759161123594,8.8168,14.9704,18.6168
1759161123634,-8.8168,11.5577,0.9832
1759161123674,-14.2658,1.8800,-4.4658
1759161123714,-0.0000,-8.8168,9.8000
1759161123754,14.2658,-14.7343,24.0658
1759161123794,8.8168,-12.6649,18.6168
1759161123834,-8.8168,-3.7303,0.9832
1759161123874,-14.2658,7.2263,-4.4658
1759161123914,0.0000,14.2658,9.8000
1759161123954,14.2658,13.5724,24.0658
1759161123994,8.8168,5.5219,18.6168
1759161124034,-8.8168,-5.5219,0.9832
1759161124074,-14.2658,-13.5724,-4.4658
1759161124114,0.0000,-14.2658,9.8000
1759161124154,14.2658,-7.2263,24.0658
1759161124194,8.8168,3.7303,18.6168
1759161124234,-8.8168,12.6649,0.9832
1759161124274,-14.2658,14.7343,-4.4658
1759161124314,-0.0000,8.8168,9.8000
1759161124354,14.2658,-1.8800,24.0658
1759161124394,8.8168,-11.5577,18.6168
1759161124434,-8.8168,-14.9704,0.9832
1759161124474,-14.2658,-10.2682,-4.4658
1759161124514,-0.0000,-0.0000,9.8000
1759161124554,14.2658,10.2682,24.0658
1759161124594,8.8168,14.9704,18.6168
1759161124634,-8.8168,11.5577,0.9832
1759161124674,-14.2658,1.8800,-4.4658
1759161124714,-0.0000,-8.8168,9.8000
1759161124754,14.2658,-14.7343,24.0658
1759161124794,8.8168,-12.6649,18.6168
1759161124834,-8.8168,-3.7303,0.9832
1759161124874,-14.2658,7.2263,-4.4658
1759161124914,-0.0000,14.2658,9.8000
1759161124954,14.2658,13.5724,24.0658
1759161124994,8.8168,5.5219,18.6168
1759161125034,-8.8168,-5.5219,0.9832
1759161125074,-14.2658,-13.5724,-4.4658
1759161125114,-0.0000,-14.2658,9.8000
1759161125154,14.2658,-7.2263,24.0658
1759161125194,8.8168,3.7303,18.6168
1759161125234,-8.8168,12.6649,0.9832
1759161125274,-14.2658,14.7343,-4.4658
1759161125314,0.0000,8.8168,9.8000
1759161125354,14.2658,-1.8800,24.0658
1759161125394,8.8168,-11.5577,18.6168
1759161125434,-8.8168,-14.9704,0.9832
1759161125474,-14.2658,-10.2682,-4.4658
1759161125514,0.0000,-0.0000,9.8000
1759161125554,14.2658,10.2682,24.0658
1759161125594,8.8168,14.9704,18.6168
1759161125634,-8.8168,11.5577,0.9832
1759161125674,-14.2658,1.8800,-4.4658
1759161125714,-0.0000,-8.8168,9.8000
1759161125754,14.2658,-14.7343,24.0658
1759161125794,8.8168,-12.6649,18.6168
1759161125834,-8.8168,-3.7303,0.9832
1759161125874,-14.2658,7.2263,-4.4658
1759161125914,-0.0000,14.2658,9.8000
1759161125954,14.2658,13.5724,24.0658
1759161125994,8.8168,5.5219,18.6168
1759161126034,-8.8168,-5.5219,0.9832
1759161126074,-14.2658,-13.5724,-4.4658
1759161126114,-0.0000,-14.2658,9.8000
1759161126154,14.2658,-7.2263,24.0658
1759161126194,8.8168,3.7303,18.6168
1759161126234,-8.8168,12.6649,0.9832
1759161126274,-14.2658,14.7343,-4.4658
1759161126314,-0.0000,8.8168,9.8000
1759161126354,14.2658,-1.8800,24.0658
1759161126394,8.8168,-11.5577,18.6168
1759161126434,-8.8168,-14.9704,0.9832
1759161126474,-14.2658,-10.2682,-4.4658
1759161126514,-0.0000,-0.0000,9.8000
1759161126554,14.2658,10.2682,24.0658
1759161126594,8.8168,14.9704,18.6168
1759161126634,-8.8168,11.5577,0.9832
1759161126674,-14.2658,1.8800,-4.4658
1759161126714,-0.0000,-8.8168,9.8000
1759161126754,14.2658,-14.7343,24.0658
1759161126794,8.8168,-12.6649,18.6168
1759161126834,-8.8168,-3.7303,0.9832
1759161126874,-14.2658,7.2263,-4.4658
1759161126914,0.0000,14.2658,9.8000
1759161126954,14.2658,13.5724,24.0658
1759161126994,8.8168,5.5219,18.6168
1759161127034,-8.8168,-5.5219,0.9832
1759161127074,-14.2658,-13.5724,-4.4658
1759161127114,-0.0000,-14.2658,9.8000
1759161127154,14.2658,-7.2263,24.0658
1759161127194,8.8168,3.7303,18.6168
1759161127234,-8.8168,12.6649,0.9832
1759161127274,-14.2658,14.7343,-4.4658
1759161127314,0.0000,8.8168,9.8000
1759161127354,14.2658,-1.8800,24.0658
1759161127394,8.8168,-11.5577,18.6168
1759161127434,-8.8168,-14.9704,0.9832
1759161127474,-14.2658,-10.2682,-4.4658
1759161127514,-0.0000,0.0000,9.8000
1759161127554,14.2658,10.2682,24.0658
1759161127594,8.8168,14.9704,18.6168
1759161127634,-8.8168,11.5577,0.9832
1759161127674,-14.2658,1.8800,-4.4658
1759161127714,-0.0000,-8.8168,9.8000
1759161127754,14.2658,-14.7343,24.0658
1759161127794,8.8168,-12.6649,18.6168
1759161127834,-8.8168,-3.7303,0.9832
1759161127874,-14.2658,7.2263,-4.4658
1759161127914,-0.0000,14.2658,9.8000
1759161127954,14.2658,13.5724,24.0658
1759161127994,8.8168,5.5219,18.6168
1759161128034,-8.8168,-5.5219,0.9832
1759161128074,-14.2658,-13.5724,-4.4658
1759161128114,-0.0000,-14.2658,9.8000
1759161128154,14.2658,-7.2263,24.0658
1759161128194,8.8168,3.7303,18.6168
1759161128234,-8.8168,12.6649,0.9832
1759161128274,-14.2658,14.7343,-4.4658
1759161128314,0.0000,8.8168,9.8000
1759161128354,14.2658,-1.8800,24.0658
1759161128394,8.8168,-11.5577,18.6168
1759161128434,-8.8168,-14.9704,0.9832
1759161128474,-14.2658,-10.2682,-4.4658
1759161128514,-0.0000,-0.0000,9.8000
1759161128554,14.2658,10.2682,24.0658
1759161128594,8.8168,14.9704,18.6168
1759161128634,-8.8168,11.5577,0.9832
1759161128674,-14.2658,1.8800,-4.4658
1759161128714,-0.0000,-8.8168,9.8000
1759161128754,14.2658,-14.7343,24.0658
1759161128794,8.8168,-12.6649,18.6168
1759161128834,-8.8168,-3.7303,0.9832
1759161128874,-14.2658,7.2263,-4.4658
1759161128914,0.0000,14.2658,9.8000
1759161128954,14.2658,13.5724,24.0658
1759161128994,8.8168,5.5219,18.6168
1759161129034,-8.8168,-5.5219,0.9832
1759161129074,-14.2658,-13.5724,-4.4658
1759161129114,-0.0000,-14.2658,9.8000
1759161129154,14.2658,-7.2263,24.0658
1759161129194,8.8168,3.7303,18.6168
1759161129234,-8.8168,12.6649,0.9832
1759161129274,-14.2658,14.7343,-4.4658
1759161129314,-0.0000,8.8168,9.8000
1759161129354,14.2658,-1.8800,24.0658
1759161129394,8.8168,-11.5577,18.6168
1759161129434,-8.8168,-14.9704,0.9832
1759161129474,-14.2658,-10.2682,-4.4658
1759161129514,-0.0000,-0.0000,9.8000
1759161129554,14.2658,10.2682,24.0658
1759161129594,8.8168,14.9704,18.6168
1759161129634,-8.8168,11.5577,0.9832
1759161129674,-14.2658,1.8800,-4.4658
1759161129714,-0.0000,-8.8168,9.8000
1759161129754,14.2658,-14.7343,24.0658
1759161129794,8.8168,-12.6649,18.6168
1759161129834,-8.8168,-3.7303,0.9832
1759161129874,-14.2658,7.2263,-4.4658
1759161129914,0.0000,14.2658,9.8000
1759161129954,14.2658,13.5724,24.0658
1759161129994,8.8168,5.5219,18.6168
1759161130034,-8.8168,-5.5219,0.9832
1759161130074,-14.2658,-13.5724,-4.4658
1759161130114,-0.0000,-14.2658,9.8000
1759161130154,14.2658,-7.2263,24.0658
1759161130194,8.8168,3.7303,18.6168
1759161130234,-8.8168,12.6649,0.9832
1759161130274,-14.2658,14.7343,-4.4658
1759161130314,0.0000,8.8168,9.8000
1759161130354,14.2658,-1.8800,24.0658
1759161130394,8.8168,-11.5577,18.6168
1759161130434,-8.8168,-14.9704,0.9832
1759161130474,-14.2658,-10.2682,-4.4658
1759161130514,0.0000,0.0000,9.8000
1759161130554,14.2658,10.2682,24.0658
1759161130594,8.8168,14.9704,18.6168
1759161130634,-8.8168,11.5577,0.9832
1759161130674,-14.2658,1.8800,-4.4658
1759161130714,-0.0000,-8.8168,9.8000
1759161130754,14.2658,-14.7343,24.0658
1759161130794,8.8168,-12.6649,18.6168
1759161130834,-8.8168,-3.7303,0.9832
1759161130874,-14.2658,7.2263,-4.4658
1759161130914,-0.0000,14.2658,9.8000
1759161130954,14.2658,13.5724,24.0658
1759161130994,8.8168,5.5219,18.6168
1759161131034,-8.8168,-5.5219,0.9832
1759161131074,-14.2658,-13.5724,-4.4658
1759161131114,-0.0000,-14.2658,9.8000
1759161131154,14.2658,-7.2263,24.0658
1759161131194,8.8168,3.7303,18.6168
1759161131234,-8.8168,12.6649,0.9832
1759161131274,-14.2658,14.7343,-4.4658
1759161131314,0.0000,8.8168,9.8000
1759161131354,14.2658,-1.8800,24.0658
1759161131394,8.8168,-11.5577,18.6168
1759161131434,-8.8168,-14.9704,0.9832
1759161131474,-14.2658,-10.2682,-4.4658
1759161131514,-0.0000,-0.0000,9.8000
1759161131554,14.2658,10.2682,24.0658
1759161131594,8.8168,14.9704,18.6168
1759161131634,-8.8168,11.5577,0.9832
1759161131674,-14.2658,1.8800,-4.4658
1759161131714,-0.0000,-8.8168,9.8000
1759161131754,14.2658,-14.7343,24.0658
1759161131794,8.8168,-12.6649,18.6168
1759161131834,-8.8168,-3.7303,0.9832
1759161131874,-14.2658,7.2263,-4.4658
1759161131914,0.0000,14.2658,9.8000
1759161131954,14.2658,13.5724,24.0658
1759161131994,8.8168,5.5219,18.6168
1759161132034,-8.8168,-5.5219,0.9832
1759161132074,-14.2658,-13.5724,-4.4658
1759161132114,0.0000,-14.2658,9.8000
1759161132154,14.2658,-7.2263,24.0658
1759161132194,8.8168,3.7303,18.6168
1759161132234,-8.8168,12.6649,0.9832
1759161132274,-14.2658,14.7343,-4.4658
1759161132314,-0.0000,8.8168,9.8000
1759161132354,14.2658,-1.8800,24.0658
1759161132394,8.8168,-11.5577,18.6168
1759161132434,-8.8168,-14.9704,0.9832
1759161132474,-14.2658,-10.2682,-4.4658
1759161132514,-0.0000,-0.0000,9.8000
1759161132554,14.2658,10.2682,24.0658
1759161132594,8.8168,14.9704,18.6168
1759161132634,-8.8168,11.5577,0.9832
1759161132674,-14.2658,1.8800,-4.4658
1759161132714,-0.0000,-8.8168,9.8000
1759161132754,14.2658,-14.7343,24.0658
1759161132794,8.8168,-12.6649,18.6168
1759161132834,-8.8168,-3.7303,0.9832
1759161132874,-14.2658,7.2263,-4.4658
1759161132914,-0.0000,14.2658,9.8000
1759161132954,14.2658,13.5724,24.0658
1759161132994,8.8168,5.5219,18.6168
1759161133034,-8.8168,-5.5219,0.9832
1759161133074,-14.2658,-13.5724,-4.4658
1759161133114,-0.0000,-14.2658,9.8000
1759161133154,14.2658,-7.2263,24.0658
1759161133194,8.8168,3.7303,18.6168
1759161133234,-8.8168,12.6649,0.9832
1759161133274,-14.2658,14.7343,-4.4658
1759161133314,0.0000,8.8168,9.8000
1759161133354,14.2658,-1.8800,24.0658
1759161133394,8.8168,-11.5577,18.6168
1759161133434,-8.8168,-14.9704,0.9832
1759161133474,-14.2658,-10.2682,-4.4658
1759161133514,0.0000,0.0000,9.8000
1759161133554,14.2658,10.2682,24.0658
1759161133594,8.8168,14.9704,18.6168
1759161133634,-8.8168,11.5577,0.9832
1759161133674,-14.2658,1.8800,-4.4658
1759161133714,-0.0000,-8.8168,9.8000
1759161133754,14.2658,-14.7343,24.0658
1759161133794,8.8168,-12.6649,18.6168
1759161133834,-8.8168,-3.7303,0.9832
1759161133874,-14.2658,7.2263,-4.4658
1759161133914,-0.0000,14.2658,9.8000
1759161133954,14.2658,13.5724,24.0658
1759161133994,8.8168,5.5219,18.6168
1759161134034,-8.8168,-5.5219,0.9832
1759161134074,-14.2658,-13.5724,-4.4658
1759161134114,-0.0000,-14.2658,9.8000
1759161134154,14.2658,-7.2263,24.0658
1759161134194,8.8168,3.7303,18.6168
1759161134234,-8.8168,12.6649,0.9832
1759161134274,-14.2658,14.7343,-4.4658
1759161134314,0.0000,8.8168,9.8000
1759161134354,14.2658,-1.8800,24.0658
1759161134394,8.8168,-11.5577,18.6168
1759161134434,-8.8168,-14.9704,0.9832
1759161134474,-14.2658,-10.2682,-4.4658
1759161134514,-0.0000,-0.0000,9.8000
1759161134554,14.2658,10.2682,24.0658
1759161134594,8.8168,14.9704,18.6168
1759161134634,-8.8168,11.5577,0.9832
1759161134674,-14.2658,1.8800,-4.4658
1759161134714,-0.0000,-8.8168,9.8000
1759161134754,14.2658,-14.7343,24.0658
1759161134794,8.8168,-12.6649,18.6168
1759161134834,-8.8168,-3.7303,0.9832
1759161134874,-14.2658,7.2263,-4.4658
1759161134914,0.0000,14.2658,9.8000
1759161134954,14.2658,13.5724,24.0658
1759161134994,8.8168,5.5219,18.6168
1759161135034,-8.8168,-5.5219,0.9832
1759161135074,-14.2658,-13.5724,-4.4658
1759161135114,-0.0000,-14.2658,9.8000
1759161135154,14.2658,-7.2263,24.0658
1759161135194,8.8168,3.7303,18.6168
1759161135234,-8.8168,12.6649,0.9832
1759161135274,-14.2658,14.7343,-4.4658
1759161135314,0.0000,8.8168,9.8000
1759161135354,14.2658,-1.8800,24.0658
1759161135394,8.8168,-11.5577,18.6168
1759161135434,-8.8168,-14.9704,0.9832
1759161135474,-14.2658,-10.2682,-4.4658
1759161135514,-0.0000,-0.0000,9.8000
1759161135554,14.2658,10.2682,24.0658
1759161135594,8.8168,14.9704,18.6168
1759161135634,-8.8168,11.5577,0.9832
1759161135674,-14.2658,1.8800,-4.4658
1759161135714,-0.0000,-8.8168,9.8000
1759161135754,14.2658,-14.7343,24.0658
1759161135794,8.8168,-12.6649,18.6168
1759161135834,-8.8168,-3.7303,0.9832
1759161135874,-14.2658,7.2263,-4.4658
1759161135914,-0.0000,14.2658,9.8000
1759161135954,14.2658,13.5724,24.0658
1759161135994,8.8168,5.5219,18.6168
1759161136034,-8.8168,-5.5219,0.9832
1759161136074,-14.2658,-13.5724,-4.4658
1759161136114,-0.0000,-14.2658,9.8000
1759161136154,14.2658,-7.2263,24.0658
1759161136194,8.8168,3.7303,18.6168
1759161136234,-8.8168,12.6649,0.9832
1759161136274,-14.2658,14.7343,-4.4658
1759161136314,0.0000,8.8168,9.8000
1759161136354,14.2658,-1.8800,24.0658
1759161136394,8.8168,-11.5577,18.6168
1759161136434,-8.8168,-14.9704,0.9832
1759161136474,-14.2658,-10.2682,-4.4658
1759161136514,0.0000,-0.0000,9.8000
1759161136554,14.2658,10.2682,24.0658
1759161136594,8.8168,14.9704,18.6168
1759161136634,-8.8168,11.5577,0.9832
1759161136674,-14.2658,1.8800,-4.4658
1759161136714,-0.0000,-8.8168,9.8000
1759161136754,14.2658,-14.7343,24.0658
1759161136794,8.8168,-12.6649,18.6168
1759161136834,-8.8168,-3.7303,0.9832
1759161136874,-14.2658,7.2263,-4.4658
1759161136914,-0.0000,14.2658,9.8000
1759161136954,14.2658,13.5724,24.0658
1759161136994,8.8168,5.5219,18.6168
1759161137034,-8.8168,-5.5219,0.9832
1759161137074,-14.2658,-13.5724,-4.4658
1759161137114,-0.0000,-14.2658,9.8000
1759161137154,14.2658,-7.2263,24.0658
1759161137194,8.8168,3.7303,18.6168
1759161137234,-8.8168,12.6649,0.9832
1759161137274,-14.2658,14.7343,-4.4658
1759161137314,-0.0000,8.8168,9.8000
1759161137354,14.2658,-1.8800,24.0658
1759161137394,8.8168,-11.5577,18.6168
1759161137434,-8.8168,-14.9704,0.9832
1759161137474,-14.2658,-10.2682,-4.4658
1759161137514,-0.0000,-0.0000,9.8000
1759161137554,14.2658,10.2682,24.0658
1759161137594,8.8168,14.9704,18.6168
1759161137634,-8.8168,11.5577,0.9832
1759161137674,-14.2658,1.8800,-4.4658
1759161137714,-0.0000,-8.8168,9.8000
1759161137754,14.2658,-14.7343,24.0658
1759161137794,8.8168,-12.6649,18.6168
1759161137834,-8.8168,-3.7303,0.9832
1759161137874,-14.2658,7.2263,-4.4658
1759161137914,0.0000,14.2658,9.8000
1759161137954,14.2658,13.5724,24.0658
1759161137994,8.8168,5.5219,18.6168
1759161138034,-8.8168,-5.5219,0.9832
1759161138074,-14.2658,-13.5724,-4.4658
1759161138114,-0.0000,-14.2658,9.8000
1759161138154,14.2658,-7.2263,24.0658
1759161138194,8.8168,3.7303,18.6168
1759161138234,-8.8168,12.6649,0.9832
1759161138274,-14.2658,14.7343,-4.4658
1759161138314,0.0000,8.8168,9.8000
1759161138354,14.2658,-1.8800,24.0658
1759161138394,8.8168,-11.5577,18.6168
1759161138434,-8.8168,-14.9704,0.9832
1759161138474,-14.2658,-10.2682,-4.4658
1759161138514,-0.0000,-0.0000,9.8000
1759161138554,14.2658,10.2682,24.0658
1759161138594,8.8168,14.9704,18.6168
1759161138634,-8.8168,11.5577,0.9832
1759161138674,-14.2658,1.8800,-4.4658
1759161138714,-0.0000,-8.8168,9.8000
1759161138754,14.2658,-14.7343,24.0658
1759161138794,8.8168,-12.6649,18.6168
1759161138834,-8.8168,-3.7303,0.9832
1759161138874,-14.2658,7.2263,-4.4658
1759161138914,-0.0000,14.2658,9.8000
1759161138954,14.2658,13.5724,24.0658
1759161138994,8.8168,5.5219,18.6168
1759161139034,-8.8168,-5.5219,0.9832
1759161139074,-14.2658,-13.5724,-4.4658
1759161139114,-0.0000,-14.2658,9.8000
1759161139154,14.2658,-7.2263,24.0658
1759161139194,8.8168,3.7303,18.6168
1759161139234,-8.8168,12.6649,0.9832
1759161139274,-14.2658,14.7343,-4.4658
1759161139314,0.0000,8.8168,9.8000
1759161139354,14.2658,-1.8800,24.0658
1759161139394,8.8168,-11.5577,18.6168
1759161139434,-8.8168,-14.9704,0.9832
1759161139474,-14.2658,-10.2682,-4.4658
1759161139514,-0.0000,-0.0000,9.8000
1759161139554,14.2658,10.2682,24.0658
1759161139594,8.8168,14.9704,18.6168
1759161139634,-8.8168,11.5577,0.9832
1759161139674,-14.2658,1.8800,-4.4658
1759161139714,-0.0000,-8.8168,9.8000
1759161139754,14.2658,-14.7343,24.0658
1759161139794,8.8168,-12.6649,18.6168
1759161139834,-8.8168,-3.7303,0.9832
1759161139874,-14.2658,7.2263,-4.4658
1759161139914,0.0000,14.2658,9.8000
1759161139954,14.2658,13.5724,24.0658
1759161139994,8.8168,5.5219,18.6168
1759161140034,-8.8168,-5.5219,0.9832
1759161140074,-14.2658,-13.5724,-4.4658
1759161140114,-0.0000,-14.2658,9.8000
1759161140154,14.2658,-7.2263,24.0658
1759161140194,8.8168,3.7303,18.6168
1759161140234,-8.8168,12.6649,0.9832
1759161140274,-14.2658,14.7343,-4.4658
1759161140314,-0.0000,8.8168,9.8000
1759161140354,14.2658,-1.8800,24.0658
1759161140394,8.8168,-11.5577,18.6168
1759161140434,-8.8168,-14.9704,0.9832
1759161140474,-14.2658,-10.2682,-4.4658
1759161140514,-0.0000,-0.0000,9.8000
1759161140554,14.2658,10.2682,24.0658
1759161140594,8.8168,14.9704,18.6168
1759161140634,-8.8168,11.5577,0.9832
1759161140674,-14.2658,1.8800,-4.4658
1759161140714,-0.0000,-8.8168,9.8000
1759161140754,14.2658,-14.7343,24.0658
1759161140794,8.8168,-12.6649,18.6168
1759161140834,-8.8168,-3.7303,0.9832
1759161140874,-14.2658,7.2263,-4.4658
1759161140914,0.0000,14.2658,9.8000
1759161140954,14.2658,13.5724,24.0658
1759161140994,8.8168,5.5219,18.6168
1759161141034,-8.8168,-5.5219,0.9832
1759161141074,-14.2658,-13.5724,-4.4658
1759161141114,-0.0000,-14.2658,9.8000
1759161141154,14.2658,-7.2263,24.0658
1759161141194,8.8168,3.7303,18.6168
1759161141234,-8.8168,12.6649,0.9832
1759161141274,-14.2658,14.7343,-4.4658
1759161141314,0.0000,8.8168,9.8000
1759161141354,14.2658,-1.8800,24.0658
1759161141394,8.8168,-11.5577,18.6168
1759161141434,-8.8168,-14.9704,0.9832
1759161141474,-14.2658,-10.2682,-4.4658
1759161141514,0.0000,0.0000,9.8000
1759161141554,14.2658,10.2682,24.0658
1759161141594,8.8168,14.9704,18.6168
1759161141634,-8.8168,11.5577,0.9832
1759161141674,-14.2658,1.8800,-4.4658
1759161141714,-0.0000,-8.8168,9.8000
1759161141754,14.2658,-14.7343,24.0658
1759161141794,8.8168,-12.6649,18.6168
1759161141834,-8.8168,-3.7303,0.9832
1759161141874,-14.2658,7.2263,-4.4658
1759161141914,-0.0000,14.2658,9.8000
1759161141954,14.2658,13.5724,24.0658
1759161141994,8.8168,5.5219,18.6168
1759161142034,-8.8168,-5.5219,0.9832
1759161142074,-14.2658,-13.5724,-4.4658
1759161142114,-0.0000,-14.2658,9.8000
1759161142154,14.2658,-7.2263,24.0658
1759161142194,8.8168,3.7303,18.6168
1759161142234,-8.8168,12.6649,0.9832
1759161142274,-14.2658,14.7343,-4.4658
1759161142314,0.0000,8.8168,9.8000
1759161142354,14.2658,-1.8800,24.0658
1759161142394,8.8168,-11.5577,18.6168
1759161142434,-8.8168,-14.9704,0.9832
1759161142474,-14.2658,-10.2682,-4.4658
1759161142514,-0.0000,-0.0000,9.8000
1759161142554,14.2658,10.2682,24.0658
1759161142594,8.8168,14.9704,18.6168
1759161142634,-8.8168,11.5577,0.9832
1759161142674,-14.2658,1.8800,-4.4658
1759161142714,-0.0000,-8.8168,9.8000
1759161142754,14.2658,-14.7343,24.0658
1759161142794,8.8168,-12.6649,18.6168
1759161142834,-8.8168,-3.7303,0.9832
1759161142874,-14.2658,7.2263,-4.4658
1759161142914,0.0000,14.2658,9.8000
1759161142954,14.2658,13.5724,24.0658
1759161142994,8.8168,5.5219,18.6168
1759161143034,-8.8168,-5.5219,0.9832
1759161143074,-14.2658,-13.5724,-4.4658
1759161143114,0.0000,-14.2658,9.8000
1759161143154,14.2658,-7.2263,24.0658
1759161143194,8.8168,3.7303,18.6168
1759161143234,-8.8168,12.6649,0.9832
1759161143274,-14.2658,14.7343,-4.4658
1759161143314,-0.0000,8.8168,9.8000
1759161143354,14.2658,-1.8800,24.0658
1759161143394,8.8168,-11.5577,18.6168
1759161143434,-8.8168,-14.9704,0.9832
1759161143474,-14.2658,-10.2682,-4.4658
1759161143514,-0.0000,-0.0000,9.8000
1759161143554,14.2658,10.2682,24.0658
1759161143594,8.8168,14.9704,18.6168
1759161143634,-8.8168,11.5577,0.9832
1759161143674,-14.2658,1.8800,-4.4658
1759161143714,-0.0000,-8.8168,9.8000
1759161143754,14.2658,-14.7343,24.0658
1759161143794,8.8168,-12.6649,18.6168
1759161143834,-8.8168,-3.7303,0.9832
1759161143874,-14.2658,7.2263,-4.4658
1759161143914,-0.0000,14.2658,9.8000
1759161143954,14.2658,13.5724,24.0658
1759161143994,8.8168,5.5219,18.6168
1759161144034,-8.8168,-5.5219,0.9832
1759161144074,-14.2658,-13.5724,-4.4658
1759161144114,-0.0000,-14.2658,9.8000
1759161144154,14.2658,-7.2263,24.0658
1759161144194,8.8168,3.7303,18.6168
1759161144234,-8.8168,12.6649,0.9832
1759161144274,-14.2658,14.7343,-4.4658
1759161144314,0.0000,8.8168,9.8000
1759161144354,14.2658,-1.8800,24.0658
1759161144394,8.8168,-11.5577,18.6168
1759161144434,-8.8168,-14.9704,0.9832
1759161144474,-14.2658,-10.2682,-4.4658
1759161144514,0.0000,0.0000,9.8000
1759161144554,14.2658,10.2682,24.0658
1759161144594,8.8168,14.9704,18.6168
1759161144634,-8.8168,11.5577,0.9832
1759161144674,-14.2658,1.8800,-4.4658
1759161144714,-0.0000,-8.8168,9.8000
1759161144754,14.2658,-14.7343,24.0658
1759161144794,8.8168,-12.6649,18.6168
1759161144834,-8.8168,-3.7303,0.9832
1759161144874,-14.2658,7.2263,-4.4658
1759161144914,-0.0000,14.2658,9.8000
1759161144954,14.2658,13.5724,24.0658
1759161144994,8.8168,5.5219,18.6168
1759161145034,-8.8168,-5.5219,0.9832
1759161145074,-14.2658,-13.5724,-4.4658
1759161145114,-0.0000,-14.2658,9.8000
1759161145154,14.2658,-7.2263,24.0658
1759161145194,8.8168,3.7303,18.6168
1759161145234,-8.8168,12.6649,0.9832
1759161145274,-14.2658,14.7343,-4.4658
1759161145314,-0.0000,8.8168,9.8000
1759161145354,14.2658,-1.8800,24.0658
1759161145394,8.8168,-11.5577,18.6168
1759161145434,-8.8168,-14.9704,0.9832
1759161145474,-14.2658,-10.2682,-4.4658
1759161145514,-0.0000,-0.0000,9.8000
1759161145554,14.2658,10.2682,24.0658
1759161145594,8.8168,14.9704,18.6168
1759161145634,-8.8168,11.5577,0.9832
1759161145674,-14.2658,1.8800,-4.4658
1759161145714,-0.0000,-8.8168,9.8000
1759161145754,14.2658,-14.7343,24.0658
1759161145794,8.8168,-12.6649,18.6168
1759161145834,-8.8168,-3.7303,0.9832
1759161145874,-14.2658,7.2263,-4.4658
1759161145914,0.0000,14.2658,9.8000
1759161145954,14.2658,13.5724,24.0658
1759161145994,8.8168,5.5219,18.6168
1759161146034,-8.8168,-5.5219,0.9832
1759161146074,-14.2658,-13.5724,-4.4658
1759161146114,-0.0000,-14.2658,9.8000
1759161146154,14.2658,-7.2263,24.0658
1759161146194,8.8168,3.7303,18.6168
1759161146234,-8.8168,12.6649,0.9832
1759161146274,-14.2658,14.7343,-4.4658
1759161146314,0.0000,8.8168,9.8000
1759161146354,14.2658,-1.8800,24.0658
1759161146394,8.8168,-11.5577,18.6168
1759161146434,-8.8168,-14.9704,0.9832
1759161146474,-14.2658,-10.2682,-4.4658
1759161146514,-0.0000,-0.0000,9.8000
1759161146554,14.2658,10.2682,24.0658
1759161146594,8.8168,14.9704,18.6168
1759161146634,-8.8168,11.5577,0.9832
1759161146674,-14.2658,1.8800,-4.4658
1759161146714,-0.0000,-8.8168,9.8000
1759161146754,14.2658,-14.7343,24.0658
1759161146794,8.8168,-12.6649,18.6168
1759161146834,-8.8168,-3.7303,0.9832
1759161146874,-14.2658,7.2263,-4.4658
1759161146914,-0.0000,14.2658,9.8000
1759161146954,14.2658,13.5724,24.0658
1759161146994,8.8168,5.5219,18.6168
1759161147034,-8.8168,-5.5219,0.9832
1759161147074,-14.2658,-13.5724,-4.4658
1759161147114,-0.0000,-14.2658,9.8000
1759161147154,14.2658,-7.2263,24.0658
1759161147194,8.8168,3.7303,18.6168
1759161147234,-8.8168,12.6649,0.9832
1759161147274,-14.2658,14.7343,-4.4658
1759161147314,0.0000,8.8168,9.8000
1759161147354,14.2658,-1.8800,24.0658
1759161147394,8.8168,-11.5577,18.6168
1759161147434,-8.8168,-14.9704,0.9832
1759161147474,-14.2658,-10.2682,-4.4658
1759161147514,-0.0000,0.0000,9.8000
1759161147554,14.2658,10.2682,24.0658
1759161147594,8.8168,14.9704,18.6168
1759161147634,-8.8168,11.5577,0.9832
1759161147674,-14.2658,1.8800,-4.4658
1759161147714,-0.0000,-8.8168,9.8000
1759161147754,14.2658,-14.7343,24.0658
1759161147794,8.8168,-12.6649,18.6168
1759161147834,-8.8168,-3.7303,0.9832
1759161147874,-14.2658,7.2263,-4.4658
1759161147914,0.0000,14.2658,9.8000
1759161147954,14.2658,13.5724,24.0658
1759161147994,8.8168,5.5219,18.6168
1759161148034,-8.8168,-5.5219,0.9832
1759161148074,-14.2658,-13.5724,-4.4658
1759161148114,-0.0000,-14.2658,9.8000
1759161148154,14.2658,-7.2263,24.0658
1759161148194,8.8168,3.7303,18.6168
1759161148234,-8.8168,12.6649,0.9832
1759161148274,-14.2658,14.7343,-4.4658
1759161148314,-0.0000,8.8168,9.8000
1759161148354,14.2658,-1.8800,24.0658
1759161148394,8.8168,-11.5577,18.6168
1759161148434,-8.8168,-14.9704,0.9832
1759161148474,-14.2658,-10.2682,-4.4658
1759161148514,-0.0000,-0.0000,9.8000
1759161148554,14.2658,10.2682,24.0658
1759161148594,8.8168,14.9704,18.6168
1759161148634,-8.8168,11.5577,0.9832
1759161148674,-14.2658,1.8800,-4.4658
1759161148714,-0.0000,-8.8168,9.8000
1759161148754,14.2658,-14.7343,24.0658
1759161148794,8.8168,-12.6649,18.6168
1759161148834,-8.8168,-3.7303,0.9832
1759161148874,-14.2658,7.2263,-4.4658
1759161148914,0.0000,14.2658,9.8000
1759161148954,14.2658,13.5724,24.0658
1759161148994,8.8168,5.5219,18.6168
1759161149034,-8.8168,-5.5219,0.9832
1759161149074,-14.2658,-13.5724,-4.4658
1759161149114,-0.0000,-14.2658,9.8000
1759161149154,14.2658,-7.2263,24.0658
1759161149194,8.8168,3.7303,18.6168
1759161149234,-8.8168,12.6649,0.9832
1759161149274,-14.2658,14.7343,-4.4658
1759161149314,0.0000,8.8168,9.8000
1759161149354,14.2658,-1.8800,24.0658
1759161149394,8.8168,-11.5577,18.6168
1759161149434,-8.8168,-14.9704,0.9832
1759161149474,-14.2658,-10.2682,-4.4658
1759161149514,0.0000,-0.0000,9.8000
1759161149554,14.2658,10.2682,24.0658
1759161149594,8.8168,14.9704,18.6168
1759161149634,-8.8168,11.5577,0.9832
1759161149674,-14.2658,1.8800,-4.4658
1759161149714,-0.0000,-8.8168,9.8000
1759161149754,14.2658,-14.7343,24.0658
1759161149794,8.8168,-12.6649,18.6168
1759161149834,-8.8168,-3.7303,0.9832
1759161149874,-14.2658,7.2263,-4.4658
1759161149914,-0.0000,14.2658,9.8000
1759161149954,14.2658,13.5724,24.0658
1759161149994,8.8168,5.5219,18.6168
1759161150034,-8.8168,-5.5219,0.9832
1759161150074,-14.2658,-13.5724,-4.4658
1759161150114,-0.0000,-14.2658,9.8000
1759161150154,14.2658,-7.2263,24.0658
1759161150194,8.8168,3.7303,18.6168
1759161150234,-8.8168,12.6649,0.9832
1759161150274,-14.2658,14.7343,-4.4658
1759161150314,0.0000,8.8168,9.8000
1759161150354,14.2658,-1.8800,24.0658
1759161150394,8.8168,-11.5577,18.6168
1759161150434,-8.8168,-14.9704,0.9832
1759161150474,-14.2658,-10.2682,-4.4658
1759161150514,-0.0000,-0.0000,9.8000
1759161150554,14.2658,10.2682,24.0658
1759161150594,8.8168,14.9704,18.6168
1759161150634,-8.8168,11.5577,0.9832
1759161150674,-14.2658,1.8800,-4.4658
1759161150714,-0.0000,-8.8168,9.8000
1759161150754,14.2658,-14.7343,24.0658
1759161150794,8.8168,-12.6649,18.6168
1759161150834,-8.8168,-3.7303,0.9832
1759161150874,-14.2658,7.2263,-4.4658
1759161150914,0.0000,14.2658,9.8000
1759161150954,14.2658,13.5724,24.0658
1759161150994,8.8168,5.5219,18.6168
1759161151034,-8.8168,-5.5219,0.9832
1759161151074,-14.2658,-13.5724,-4.4658
1759161151114,0.0000,-14.2658,9.8000
1759161151154,14.2658,-7.2263,24.0658
1759161151194,8.8168,3.7303,18.6168
1759161151234,-8.8168,12.6649,0.9832
1759161151274,-14.2658,14.7343,-4.4658
1759161151314,-0.0000,8.8168,9.8000
1759161151354,14.2658,-1.8800,24.0658
1759161151394,8.8168,-11.5577,18.6168
1759161151434,-8.8168,-14.9704,0.9832
1759161151474,-14.2658,-10.2682,-4.4658
1759161151514,-0.0000,-0.0000,9.8000
1759161151554,14.2658,10.2682,24.0658
1759161151594,8.8168,14.9704,18.6168
1759161151634,-8.8168,11.5577,0.9832
1759161151674,-14.2658,1.8800,-4.4658
1759161151714,-0.0000,-8.8168,9.8000
1759161151754,14.2658,-14.7343,24.0658
1759161151794,8.8168,-12.6649,18.6168
1759161151834,-8.8168,-3.7303,0.9832
1759161151874,-14.2658,7.2263,-4.4658
1759161151914,-0.0000,14.2658,9.8000
1759161151954,14.2658,13.5724,24.0658
1759161151994,8.8168,5.5219,18.6168
1759161152034,-8.8168,-5.5219,0.9832
1759161152074,-14.2658,-13.5724,-4.4658
1759161152114,-0.0000,-14.2658,9.8000
1759161152154,14.2658,-7.2263,24.0658
1759161152194,8.8168,3.7303,18.6168
1759161152234,-8.8168,12.6649,0.9832
1759161152274,-14.2658,14.7343,-4.4658
1759161152314,0.0000,8.8168,9.8000
1759161152354,14.2658,-1.8800,24.0658
1759161152394,8.8168,-11.5577,18.6168
1759161152434,-8.8168,-14.9704,0.9832
1759161152474,-14.2658,-10.2682,-4.4658
1759161152514,0.0000,-0.0000,9.8000
1759161152554,14.2658,10.2682,24.0658
1759161152594,8.8168,14.9704,18.6168
1759161152634,-8.8168,11.5577,0.9832
1759161152674,-14.2658,1.8800,-4.4658
1759161152714,-0.0000,-8.8168,9.8000
1759161152754,14.2658,-14.7343,24.0658
1759161152794,8.8168,-12.6649,18.6168
1759161152834,-8.8168,-3.7303,0.9832
1759161152874,-14.2658,7.2263,-4.4658
1759161152914,-0.0000,14.2658,9.8000
1759161152954,14.2658,13.5724,24.0658
1759161152994,8.8168,5.5219,18.6168
1759161153034,-8.8168,-5.5219,0.9832
1759161153074,-14.2658,-13.5724,-4.4658
1759161153114,-0.0000,-14.2658,9.8000
1759161153154,14.2658,-7.2263,24.0658
1759161153194,8.8168,3.7303,18.6168
1759161153234,-8.8168,12.6649,0.9832
1759161153274,-14.2658,14.7343,-4.4658
1759161153314,0.0000,8.8168,9.8000
1759161153354,14.2658,-1.8800,24.0658
1759161153394,8.8168,-11.5577,18.6168
1759161153434,-8.8168,-14.9704,0.9832
1759161153474,-14.2658,-10.2682,-4.4658
1759161153514,-0.0000,-0.0000,9.8000
1759161153554,14.2658,10.2682,24.0658
1759161153594,8.8168,14.9704,18.6168
1759161153634,-8.8168,11.5577,0.9832
1759161153674,-14.2658,1.8800,-4.4658
1759161153714,-0.0000,-8.8168,9.8000
1759161153754,14.2658,-14.7343,24.0658
1759161153794,8.8168,-12.6649,18.6168
1759161153834,-8.8168,-3.7303,0.9832
1759161153874,-14.2658,7.2263,-4.4658
1759161153914,0.0000,14.2658,9.8000
1759161153954,14.2658,13.5724,24.0658
1759161153994,8.8168,5.5219,18.6168
1759161154034,-8.8168,-5.5219,0.9832
1759161154074,-14.2658,-13.5724,-4.4658
1759161154114,-0.0000,-14.2658,9.8000
1759161154154,14.2658,-7.2263,24.0658
1759161154194,8.8168,3.7303,18.6168
1759161154234,-8.8168,12.6649,0.9832
1759161154274,-14.2658,14.7343,-4.4658
1759161154314,-0.0000,8.8168,9.8000
1759161154354,14.2658,-1.8800,24.0658
1759161154394,8.8168,-11.5577,18.6168
1759161154434,-8.8168,-14.9704,0.9832
1759161154474,-14.2658,-10.2682,-4.4658
1759161154514,-0.0000,-0.0000,9.8000
1759161154554,14.2658,10.2682,24.0658
1759161154594,8.8168,14.9704,18.6168
1759161154634,-8.8168,11.5577,0.9832
1759161154674,-14.2658,1.8800,-4.4658
1759161154714,-0.0000,-8.8168,9.8000
1759161154754,14.2658,-14.7343,24.0658
1759161154794,8.8168,-12.6649,18.6168
1759161154834,-8.8168,-3.7303,0.9832
1759161154874,-14.2658,7.2263,-4.4658
1759161154914,-0.0000,14.2658,9.8000
1759161154954,14.2658,13.5724,24.0658
1759161154994,8.8168,5.5219,18.6168
1759161155034,-8.8168,-5.5219,0.9832
1759161155074,-14.2658,-13.5724,-4.4658
1759161155114,-0.0000,-14.2658,9.8000
1759161155154,14.2658,-7.2263,24.0658
1759161155194,8.8168,3.7303,18.6168
1759161155234,-8.8168,12.6649,0.9832
1759161155274,-14.2658,14.7343,-4.4658
1759161155314,0.0000,8.8168,9.8000
1759161155354,14.2658,-1.8800,24.0658
1759161155394,8.8168,-11.5577,18.6168
1759161155434,-8.8168,-14.9704,0.9832
1759161155474,-14.2658,-10.2682,-4.4658
1759161155514,0.0000,0.0000,9.8000
1759161155554,14.2658,10.2682,24.0658
1759161155594,8.8168,14.9704,18.6168
1759161155634,-8.8168,11.5577,0.9832
1759161155674,-14.2658,1.8800,-4.4658
1759161155714,-0.0000,-8.8168,9.8000
1759161155754,14.2658,-14.7343,24.0658
1759161155794,8.8168,-12.6649,18.6168
1759161155834,-8.8168,-3.7303,0.9832
1759161155874,-14.2658,7.2263,-4.4658
1759161155914,-0.0000,14.2658,9.8000
1759161155954,14.2658,13.5724,24.0658
1759161155994,8.8168,5.5219,18.6168
1759161156034,-8.8168,-5.5219,0.9832
1759161156074,-14.2658,-13.5724,-4.4658
1759161156114,-0.0000,-14.2658,9.8000
1759161156154,14.2658,-7.2263,24.0658
1759161156194,8.8168,3.7303,18.6168
1759161156234,-8.8168,12.6649,0.9832
1759161156274,-14.2658,14.7343,-4.4658
1759161156314,-0.0000,8.8168,9.8000
1759161156354,14.2658,-1.8800,24.0658
1759161156394,8.8168,-11.5577,18.6168
1759161156434,-8.8168,-14.9704,0.9832
1759161156474,-14.2658,-10.2682,-4.4658
1759161156514,-0.0000,-0.0000,9.8000
1759161156554,14.2658,10.2682,24.0658
1759161156594,8.8168,14.9704,18.6168
1759161156634,-8.8168,11.5577,0.9832
1759161156674,-14.2658,1.8800,-4.4658
1759161156714,-0.0000,-8.8168,9.8000
1759161156754,14.2658,-14.7343,24.0658
1759161156794,8.8168,-12.6649,18.6168
1759161156834,-8.8168,-3.7303,0.9832
1759161156874,-14.2658,7.2263,-4.4658
1759161156914,0.0000,14.2658,9.8000
1759161156954,14.2658,13.5724,24.0658
1759161156994,8.8168,5.5219,18.6168
1759161157034,-8.8168,-5.5219,0.9832
1759161157074,-14.2658,-13.5724,-4.4658
1759161157114,-0.0000,-14.2658,9.8000
1759161157154,14.2658,-7.2263,24.0658
1759161157194,8.8168,3.7303,18.6168
1759161157234,-8.8168,12.6649,0.9832
1759161157274,-14.2658,14.7343,-4.4658
1759161157314,0.0000,8.8168,9.8000
1759161157354,14.2658,-1.8800,24.0658
1759161157394,8.8168,-11.5577,18.6168
1759161157434,-8.8168,-14.9704,0.9832
1759161157474,-14.2658,-10.2682,-4.4658
1759161157514,-0.0000,-0.0000,9.8000
1759161157554,14.2658,10.2682,24.0658
1759161157594,8.8168,14.9704,18.6168
1759161157634,-8.8168,11.5577,0.9832
1759161157674,-14.2658,1.8800,-4.4658
1759161157714,-0.0000,-8.8168,9.8000
1759161157754,14.2658,-14.7343,24.0658
1759161157794,8.8168,-12.6649,18.6168
1759161157834,-8.8168,-3.7303,0.9832
1759161157874,-14.2658,7.2263,-4.4658
1759161157914,-0.0000,14.2658,9.8000
1759161157954,14.2658,13.5724,24.0658
1759161157994,8.8168,5.5219,18.6168
1759161158034,-8.8168,-5.5219,0.9832
1759161158074,-14.2658,-13.5724,-4.4658
1759161158114,-0.0000,-14.2658,9.8000
1759161158154,14.2658,-7.2263,24.0658
1759161158194,8.8168,3.7303,18.6168
1759161158234,-8.8168,12.6649,0.9832
1759161158274,-14.2658,14.7343,-4.4658
1759161158314,0.0000,8.8168,9.8000
1759161158354,14.2658,-1.8800,24.0658
1759161158394,8.8168,-11.5577,18.6168
1759161158434,-8.8168,-14.9704,0.9832
1759161158474,-14.2658,-10.2682,-4.4658
1759161158514,-0.0000,0.0000,9.8000
1759161158554,14.2658,10.2682,24.0658
1759161158594,8.8168,14.9704,18.6168
1759161158634,-8.8168,11.5577,0.9832
1759161158674,-14.2658,1.8800,-4.4658
1759161158714,-0.0000,-8.8168,9.8000
1759161158754,14.2658,-14.7343,24.0658
1759161158794,8.8168,-12.6649,18.6168
1759161158834,-8.8168,-3.7303,0.9832
1759161158874,-14.2658,7.2263,-4.4658
1759161158914,0.0000,14.2658,9.8000
1759161158954,14.2658,13.5724,24.0658
1759161158994,8.8168,5.5219,18.6168
1759161159034,-8.8168,-5.5219,0.9832
1759161159074,-14.2658,-13.5724,-4.4658
1759161159114,-0.0000,-14.2658,9.8000
1759161159154,14.2658,-7.2263,24.0658
1759161159194,8.8168,3.7303,18.6168
1759161159234,-8.8168,12.6649,0.9832
1759161159274,-14.2658,14.7343,-4.4658
1759161159314,-0.0000,8.8168,9.8000
1759161159354,14.2658,-1.8800,24.0658
1759161159394,8.8168,-11.5577,18.6168
1759161159434,-8.8168,-14.9704,0.9832
1759161159474,-14.2658,-10.2682,-4.4658
1759161159514,-0.0000,-0.0000,9.8000
1759161159554,14.2658,10.2682,24.0658
1759161159594,8.8168,14.9704,18.6168
1759161159634,-8.8168,11.5577,0.9832
1759161159674,-14.2658,1.8800,-4.4658
1759161159714,-0.0000,-8.8168,9.8000
1759161159754,14.2658,-14.7343,24.0658
1759161159794,8.8168,-12.6649,18.6168
1759161159834,-8.8168,-3.7303,0.9832
1759161159874,-14.2658,7.2263,-4.4658
1759161159914,0.0000,14.2658,9.8000
1759161159954,14.2658,13.5724,24.0658
1759161159994,8.8168,5.5219,18.6168
1759161160034,-8.8168,-5.5219,0.9832
1759161160074,-14.2658,-13.5724,-4.4658
1759161160114,-0.0000,-14.2658,9.8000
1759161160154,14.2658,-7.2263,24.0658
1759161160194,8.8168,3.7303,18.6168
1759161160234,-8.8168,12.6649,0.9832
1759161160274,-14.2658,14.7343,-4.4658
1759161160314,0.0000,8.8168,9.8000
1759161160354,14.2658,-1.8800,24.0658
1759161160394,8.8168,-11.5577,18.6168
1759161160434,-8.8168,-14.9704,0.9832
1759161160474,-14.2658,-10.2682,-4.4658
1759161160514,0.0000,-0.0000,9.8000
1759161160554,14.2658,10.2682,24.0658
1759161160594,8.8168,14.9704,18.6168
1759161160634,-8.8168,11.5577,0.9832
1759161160674,-14.2658,1.8800,-4.4658
1759161160714,-0.0000,-8.8168,9.8000
1759161160754,14.2658,-14.7343,24.0658
1759161160794,8.8168,-12.6649,18.6168
1759161160834,-8.8168,-3.7303,0.9832
1759161160874,-14.2658,7.2263,-4.4658
1759161160914,-0.0000,14.2658,9.8000
1759161160954,14.2658,13.5724,24.0658
1759161160994,8.8168,5.5219,18.6168
1759161161034,-8.8168,-5.5219,0.9832
1759161161074,-14.2658,-13.5724,-4.4658
1759161161114,-0.0000,-14.2658,9.8000
1759161161154,14.2658,-7.2263,24.0658
1759161161194,8.8168,3.7303,18.6168
1759161161234,-8.8168,12.6649,0.9832
1759161161274,-14.2658,14.7343,-4.4658
1759161161314,0.0000,8.8168,9.8000
1759161161354,14.2658,-1.8800,24.0658
1759161161394,8.8168,-11.5577,18.6168
1759161161434,-8.8168,-14.9704,0.9832
1759161161474,-14.2658,-10.2682,-4.4658
1759161161514,-0.0000,0.0000,9.8000
1759161161554,14.2658,10.2682,24.0658
1759161161594,8.8168,14.9704,18.6168
1759161161634,-8.8168,11.5577,0.9832
1759161161674,-14.2658,1.8800,-4.4658
1759161161714,-0.0000,-8.8168,9.8000
1759161161754,14.2658,-14.7343,24.0658
1759161161794,8.8168,-12.6649,18.6168
1759161161834,-8.8168,-3.7303,0.9832
1759161161874,-14.2658,7.2263,-4.4658
1759161161914,0.0000,14.2658,9.8000
1759161161954,14.2658,13.5724,24.0658
1759161161994,8.8168,5.5219,18.6168
1759161162034,-8.8168,-5.5219,0.9832
1759161162074,-14.2658,-13.5724,-4.4658
1759161162114,0.0000,-14.2658,9.8000
1759161162154,14.2658,-7.2263,24.0658
1759161162194,8.8168,3.7303,18.6168
1759161162234,-8.8168,12.6649,0.9832
1759161162274,-14.2658,14.7343,-4.4658
1759161162314,-0.0000,8.8168,9.8000
1759161162354,14.2658,-1.8800,24.0658
1759161162394,8.8168,-11.5577,18.6168
1759161162434,-8.8168,-14.9704,0.9832
1759161162474,-14.2658,-10.2682,-4.4658
1759161162514,-0.0000,-0.0000,9.8000
1759161162554,14.2658,10.2682,24.0658
1759161162594,8.8168,14.9704,18.6168
1759161162634,-8.8168,11.5577,0.9832
1759161162674,-14.2658,1.8800,-4.4658
1759161162714,-0.0000,-8.8168,9.8000
1759161162754,14.2658,-14.7343,24.0658
1759161162794,8.8168,-12.6649,18.6168
1759161162834,-8.8168,-3.7303,0.9832
1759161162874,-14.2658,7.2263,-4.4658
1759161162914,-0.0000,14.2658,9.8000
1759161162954,14.2658,13.5724,24.0658
1759161162994,8.8168,5.5219,18.6168
1759161163034,-8.8168,-5.5219,0.9832
1759161163074,-14.2658,-13.5724,-4.4658
1759161163114,-0.0000,-14.2658,9.8000
1759161163154,14.2658,-7.2263,24.0658
1759161163194,8.8168,3.7303,18.6168
1759161163234,-8.8168,12.6649,0.9832
1759161163274,-14.2658,14.7343,-4.4658
1759161163314,0.0000,8.8168,9.8000
1759161163354,14.2658,-1.8800,24.0658
1759161163394,8.8168,-11.5577,18.6168
1759161163434,-8.8168,-14.9704,0.9832
1759161163474,-14.2658,-10.2682,-4.4658
1759161163514,0.0000,-0.0000,9.8000
1759161163554,14.2658,10.2682,24.0658
1759161163594,8.8168,14.9704,18.6168
1759161163634,-8.8168,11.5577,0.9832
1759161163674,-14.2658,1.8800,-4.4658
1759161163714,-0.0000,-8.8168,9.8000
1759161163754,14.2658,-14.7343,24.0658
1759161163794,8.8168,-12.6649,18.6168
1759161163834,-8.8168,-3.7303,0.9832
1759161163874,-14.2658,7.2263,-4.4658
1759161163914,-0.0000,14.2658,9.8000
1759161163954,14.2658,13.5724,24.0658
1759161163994,8.8168,5.5219,18.6168
1759161164034,-8.8168,-5.5219,0.9832
1759161164074,-14.2658,-13.5724,-4.4658
1759161164114,-0.0000,-14.2658,9.8000
1759161164154,14.2658,-7.2263,24.0658
1759161164194,8.8168,3.7303,18.6168
1759161164234,-8.8168,12.6649,0.9832
1759161164274,-14.2658,14.7343,-4.4658
1759161164314,-0.0000,8.8168,9.8000
1759161164354,14.2658,-1.8800,24.0658
1759161164394,8.8168,-11.5577,18.6168
1759161164434,-8.8168,-14.9704,0.9832
1759161164474,-14.2658,-10.2682,-4.4658
1759161164514,-0.0000,-0.0000,9.8000
1759161164554,14.2658,10.2682,24.0658
1759161164594,8.8168,14.9704,18.6168
1759161164634,-8.8168,11.5577,0.9832
1759161164674,-14.2658,1.8800,-4.4658
1759161164714,-0.0000,-8.8168,9.8000
1759161164754,14.2658,-14.7343,24.0658
1759161164794,8.8168,-12.6649,18.6168
1759161164834,-8.8168,-3.7303,0.9832
1759161164874,-14.2658,7.2263,-4.4658
1759161164914,0.0000,14.2658,9.8000
1759161164954,14.2658,13.5724,24.0658
1759161164994,8.8168,5.5219,18.6168
1759161165034,-8.8168,-5.5219,0.9832
1759161165074,-14.2658,-13.5724,-4.4658
1759161165114,-0.0000,-14.2658,9.8000
1759161165154,14.2658,-7.2263,24.0658
1759161165194,8.8168,3.7303,18.6168
1759161165234,-8.8168,12.6649,0.9832
1759161165274,-14.2658,14.7343,-4.4658
1759161165314,0.0000,8.8168,9.8000
1759161165354,14.2658,-1.8800,24.0658
1759161165394,8.8168,-11.5577,18.6168
1759161165434,-8.8168,-14.9704,0.9832
1759161165474,-14.2658,-10.2682,-4.4658
1759161165514,-0.0000,-0.0000,9.8000
1759161165554,14.2658,10.2682,24.0658
1759161165594,8.8168,14.9704,18.6168
1759161165634,-8.8168,11.5577,0.9832
1759161165674,-14.2658,1.8800,-4.4658
1759161165714,-0.0000,-8.8168,9.8000
1759161165754,14.2658,-14.7343,24.0658
1759161165794,8.8168,-12.6649,18.6168
1759161165834,-8.8168,-3.7303,0.9832
1759161165874,-14.2658,7.2263,-4.4658
1759161165914,-0.0000,14.2658,9.8000
1759161165954,14.2658,13.5724,24.0658
1759161165994,8.8168,5.5219,18.6168
1759161166034,-8.8168,-5.5219,0.9832
1759161166074,-14.2658,-13.5724,-4.4658
1759161166114,-0.0000,-14.2658,9.8000
1759161166154,14.2658,-7.2263,24.0658
1759161166194,8.8168,3.7303,18.6168
1759161166234,-8.8168,12.6649,0.9832
1759161166274,-14.2658,14.7343,-4.4658
1759161166314,0.0000,8.8168,9.8000
1759161166354,14.2658,-1.8800,24.0658
1759161166394,8.8168,-11.5577,18.6168
1759161166434,-8.8168,-14.9704,0.9832
1759161166474,-14.2658,-10.2682,-4.4658
1759161166514,-0.0000,-0.0000,9.8000
1759161166554,14.2658,10.2682,24.0658
1759161166594,8.8168,14.9704,18.6168
1759161166634,-8.8168,11.5577,0.9832
1759161166674,-14.2658,1.8800,-4.4658
1759161166714,-0.0000,-8.8168,9.8000
1759161166754,14.2658,-14.7343,24.0658
1759161166794,8.8168,-12.6649,18.6168
1759161166834,-8.8168,-3.7303,0.9832
1759161166874,-14.2658,7.2263,-4.4658
1759161166914,0.0000,14.2658,9.8000
1759161166954,14.2658,13.5724,24.0658
1759161166994,8.8168,5.5219,18.6168
1759161167034,-8.8168,-5.5219,0.9832
1759161167074,-14.2658,-13.5724,-4.4658
1759161167114,-0.0000,-14.2658,9.8000
1759161167154,14.2658,-7.2263,24.0658
1759161167194,8.8168,3.7303,18.6168
1759161167234,-8.8168,12.6649,0.9832
1759161167274,-14.2658,14.7343,-4.4658
1759161167314,-0.0000,8.8168,9.8000
1759161167354,14.2658,-1.8800,24.0658
1759161167394,8.8168,-11.5577,18.6168
1759161167434,-8.8168,-14.9704,0.9832
1759161167474,-14.2658,-10.2682,-4.4658
1759161167514,-0.0000,-0.0000,9.8000
1759161167554,14.2658,10.2682,24.0658
1759161167594,8.8168,14.9704,18.6168
1759161167634,-8.8168,11.5577,0.9832
1759161167674,-14.2658,1.8800,-4.4658
1759161167714,-0.0000,-8.8168,9.8000
1759161167754,14.2658,-14.7343,24.0658
1759161167794,8.8168,-12.6649,18.6168
1759161167834,-8.8168,-3.7303,0.9832
1759161167874,-14.2658,7.2263,-4.4658
1759161167914,0.0000,14.2658,9.8000
1759161167954,14.2658,13.5724,24.0658
1759161167994,8.8168,5.5219,18.6168
1759161168034,-8.8168,-5.5219,0.9832
1759161168074,-14.2658,-13.5724,-4.4658
1759161168114,-0.0000,-14.2658,9.8000
1759161168154,14.2658,-7.2263,24.0658
1759161168194,8.8168,3.7303,18.6168
1759161168234,-8.8168,12.6649,0.9832
1759161168274,-14.2658,14.7343,-4.4658
1759161168314,0.0000,8.8168,9.8000
1759161168354,14.2658,-1.8800,24.0658
1759161168394,8.8168,-11.5577,18.6168
1759161168434,-8.8168,-14.9704,0.9832
1759161168474,-14.2658,-10.2682,-4.4658
1759161168514,-0.0000,-0.0000,9.8000
1759161168554,14.2658,10.2682,24.0658
1759161168594,8.8168,14.9704,18.6168
1759161168634,-8.8168,11.5577,0.9832
1759161168674,-14.2658,1.8800,-4.4658
1759161168714,-0.0000,-8.8168,9.8000
1759161168754,14.2658,-14.7343,24.0658
1759161168794,8.8168,-12.6649,18.6168
1759161168834,-8.8168,-3.7303,0.9832
1759161168874,-14.2658,7.2263,-4.4658
1759161168914,-0.0000,14.2658,9.8000
1759161168954,14.2658,13.5724,24.0658
1759161168994,8.8168,5.5219,18.6168
1759161169034,-8.8168,-5.5219,0.9832
1759161169074,-14.2658,-13.5724,-4.4658
1759161169114,-0.0000,-14.2658,9.8000
1759161169154,14.2658,-7.2263,24.0658
1759161169194,8.8168,3.7303,18.6168
1759161169234,-8.8168,12.6649,0.9832
1759161169274,-14.2658,14.7343,-4.4658
1759161169314,0.0000,8.8168,9.8000
1759161169354,14.2658,-1.8800,24.0658
1759161169394,8.8168,-11.5577,18.6168
1759161169434,-8.8168,-14.9704,0.9832
1759161169474,-14.2658,-10.2682,-4.4658
1759161169514,-0.0000,0.0000,9.8000
1759161169554,14.2658,10.2682,24.0658
1759161169594,8.8168,14.9704,18.6168
1759161169634,-8.8168,11.5577,0.9832
1759161169674,-14.2658,1.8800,-4.4658
1759161169714,-0.0000,-8.8168,9.8000
1759161169754,14.2658,-14.7343,24.0658
1759161169794,8.8168,-12.6649,18.6168
1759161169834,-8.8168,-3.7303,0.9832
1759161169874,-14.2658,7.2263,-4.4658
1759161169914,0.0000,14.2658,9.8000
1759161169954,14.2658,13.5724,24.0658
1759161169994,8.8168,5.5219,18.6168
1759161170034,-8.8168,-5.5219,0.9832
1759161170074,-14.2658,-13.5724,-4.4658
1759161170114,-0.0000,-14.2658,9.8000
1759161170154,14.2658,-7.2263,24.0658
1759161170194,8.8168,3.7303,18.6168
1759161170234,-8.8168,12.6649,0.9832
1759161170274,-14.2658,14.7343,-4.4658
1759161170314,-0.0000,8.8168,9.8000
1759161170354,14.2658,-1.8800,24.0658
1759161170394,8.8168,-11.5577,18.6168
1759161170434,-8.8168,-14.9704,0.9832
1759161170474,-14.2658,-10.2682,-4.4658
1759161170514,-0.0000,-0.0000,9.8000
1759161170554,14.2658,10.2682,24.0658
1759161170594,8.8168,14.9704,18.6168
1759161170634,-8.8168,11.5577,0.9832
1759161170674,-14.2658,1.8800,-4.4658
1759161170714,-0.0000,-8.8168,9.8000
1759161170754,14.2658,-14.7343,24.0658
1759161170794,8.8168,-12.6649,18.6168
1759161170834,-8.8168,-3.7303,0.9832
1759161170874,-14.2658,7.2263,-4.4658
1759161170914,-0.0000,14.2658,9.8000
1759161170954,14.2658,13.5724,24.0658
1759161170994,8.8168,5.5219,18.6168
1759161171034,-8.8168,-5.5219,0.9832
1759161171074,-14.2658,-13.5724,-4.4658
1759161171114,-0.0000,-14.2658,9.8000
1759161171154,14.2658,-7.2263,24.0658
1759161171194,8.8168,3.7303,18.6168
1759161171234,-8.8168,12.6649,0.9832
1759161171274,-14.2658,14.7343,-4.4658
1759161171314,0.0000,8.8168,9.8000
1759161171354,14.2658,-1.8800,24.0658
1759161171394,8.8168,-11.5577,18.6168
1759161171434,-8.8168,-14.9704,0.9832
1759161171474,-14.2658,-10.2682,-4.4658
1759161171514,0.0000,-0.0000,9.8000
1759161171554,14.2658,10.2682,24.0658
1759161171594,8.8168,14.9704,18.6168
1759161171634,-8.8168,11.5577,0.9832
1759161171674,-14.2658,1.8800,-4.4658
1759161171714,-0.0000,-8.8168,9.8000
1759161171754,14.2658,-14.7343,24.0658
1759161171794,8.8168,-12.6649,18.6168
1759161171834,-8.8168,-3.7303,0.9832
1759161171874,-14.2658,7.2263,-4.4658
1759161171914,-0.0000,14.2658,9.8000
1759161171954,14.2658,13.5724,24.0658
1759161171994,8.8168,5.5219,18.6168
1759161172034,-8.8168,-5.5219,0.9832
1759161172074,-14.2658,-13.5724,-4.4658
1759161172114,-0.0000,-14.2658,9.8000
1759161172154,14.2658,-7.2263,24.0658
1759161172194,8.8168,3.7303,18.6168
1759161172234,-8.8168,12.6649,0.9832
1759161172274,-14.2658,14.7343,-4.4658
1759161172314,0.0000,8.8168,9.8000
1759161172354,14.2658,-1.8800,24.0658
1759161172394,8.8168,-11.5577,18.6168
1759161172434,-8.8168,-14.9704,0.9832
1759161172474,-14.2658,-10.2682,-4.4658
1759161172514,-0.0000,0.0000,9.8000
1759161172554,14.2658,10.2682,24.0658
1759161172594,8.8168,14.9704,18.6168
1759161172634,-8.8168,11.5577,0.9832
1759161172674,-14.2658,1.8800,-4.4658
1759161172714,-0.0000,-8.8168,9.8000
1759161172754,14.2658,-14.7343,24.0658
1759161172794,8.8168,-12.6649,18.6168
1759161172834,-8.8168,-3.7303,0.9832
1759161172874,-14.2658,7.2263,-4.4658
1759161172914,0.0000,14.2658,9.8000
1759161172954,14.2658,13.5724,24.0658
1759161172994,8.8168,5.5219,18.6168
1759161173034,-8.8168,-5.5219,0.9832
1759161173074,-14.2658,-13.5724,-4.4658
1759161173114,-0.0000,-14.2658,9.8000
1759161173154,14.2658,-7.2263,24.0658
1759161173194,8.8168,3.7303,18.6168
1759161173234,-8.8168,12.6649,0.9832
1759161173274,-14.2658,14.7343,-4.4658
1759161173314,-0.0000,8.8168,9.8000
1759161173354,14.2658,-1.8800,24.0658
1759161173394,8.8168,-11.5577,18.6168
1759161173434,-8.8168,-14.9704,0.9832
1759161173474,-14.2658,-10.2682,-4.4658
1759161173514,-0.0000,-0.0000,9.8000
1759161173554,14.2658,10.2682,24.0658
1759161173594,8.8168,14.9704,18.6168
1759161173634,-8.8168,11.5577,0.9832
1759161173674,-14.2658,1.8800,-4.4658
1759161173714,-0.0000,-8.8168,9.8000
1759161173754,14.2658,-14.7343,24.0658
1759161173794,8.8168,-12.6649,18.6168
1759161173834,-8.8168,-3.7303,0.9832
1759161173874,-14.2658,7.2263,-4.4658
1759161173914,-0.0000,14.2658,9.8000
1759161173954,14.2658,13.5724,24.0658
1759161173994,8.8168,5.5219,18.6168
1759161174034,-8.8168,-5.5219,0.9832
1759161174074,-14.2658,-13.5724,-4.4658
1759161174114,-0.0000,-14.2658,9.8000
1759161174154,14.2658,-7.2263,24.0658
1759161174194,8.8168,3.7303,18.6168
1759161174234,-8.8168,12.6649,0.9832
1759161174274,-14.2658,14.7343,-4.4658
1759161174314,0.0000,8.8168,9.8000
1759161174354,14.2658,-1.8800,24.0658
1759161174394,8.8168,-11.5577,18.6168
1759161174434,-8.8168,-14.9704,0.9832
1759161174474,-14.2658,-10.2682,-4.4658
1759161174514,0.0000,-0.0000,9.8000
1759161174554,14.2658,10.2682,24.0658
1759161174594,8.8168,14.9704,18.6168
1759161174634,-8.8168,11.5577,0.9832
1759161174674,-14.2658,1.8800,-4.4658
1759161174714,-0.0000,-8.8168,9.8000
1759161174754,14.2658,-14.7343,24.0658
1759161174794,8.8168,-12.6649,18.6168
1759161174834,-8.8168,-3.7303,0.9832
1759161174874,-14.2658,7.2263,-4.4658
1759161174914,-0.0000,14.2658,9.8000
1759161174954,14.2658,13.5724,24.0658
1759161174994,8.8168,5.5219,18.6168
1759161175034,-8.8168,-5.5219,0.9832
1759161175074,-14.2658,-13.5724,-4.4658
1759161175114,-0.0000,-14.2658,9.8000
1759161175154,14.2658,-7.2263,24.0658
1759161175194,8.8168,3.7303,18.6168
1759161175234,-8.8168,12.6649,0.9832
1759161175274,-14.2658,14.7343,-4.4658
1759161175314,-0.0000,8.8168,9.8000
1759161175354,14.2658,-1.8800,24.0658
1759161175394,8.8168,-11.5577,18.6168
1759161175434,-8.8168,-14.9704,0.9832
1759161175474,-14.2658,-10.2682,-4.4658
1759161175514,-0.0000,-0.0000,9.8000
1759161175554,14.2658,10.2682,24.0658
1759161175594,8.8168,14.9704,18.6168
1759161175634,-8.8168,11.5577,0.9832
1759161175674,-14.2658,1.8800,-4.4658
1759161175714,-0.0000,-8.8168,9.8000
1759161175754,14.2658,-14.7343,24.0658
1759161175794,8.8168,-12.6649,18.6168
1759161175834,-8.8168,-3.7303,0.9832
1759161175874,-14.2658,7.2263,-4.4658
1759161175914,0.0000,14.2658,9.8000
1759161175954,14.2658,13.5724,24.0658
1759161175994,8.8168,5.5219,18.6168
1759161176034,-8.8168,-5.5219,0.9832
1759161176074,-14.2658,-13.5724,-4.4658
1759161176114,-0.0000,-14.2658,9.8000
1759161176154,14.2658,-7.2263,24.0658
1759161176194,8.8168,3.7303,18.6168
1759161176234,-8.8168,12.6649,0.9832
1759161176274,-14.2658,14.7343,-4.4658
1759161176314,0.0000,8.8168,9.8000
1759161176354,14.2658,-1.8800,24.0658
1759161176394,8.8168,-11.5577,18.6168
1759161176434,-8.8168,-14.9704,0.9832
1759161176474,-14.2658,-10.2682,-4.4658
1759161176514,-0.0000,-0.0000,9.8000
1759161176554,14.2658,10.2682,24.0658
1759161176594,8.8168,14.9704,18.6168
1759161176634,-8.8168,11.5577,0.9832
1759161176674,-14.2658,1.8800,-4.4658
1759161176714,-0.0000,-8.8168,9.8000
1759161176754,14.2658,-14.7343,24.0658
1759161176794,8.8168,-12.6649,18.6168
1759161176834,-8.8168,-3.7303,0.9832
1759161176874,-14.2658,7.2263,-4.4658
1759161176914,-0.0000,14.2658,9.8000
1759161176954,14.2658,13.5724,24.0658
1759161176994,8.8168,5.5219,18.6168
1759161177034,-8.8168,-5.5219,0.9832
1759161177074,-14.2658,-13.5724,-4.4658
1759161177114,-0.0000,-14.2658,9.8000
1759161177154,14.2658,-7.2263,24.0658
1759161177194,8.8168,3.7303,18.6168
1759161177234,-8.8168,12.6649,0.9832
1759161177274,-14.2658,14.7343,-4.4658
1759161177314,0.0000,8.8168,9.8000
1759161177354,14.2658,-1.8800,24.0658
1759161177394,8.8168,-11.5577,18.6168
1759161177434,-8.8168,-14.9704,0.9832
1759161177474,-14.2658,-10.2682,-4.4658
1759161177514,-0.0000,-0.0000,9.8000
1759161177554,14.2658,10.2682,24.0658
1759161177594,8.8168,14.9704,18.6168
1759161177634,-8.8168,11.5577,0.9832
1759161177674,-14.2658,1.8800,-4.4658
1759161177714,-0.0000,-8.8168,9.8000
1759161177754,14.2658,-14.7343,24.0658
1759161177794,8.8168,-12.6649,18.6168
1759161177834,-8.8168,-3.7303,0.9832
1759161177874,-14.2658,7.2263,-4.4658
1759161177914,0.0000,14.2658,9.8000
1759161177954,14.2658,13.5724,24.0658
1759161177994,8.8168,5.5219,18.6168
1759161178034,-8.8168,-5.5219,0.9832
1759161178074,-14.2658,-13.5724,-4.4658
1759161178114,-0.0000,-14.2658,9.8000
1759161178154,14.2658,-7.2263,24.0658
1759161178194,8.8168,3.7303,18.6168
1759161178234,-8.8168,12.6649,0.9832
1759161178274,-14.2658,14.7343,-4.4658
1759161178314,-0.0000,8.8168,9.8000
1759161178354,14.2658,-1.8800,24.0658
1759161178394,8.8168,-11.5577,18.6168
1759161178434,-8.8168,-14.9704,0.9832
1759161178474,-14.2658,-10.2682,-4.4658
1759161178514,-0.0000,-0.0000,9.8000
1759161178554,14.2658,10.2682,24.0658
1759161178594,8.8168,14.9704,18.6168
1759161178634,-8.8168,11.5577,0.9832
1759161178674,-14.2658,1.8800,-4.4658
1759161178714,-0.0000,-8.8168,9.8000
1759161178754,14.2658,-14.7343,24.0658
1759161178794,8.8168,-12.6649,18.6168
1759161178834,-8.8168,-3.7303,0.9832
1759161178874,-14.2658,7.2263,-4.4658
1759161178914,0.0000,14.2658,9.8000
1759161178954,14.2658,13.5724,24.0658
1759161178994,8.8168,5.5219,18.6168
1759161179034,-8.8168,-5.5219,0.9832
1759161179074,-14.2658,-13.5724,-4.4658
1759161179114,-0.0000,-14.2658,9.8000
1759161179154,14.2658,-7.2263,24.0658
1759161179194,8.8168,3.7303,18.6168
1759161179234,-8.8168,12.6649,0.9832
1759161179274,-14.2658,14.7343,-4.4658
1759161179314,0.0000,8.8168,9.8000
1759161179354,14.2658,-1.8800,24.0658
1759161179394,8.8168,-11.5577,18.6168
1759161179434,-8.8168,-14.9704,0.9832
1759161179474,-14.2658,-10.2682,-4.4658
1759161179514,0.0000,-0.0000,9.8000
1759161179554,14.2658,10.2682,24.0658
1759161179594,8.8168,14.9704,18.6168
1759161179634,-8.8168,11.5577,0.9832
1759161179674,-14.2658,1.8800,-4.4658
1759161179714,-0.0000,-8.8168,9.8000
1759161179754,14.2658,-14.7343,24.0658
1759161179794,8.8168,-12.6649,18.6168
1759161179834,-8.8168,-3.7303,0.9832
1759161179874,-14.2658,7.2263,-4.4658
1759161179914,-0.0000,14.2658,9.8000
1759161179954,14.2658,13.5724,24.0658
1759161179994,8.8168,5.5219,18.6168
1759161180034,-8.8168,-5.5219,0.9832
1759161180074,-14.2658,-13.5724,-4.4658
1759161180114,-0.0000,-14.2658,9.8000
1759161180154,14.2658,-7.2263,24.0658
1759161180194,8.8168,3.7303,18.6168
1759161180234,-8.8168,12.6649,0.9832
1759161180274,-14.2658,14.7343,-4.4658
1759161180314,0.0000,8.8168,9.8000
1759161180354,14.2658,-1.8800,24.0658
1759161180394,8.8168,-11.5577,18.6168
1759161180434,-8.8168,-14.9704,0.9832
1759161180474,-14.2658,-10.2682,-4.4658
1759161180514,-0.0000,-0.0000,9.8000
1759161180554,14.2658,10.2682,24.0658
1759161180594,8.8168,14.9704,18.6168
1759161180634,-8.8168,11.5577,0.9832
1759161180674,-14.2658,1.8800,-4.4658
1759161180714,-0.0000,-8.8168,9.8000
1759161180754,14.2658,-14.7343,24.0658
1759161180794,8.8168,-12.6649,18.6168
1759161180834,-8.8168,-3.7303,0.9832
1759161180874,-14.2658,7.2263,-4.4658
1759161180914,0.0000,14.2658,9.8000
1759161180954,14.2658,13.5724,24.0658
1759161180994,8.8168,5.5219,18.6168
1759161181034,-8.8168,-5.5219,0.9832
1759161181074,-14.2658,-13.5724,-4.4658
1759161181114,-0.0000,-14.2658,9.8000
1759161181154,14.2658,-7.2263,24.0658
1759161181194,8.8168,3.7303,18.6168
1759161181234,-8.8168,12.6649,0.9832
1759161181274,-14.2658,14.7343,-4.4658
1759161181314,-0.0000,8.8168,9.8000
1759161181354,14.2658,-1.8800,24.0658
1759161181394,8.8168,-11.5577,18.6168
1759161181434,-8.8168,-14.9704,0.9832
1759161181474,-14.2658,-10.2682,-4.4658
1759161181514,-0.0000,-0.0000,9.8000
1759161181554,14.2658,10.2682,24.0658
1759161181594,8.8168,14.9704,18.6168
1759161181634,-8.8168,11.5577,0.9832
1759161181674,-14.2658,1.8800,-4.4658
1759161181714,-0.0000,-8.8168,9.8000
1759161181754,14.2658,-14.7343,24.0658
1759161181794,8.8168,-12.6649,18.6168
1759161181834,-8.8168,-3.7303,0.9832
1759161181874,-14.2658,7.2263,-4.4658
1759161181914,-0.0000,14.2658,9.8000
1759161181954,14.2658,13.5724,24.0658
1759161181994,8.8168,5.5219,18.6168
1759161182034,-8.8168,-5.5219,0.9832
1759161182074,-14.2658,-13.5724,-4.4658
1759161182114,-0.0000,-14.2658,9.8000
1759161182154,14.2658,-7.2263,24.0658
1759161182194,8.8168,3.7303,18.6168
1759161182234,-8.8168,12.6649,0.9832
1759161182274,-14.2658,14.7343,-4.4658
1759161182314,0.0000,8.8168,9.8000
1759161182354,14.2658,-1.8800,24.0658
1759161182394,8.8168,-11.5577,18.6168
1759161182434,-8.8168,-14.9704,0.9832
1759161182474,-14.2658,-10.2682,-4.4658
1759161182514,0.0000,-0.0000,9.8000
1759161182554,14.2658,10.2682,24.0658
1759161182594,8.8168,14.9704,18.6168
1759161182634,-8.8168,11.5577,0.9832
1759161182674,-14.2658,1.8800,-4.4658
1759161182714,-0.0000,-8.8168,9.8000
1759161182754,14.2658,-14.7343,24.0658
1759161182794,8.8168,-12.6649,18.6168
1759161182834,-8.8168,-3.7303,0.9832
1759161182874,-14.2658,7.2263,-4.4658
1759161182914,-0.0000,14.2658,9.8000
1759161182954,14.2658,13.5724,24.0658
1759161182994,8.8168,5.5219,18.6168
1759161183034,-8.8168,-5.5219,0.9832
1759161183074,-14.2658,-13.5724,-4.4658
1759161183114,-0.0000,-14.2658,9.8000
1759161183154,14.2658,-7.2263,24.0658
1759161183194,8.8168,3.7303,18.6168
1759161183234,-8.8168,12.6649,0.9832
1759161183274,-14.2658,14.7343,-4.4658
1759161183314,-0.0000,8.8168,9.8000
1759161183354,14.2658,-1.8800,24.0658
1759161183394,8.8168,-11.5577,18.6168
1759161183434,-8.8168,-14.9704,0.9832
1759161183474,-14.2658,-10.2682,-4.4658
1759161183514,-0.0000,0.0000,9.8000
1759161183554,14.2658,10.2682,24.0658
1759161183594,8.8168,14.9704,18.6168
1759161183634,-8.8168,11.5577,0.9832
1759161183674,-14.2658,1.8800,-4.4658
1759161183714,-0.0000,-8.8168,9.8000
1759161183754,14.2658,-14.7343,24.0658
1759161183794,8.8168,-12.6649,18.6168
1759161183834,-8.8168,-3.7303,0.9832
1759161183874,-14.2658,7.2263,-4.4658
1759161183914,0.0000,14.2658,9.8000
1759161183954,14.2658,13.5724,24.0658
1759161183994,8.8168,5.5219,18.6168
1759161184034,-8.8168,-5.5219,0.9832
1759161184074,-14.2658,-13.5724,-4.4658
1759161184114,-0.0000,-14.2658,9.8000
1759161184154,14.2658,-7.2263,24.0658
1759161184194,8.8168,3.7303,18.6168
1759161184234,-8.8168,12.6649,0.9832
1759161184274,-14.2658,14.7343,-4.4658
1759161184314,-0.0000,8.8168,9.8000
1759161184354,14.2658,-1.8800,24.0658
1759161184394,8.8168,-11.5577,18.6168
1759161184434,-8.8168,-14.9704,0.9832
1759161184474,-14.2658,-10.2682,-4.4658
1759161184514,-0.0000,-0.0000,9.8000
1759161184554,14.2658,10.2682,24.0658
1759161184594,8.8168,14.9704,18.6168
1759161184634,-8.8168,11.5577,0.9832
1759161184674,-14.2658,1.8800,-4.4658
1759161184714,-0.0000,-8.8168,9.8000
1759161184754,14.2658,-14.7343,24.0658
1759161184794,8.8168,-12.6649,18.6168
1759161184834,-8.8168,-3.7303,0.9832
1759161184874,-14.2658,7.2263,-4.4658
1759161184914,-0.0000,14.2658,9.8000
1759161184954,14.2658,13.5724,24.0658
1759161184994,8.8168,5.5219,18.6168
1759161185034,-8.8168,-5.5219,0.9832
1759161185074,-14.2658,-13.5724,-4.4658
1759161185114,-0.0000,-14.2658,9.8000
1759161185154,14.2658,-7.2263,24.0658
1759161185194,8.8168,3.7303,18.6168
1759161185234,-8.8168,12.6649,0.9832
1759161185274,-14.2658,14.7343,-4.4658
1759161185314,0.0000,8.8168,9.8000
1759161185354,14.2658,-1.8800,24.0658
1759161185394,8.8168,-11.5577,18.6168
1759161185434,-8.8168,-14.9704,0.9832
1759161185474,-14.2658,-10.2682,-4.4658
1759161185514,-0.0000,-0.0000,9.8000
1759161185554,14.2658,10.2682,24.0658
1759161185594,8.8168,14.9704,18.6168
1759161185634,-8.8168,11.5577,0.9832
1759161185674,-14.2658,1.8800,-4.4658
1759161185714,-0.0000,-8.8168,9.8000
1759161185754,14.2658,-14.7343,24.0658
1759161185794,8.8168,-12.6649,18.6168
1759161185834,-8.8168,-3.7303,0.9832
1759161185874,-14.2658,7.2263,-4.4658
1759161185914,-0.0000,14.2658,9.8000
1759161185954,14.2658,13.5724,24.0658
1759161185994,8.8168,5.5219,18.6168
1759161186034,-8.8168,-5.5219,0.9832
1759161186074,-14.2658,-13.5724,-4.4658
1759161186114,-0.0000,-14.2658,9.8000
1759161186154,14.2658,-7.2263,24.0658
1759161186194,8.8168,3.7303,18.6168
1759161186234,-8.8168,12.6649,0.9832
1759161186274,-14.2658,14.7343,-4.4658
1759161186314,-0.0000,8.8168,9.8000
1759161186354,14.2658,-1.8800,24.0658
1759161186394,8.8168,-11.5577,18.6168
1759161186434,-8.8168,-14.9704,0.9832
1759161186474,-14.2658,-10.2682,-4.4658
1759161186514,-0.0000,0.0000,9.8000
1759161186554,14.2658,10.2682,24.0658
1759161186594,8.8168,14.9704,18.6168
1759161186634,-8.8168,11.5577,0.9832
1759161186674,-14.2658,1.8800,-4.4658
1759161186714,-0.0000,-8.8168,9.8000
1759161186754,14.2658,-14.7343,24.0658
1759161186794,8.8168,-12.6649,18.6168
1759161186834,-8.8168,-3.7303,0.9832
1759161186874,-14.2658,7.2263,-4.4658
1759161186914,0.0000,14.2658,9.8000
1759161186954,14.2658,13.5724,24.0658
1759161186994,8.8168,5.5219,18.6168
1759161187034,-8.8168,-5.5219,0.9832
1759161187074,-14.2658,-13.5724,-4.4658
1759161187114,-0.0000,-14.2658,9.8000
1759161187154,14.2658,-7.2263,24.0658
1759161187194,8.8168,3.7303,18.6168
1759161187234,-8.8168,12.6649,0.9832
1759161187274,-14.2658,14.7343,-4.4658
1759161187314,0.0000,8.8168,9.8000
1759161187354,14.2658,-1.8800,24.0658
1759161187394,8.8168,-11.5577,18.6168
1759161187434,-8.8168,-14.9704,0.9832
1759161187474,-14.2658,-10.2682,-4.4658
1759161187514,-0.0000,-0.0000,9.8000
1759161187554,14.2658,10.2682,24.0658
1759161187594,8.8168,14.9704,18.6168
1759161187634,-8.8168,11.5577,0.9832
1759161187674,-14.2658,1.8800,-4.4658
1759161187714,-0.0000,-8.8168,9.8000
1759161187754,14.2658,-14.7343,24.0658
1759161187794,8.8168,-12.6649,18.6168
1759161187834,-8.8168,-3.7303,0.9832
1759161187874,-14.2658,7.2263,-4.4658
1759161187914,-0.0000,14.2658,9.8000
1759161187954,14.2658,13.5724,24.0658
1759161187994,8.8168,5.5219,18.6168
1759161188034,-8.8168,-5.5219,0.9832
1759161188074,-14.2658,-13.5724,-4.4658
1759161188114,-0.0000,-14.2658,9.8000
1759161188154,14.2658,-7.2263,24.0658
1759161188194,8.8168,3.7303,18.6168
1759161188234,-8.8168,12.6649,0.9832
1759161188274,-14.2658,14.7343,-4.4658
1759161188314,0.0000,8.8168,9.8000
1759161188354,14.2658,-1.8800,24.0658
1759161188394,8.8168,-11.5577,18.6168
1759161188434,-8.8168,-14.9704,0.9832
1759161188474,-14.2658,-10.2682,-4.4658
1759161188514,-0.0000,-0.0000,9.8000
1759161188554,14.2658,10.2682,24.0658
1759161188594,8.8168,14.9704,18.6168
1759161188634,-8.8168,11.5577,0.9832
1759161188674,-14.2658,1.8800,-4.4658
1759161188714,-0.0000,-8.8168,9.8000
1759161188754,14.2658,-14.7343,24.0658
1759161188794,8.8168,-12.6649,18.6168
1759161188834,-8.8168,-3.7303,0.9832
1759161188874,-14.2658,7.2263,-4.4658
1759161188914,0.0000,14.2658,9.8000
1759161188954,14.2658,13.5724,24.0658
1759161188994,8.8168,5.5219,18.6168
1759161189034,-8.8168,-5.5219,0.9832
1759161189074,-14.2658,-13.5724,-4.4658
1759161189114,-0.0000,-14.2658,9.8000
1759161189154,14.2658,-7.2263,24.0658
1759161189194,8.8168,3.7303,18.6168
1759161189234,-8.8168,12.6649,0.9832
1759161189274,-14.2658,14.7343,-4.4658
1759161189314,-0.0000,8.8168,9.8000
1759161189354,14.2658,-1.8800,24.0658
1759161189394,8.8168,-11.5577,18.6168
1759161189434,-8.8168,-14.9704,0.9832
1759161189474,-14.2658,-10.2682,-4.4658
1759161189514,-0.0000,-0.0000,9.8000
1759161189554,14.2658,10.2682,24.0658
1759161189594,8.8168,14.9704,18.6168
1759161189634,-8.8168,11.5577,0.9832
1759161189674,-14.2658,1.8800,-4.4658
1759161189714,-0.0000,-8.8168,9.8000
1759161189754,14.2658,-14.7343,24.0658
1759161189794,8.8168,-12.6649,18.6168
1759161189834,-8.8168,-3.7303,0.9832
1759161189874,-14.2658,7.2263,-4.4658
1759161189914,-0.0000,14.2658,9.8000
1759161189954,14.2658,13.5724,24.0658
1759161189994,8.8168,5.5219,18.6168
1759161190034,-8.8168,-5.5219,0.9832
1759161190074,-14.2658,-13.5724,-4.4658
1759161190114,-0.0000,-14.2658,9.8000
1759161190154,14.2658,-7.2263,24.0658
1759161190194,8.8168,3.7303,18.6168
1759161190234,-8.8168,12.6649,0.9832
1759161190274,-14.2658,14.7343,-4.4658
1759161190314,0.0000,8.8168,9.8000
1759161190354,14.2658,-1.8800,24.0658
1759161190394,8.8168,-11.5577,18.6168
1759161190434,-8.8168,-14.9704,0.9832
1759161190474,-14.2658,-10.2682,-4.4658
1759161190514,0.0000,-0.0000,9.8000
1759161190554,14.2658,10.2682,24.0658
1759161190594,8.8168,14.9704,18.6168
1759161190634,-8.8168,11.5577,0.9832
1759161190674,-14.2658,1.8800,-4.4658
1759161190714,-0.0000,-8.8168,9.8000
1759161190754,14.2658,-14.7343,24.0658
1759161190794,8.8168,-12.6649,18.6168
1759161190834,-8.8168,-3.7303,0.9832
1759161190874,-14.2658,7.2263,-4.4658
1759161190914,-0.0000,14.2658,9.8000
1759161190954,14.2658,13.5724,24.0658
1759161190994,8.8168,5.5219,18.6168
1759161191034,-8.8168,-5.5219,0.9832
1759161191074,-14.2658,-13.5724,-4.4658
1759161191114,-0.0000,-14.2658,9.8000
1759161191154,14.2658,-7.2263,24.0658
1759161191194,8.8168,3.7303,18.6168
1759161191234,-8.8168,12.6649,0.9832
1759161191274,-14.2658,14.7343,-4.4658
1759161191314,0.0000,8.8168,9.8000
1759161191354,14.2658,-1.8800,24.0658
1759161191394,8.8168,-11.5577,18.6168
1759161191434,-8.8168,-14.9704,0.9832
1759161191474,-14.2658,-10.2682,-4.4658
1759161191514,-0.0000,-0.0000,9.8000
1759161191554,14.2658,10.2682,24.0658
1759161191594,8.8168,14.9704,18.6168
1759161191634,-8.8168,11.5577,0.9832
1759161191674,-14.2658,1.8800,-4.4658
1759161191714,-0.0000,-8.8168,9.8000
1759161191754,14.2658,-14.7343,24.0658
1759161191794,8.8168,-12.6649,18.6168
1759161191834,-8.8168,-3.7303,0.9832
1759161191874,-14.2658,7.2263,-4.4658
1759161191914,0.0000,14.2658,9.8000
1759161191954,14.2658,13.5724,24.0658
1759161191994,8.8168,5.5219,18.6168
1759161192034,-8.8168,-5.5219,0.9832
1759161192074,-14.2658,-13.5724,-4.4658
1759161192114,-0.0000,-14.2658,9.8000
1759161192154,14.2658,-7.2263,24.0658
1759161192194,8.8168,3.7303,18.6168
1759161192234,-8.8168,12.6649,0.9832
1759161192274,-14.2658,14.7343,-4.4658
1759161192314,-0.0000,8.8168,9.8000
1759161192354,14.2658,-1.8800,24.0658
1759161192394,8.8168,-11.5577,18.6168
1759161192434,-8.8168,-14.9704,0.9832
1759161192474,-14.2658,-10.2682,-4.4658
1759161192514,-0.0000,-0.0000,9.8000
1759161192554,14.2658,10.2682,24.0658
1759161192594,8.8168,14.9704,18.6168
1759161192634,-8.8168,11.5577,0.9832
1759161192674,-14.2658,1.8800,-4.4658
1759161192714,-0.0000,-8.8168,9.8000
1759161192754,14.2658,-14.7343,24.0658
1759161192794,8.8168,-12.6649,18.6168
1759161192834,-8.8168,-3.7303,0.9832
1759161192874,-14.2658,7.2263,-4.4658
1759161192914,-0.0000,14.2658,9.8000
1759161192954,14.2658,13.5724,24.0658
1759161192994,8.8168,5.5219,18.6168
1759161193034,-8.8168,-5.5219,0.9832
1759161193074,-14.2658,-13.5724,-4.4658
1759161193114,-0.0000,-14.2658,9.8000
1759161193154,14.2658,-7.2263,24.0658
1759161193194,8.8168,3.7303,18.6168
1759161193234,-8.8168,12.6649,0.9832
1759161193274,-14.2658,14.7343,-4.4658
1759161193314,0.0000,8.8168,9.8000
1759161193354,14.2658,-1.8800,24.0658
1759161193394,8.8168,-11.5577,18.6168
1759161193434,-8.8168,-14.9704,0.9832
1759161193474,-14.2658,-10.2682,-4.4658
1759161193514,0.0000,-0.0000,9.8000
1759161193554,14.2658,10.2682,24.0658
1759161193594,8.8168,14.9704,18.6168
1759161193634,-8.8168,11.5577,0.9832
1759161193674,-14.2658,1.8800,-4.4658
1759161193714,-0.0000,-8.8168,9.8000
1759161193754,14.2658,-14.7343,24.0658
1759161193794,8.8168,-12.6649,18.6168
1759161193834,-8.8168,-3.7303,0.9832
1759161193874,-14.2658,7.2263,-4.4658
1759161193914,-0.0000,14.2658,9.8000
1759161193954,14.2658,13.5724,24.0658
1759161193994,8.8168,5.5219,18.6168
1759161194034,-8.8168,-5.5219,0.9832
1759161194074,-14.2658,-13.5724,-4.4658
1759161194114,-0.0000,-14.2658,9.8000
1759161194154,14.2658,-7.2263,24.0658
1759161194194,8.8168,3.7303,18.6168
1759161194234,-8.8168,12.6649,0.9832
1759161194274,-14.2658,14.7343,-4.4658
1759161194314,-0.0000,8.8168,9.8000
1759161194354,14.2658,-1.8800,24.0658
1759161194394,8.8168,-11.5577,18.6168
1759161194434,-8.8168,-14.9704,0.9832
1759161194474,-14.2658,-10.2682,-4.4658
1759161194514,-0.0000,-0.0000,9.8000
1759161194554,14.2658,10.2682,24.0658
1759161194594,8.8168,14.9704,18.6168
1759161194634,-8.8168,11.5577,0.9832
1759161194674,-14.2658,1.8800,-4.4658
1759161194714,-0.0000,-8.8168,9.8000
1759161194754,14.2658,-14.7343,24.0658
1759161194794,8.8168,-12.6649,18.6168
1759161194834,-8.8168,-3.7303,0.9832
1759161194874,-14.2658,7.2263,-4.4658
1759161194914,0.0000,14.2658,9.8000
1759161194954,14.2658,13.5724,24.0658
1759161194994,8.8168,5.5219,18.6168
1759161195034,-8.8168,-5.5219,0.9832
1759161195074,-14.2658,-13.5724,-4.4658
1759161195114,-0.0000,-14.2658,9.8000
1759161195154,14.2658,-7.2263,24.0658
1759161195194,8.8168,3.7303,18.6168
1759161195234,-8.8168,12.6649,0.9832
1759161195274,-14.2658,14.7343,-4.4658
1759161195314,0.0000,8.8168,9.8000
1759161195354,14.2658,-1.8800,24.0658
1759161195394,8.8168,-11.5577,18.6168
1759161195434,-8.8168,-14.9704,0.9832
1759161195474,-14.2658,-10.2682,-4.4658
1759161195514,-0.0000,0.0000,9.8000
1759161195554,14.2658,10.2682,24.0658
1759161195594,8.8168,14.9704,18.6168
1759161195634,-8.8168,11.5577,0.9832
1759161195674,-14.2658,1.8800,-4.4658
1759161195714,-0.0000,-8.8168,9.8000
1759161195754,14.2658,-14.7343,24.0658
1759161195794,8.8168,-12.6649,18.6168
1759161195834,-8.8168,-3.7303,0.9832
1759161195874,-14.2658,7.2263,-4.4658
1759161195914,-0.0000,14.2658,9.8000
1759161195954,14.2658,13.5724,24.0658
1759161195994,8.8168,5.5219,18.6168
1759161196034,-8.8168,-5.5219,0.9832
1759161196074,-14.2658,-13.5724,-4.4658
1759161196114,-0.0000,-14.2658,9.8000
1759161196154,14.2658,-7.2263,24.0658
1759161196194,8.8168,3.7303,18.6168
1759161196234,-8.8168,12.6649,0.9832
1759161196274,-14.2658,14.7343,-4.4658
1759161196314,0.0000,8.8168,9.8000
1759161196354,14.2658,-1.8800,24.0658
1759161196394,8.8168,-11.5577,18.6168
1759161196434,-8.8168,-14.9704,0.9832
1759161196474,-14.2658,-10.2682,-4.4658
1759161196514,-0.0000,-0.0000,9.8000
1759161196554,14.2658,10.2682,24.0658
1759161196594,8.8168,14.9704,18.6168
1759161196634,-8.8168,11.5577,0.9832
1759161196674,-14.2658,1.8800,-4.4658
1759161196714,-0.0000,-8.8168,9.8000
1759161196754,14.2658,-14.7343,24.0658
1759161196794,8.8168,-12.6649,18.6168
1759161196834,-8.8168,-3.7303,0.9832
1759161196874,-14.2658,7.2263,-4.4658
1759161196914,0.0000,14.2658,9.8000
1759161196954,14.2658,13.5724,24.0658
1759161196994,8.8168,5.5219,18.6168
1759161197034,-8.8168,-5.5219,0.9832
1759161197074,-14.2658,-13.5724,-4.4658
1759161197114,-0.0000,-14.2658,9.8000
1759161197154,14.2658,-7.2263,24.0658
1759161197194,8.8168,3.7303,18.6168
1759161197234,-8.8168,12.6649,0.9832
1759161197274,-14.2658,14.7343,-4.4658
1759161197314,-0.0000,8.8168,9.8000
1759161197354,14.2658,-1.8800,24.0658
1759161197394,8.8168,-11.5577,18.6168
1759161197434,-8.8168,-14.9704,0.9832
1759161197474,-14.2658,-10.2682,-4.4658
1759161197514,-0.0000,-0.0000,9.8000
1759161197554,14.2658,10.2682,24.0658
1759161197594,8.8168,14.9704,18.6168
1759161197634,-8.8168,11.5577,0.9832
1759161197674,-14.2658,1.8800,-4.4658
1759161197714,-0.0000,-8.8168,9.8000
1759161197754,14.2658,-14.7343,24.0658
1759161197794,8.8168,-12.6649,18.6168
1759161197834,-8.8168,-3.7303,0.9832
1759161197874,-14.2658,7.2263,-4.4658
1759161197914,0.0000,14.2658,9.8000
1759161197954,14.2658,13.5724,24.0658
1759161197994,8.8168,5.5219,18.6168
1759161198034,-8.8168,-5.5219,0.9832
1759161198074,-14.2658,-13.5724,-4.4658
1759161198114,-0.0000,-14.2658,9.8000
1759161198154,14.2658,-7.2263,24.0658
1759161198194,8.8168,3.7303,18.6168
1759161198234,-8.8168,12.6649,0.9832
1759161198274,-14.2658,14.7343,-4.4658
1759161198314,0.0000,8.8168,9.8000
1759161198354,14.2658,-1.8800,24.0658
1759161198394,8.8168,-11.5577,18.6168
1759161198434,-8.8168,-14.9704,0.9832
1759161198474,-14.2658,-10.2682,-4.4658
1759161198514,0.0000,-0.0000,9.8000
1759161198554,14.2658,10.2682,24.0658
1759161198594,8.8168,14.9704,18.6168
1759161198634,-8.8168,11.5577,0.9832
1759161198674,-14.2658,1.8800,-4.4658
1759161198714,-0.0000,-8.8168,9.8000
1759161198754,14.2658,-14.7343,24.0658
1759161198794,8.8168,-12.6649,18.6168
1759161198834,-8.8168,-3.7303,0.9832
1759161198874,-14.2658,7.2263,-4.4658
1759161198914,-0.0000,14.2658,9.8000
1759161198954,14.2658,13.5724,24.0658
1759161198994,8.8168,5.5219,18.6168
1759161199034,-8.8168,-5.5219,0.9832
1759161199074,-14.2658,-13.5724,-4.4658
1759161199114,-0.0000,-14.2658,9.8000
1759161199154,14.2658,-7.2263,24.0658
1759161199194,8.8168,3.7303,18.6168
1759161199234,-8.8168,12.6649,0.9832
1759161199274,-14.2658,14.7343,-4.4658
1759161199314,0.0000,8.8168,9.8000
1759161199354,14.2658,-1.8800,24.0658
1759161199394,8.8168,-11.5577,18.6168
1759161199434,-8.8168,-14.9704,0.9832
1759161199474,-14.2658,-10.2682,-4.4658
1759161199514,-0.0000,-0.0000,9.8000
1759161199554,14.2658,10.2682,24.0658
1759161199594,8.8168,14.9704,18.6168
1759161199634,-8.8168,11.5577,0.9832
1759161199674,-14.2658,1.8800,-4.4658
1759161199714,-0.0000,-8.8168,9.8000
1759161199754,14.2658,-14.7343,24.0658
1759161199794,8.8168,-12.6649,18.6168
1759161199834,-8.8168,-3.7303,0.9832
1759161199874,-14.2658,7.2263,-4.4658
1759161199914,0.0000,14.2658,9.8000
1759161199954,14.2658,13.5724,24.0658
1759161199994,8.8168,5.5219,18.6168
1759161200034,-8.8168,-5.5219,0.9832
1759161200074,-14.2658,-13.5724,-4.4658
1759161200114,-0.0000,-14.2658,9.8000
1759161200154,14.2658,-7.2263,24.0658
1759161200194,8.8168,3.7303,18.6168
1759161200234,-8.8168,12.6649,0.9832
1759161200274,-14.2658,14.7343,-4.4658
1759161200314,-0.0000,8.8168,9.8000
1759161200354,14.2658,-1.8800,24.0658
1759161200394,8.8168,-11.5577,18.6168
1759161200434,-8.8168,-14.9704,0.9832
1759161200474,-14.2658,-10.2682,-4.4658
1759161200514,-0.0000,0.0000,9.8000
1759161200554,14.2658,10.2682,24.0658
1759161200594,8.8168,14.9704,18.6168
1759161200634,-8.8168,11.5577,0.9832
1759161200674,-14.2658,1.8800,-4.4658
1759161200714,-0.0000,-8.8168,9.8000
1759161200754,14.2658,-14.7343,24.0658
1759161200794,8.8168,-12.6649,18.6168
1759161200834,-8.8168,-3.7303,0.9832
1759161200874,-14.2658,7.2263,-4.4658
1759161200914,-0.0000,14.2658,9.8000
1759161200954,14.2658,13.5724,24.0658
1759161200994,8.8168,5.5219,18.6168
1759161201034,-8.8168,-5.5219,0.9832
1759161201074,-14.2658,-13.5724,-4.4658
1759161201114,-0.0000,-14.2658,9.8000
1759161201154,14.2658,-7.2263,24.0658
1759161201194,8.8168,3.7303,18.6168
1759161201234,-8.8168,12.6649,0.9832
1759161201274,-14.2658,14.7343,-4.4658
1759161201314,0.0000,8.8168,9.8000
1759161201354,14.2658,-1.8800,24.0658
1759161201394,8.8168,-11.5577,18.6168
1759161201434,-8.8168,-14.9704,0.9832
1759161201474,-14.2658,-10.2682,-4.4658
1759161201514,0.0000,0.0000,9.8000
1759161201554,14.2658,10.2682,24.0658
1759161201594,8.8168,14.9704,18.6168
1759161201634,-8.8168,11.5577,0.9832
1759161201674,-14.2658,1.8800,-4.4658
1759161201714,-0.0000,-8.8168,9.8000
1759161201754,14.2658,-14.7343,24.0658
1759161201794,8.8168,-12.6649,18.6168
1759161201834,-8.8168,-3.7303,0.9832
1759161201874,-14.2658,7.2263,-4.4658
1759161201914,-0.0000,14.2658,9.8000
1759161201954,14.2658,13.5724,24.0658
1759161201994,8.8168,5.5219,18.6168
1759161202034,-8.8168,-5.5219,0.9832
1759161202074,-14.2658,-13.5724,-4.4658
1759161202114,-0.0000,-14.2658,9.8000
1759161202154,14.2658,-7.2263,24.0658
1759161202194,8.8168,3.7303,18.6168
1759161202234,-8.8168,12.6649,0.9832
1759161202274,-14.2658,14.7343,-4.4658
1759161202314,-0.0000,8.8168,9.8000
1759161202354,14.2658,-1.8800,24.0658
1759161202394,8.8168,-11.5577,18.6168
1759161202434,-8.8168,-14.9704,0.9832
1759161202474,-14.2658,-10.2682,-4.4658
1759161202514,-0.0000,-0.0000,9.8000
1759161202554,14.2658,10.2682,24.0658
1759161202594,8.8168,14.9704,18.6168
1759161202634,-8.8168,11.5577,0.9832
1759161202674,-14.2658,1.8800,-4.4658
1759161202714,-0.0000,-8.8168,9.8000
1759161202754,14.2658,-14.7343,24.0658
1759161202794,8.8168,-12.6649,18.6168
1759161202834,-8.8168,-3.7303,0.9832
1759161202874,-14.2658,7.2263,-4.4658
1759161202914,0.0000,14.2658,9.8000
1759161202954,14.2658,13.5724,24.0658
1759161202994,8.8168,5.5219,18.6168
1759161203034,-8.8168,-5.5219,0.9832
1759161203074,-14.2658,-13.5724,-4.4658
1759161203114,-0.0000,-14.2658,9.8000
1759161203154,14.2658,-7.2263,24.0658
1759161203194,8.8168,3.7303,18.6168
1759161203234,-8.8168,12.6649,0.9832
1759161203274,-14.2658,14.7343,-4.4658
1759161203314,-0.0000,8.8168,9.8000
1759161203354,14.2658,-1.8800,24.0658
1759161203394,8.8168,-11.5577,18.6168
1759161203434,-8.8168,-14.9704,0.9832
1759161203474,-14.2658,-10.2682,-4.4658
1759161203514,-0.0000,-0.0000,9.8000
1759161203554,14.2658,10.2682,24.0658
1759161203594,8.8168,14.9704,18.6168
1759161203634,-8.8168,11.5577,0.9832
1759161203674,-14.2658,1.8800,-4.4658
1759161203714,-0.0000,-8.8168,9.8000
1759161203754,14.2658,-14.7343,24.0658
1759161203794,8.8168,-12.6649,18.6168
1759161203834,-8.8168,-3.7303,0.9832
1759161203874,-14.2658,7.2263,-4.4658
1759161203914,-0.0000,14.2658,9.8000
1759161203954,14.2658,13.5724,24.0658
1759161203994,8.8168,5.5219,18.6168
1759161204034,-8.8168,-5.5219,0.9832
1759161204074,-14.2658,-13.5724,-4.4658
1759161204114,-0.0000,-14.2658,9.8000
1759161204154,14.2658,-7.2263,24.0658
1759161204194,8.8168,3.7303,18.6168
1759161204234,-8.8168,12.6649,0.9832
1759161204274,-14.2658,14.7343,-4.4658
1759161204314,0.0000,8.8168,9.8000
1759161204354,14.2658,-1.8800,24.0658
1759161204394,8.8168,-11.5577,18.6168
1759161204434,-8.8168,-14.9704,0.9832
1759161204474,-14.2658,-10.2682,-4.4658
1759161204514,-0.0000,-0.0000,9.8000
1759161204554,14.2658,10.2682,24.0658
1759161204594,8.8168,14.9704,18.6168
1759161204634,-8.8168,11.5577,0.9832
1759161204674,-14.2658,1.8800,-4.4658
1759161204714,-0.0000,-8.8168,9.8000
1759161204754,14.2658,-14.7343,24.0658
1759161204794,8.8168,-12.6649,18.6168
1759161204834,-8.8168,-3.7303,0.9832
1759161204874,-14.2658,7.2263,-4.4658
1759161204914,-0.0000,14.2658,9.8000
1759161204954,14.2658,13.5724,24.0658
1759161204994,8.8168,5.5219,18.6168
1759161205034,-8.8168,-5.5219,0.9832
1759161205074,-14.2658,-13.5724,-4.4658
1759161205114,-0.0000,-14.2658,9.8000
1759161205154,14.2658,-7.2263,24.0658
1759161205194,8.8168,3.7303,18.6168
1759161205234,-8.8168,12.6649,0.9832
1759161205274,-14.2658,14.7343,-4.4658
1759161205314,-0.0000,8.8168,9.8000
1759161205354,14.2658,-1.8800,24.0658
1759161205394,8.8168,-11.5577,18.6168
1759161205434,-8.8168,-14.9704,0.9832
1759161205474,-14.2658,-10.2682,-4.4658
1759161205514,-0.0000,-0.0000,9.8000
1759161205554,14.2658,10.2682,24.0658
1759161205594,8.8168,14.9704,18.6168
1759161205634,-8.8168,11.5577,0.9832
1759161205674,-14.2658,1.8800,-4.4658
1759161205714,-0.0000,-8.8168,9.8000
1759161205754,14.2658,-14.7343,24.0658
1759161205794,8.8168,-12.6649,18.6168
1759161205834,-8.8168,-3.7303,0.9832
1759161205874,-14.2658,7.2263,-4.4658
1759161205914,0.0000,14.2658,9.8000
1759161205954,14.2658,13.5724,24.0658
1759161205994,8.8168,5.5219,18.6168
1759161206034,-8.8168,-5.5219,0.9832
1759161206074,-14.2658,-13.5724,-4.4658
1759161206114,-0.0000,-14.2658,9.8000
1759161206154,14.2658,-7.2263,24.0658
1759161206194,8.8168,3.7303,18.6168
1759161206234,-8.8168,12.6649,0.9832
1759161206274,-14.2658,14.7343,-4.4658
1759161206314,0.0000,8.8168,9.8000
1759161206354,14.2658,-1.8800,24.0658
1759161206394,8.8168,-11.5577,18.6168
1759161206434,-8.8168,-14.9704,0.9832
1759161206474,-14.2658,-10.2682,-4.4658
1759161206514,-0.0000,0.0000,9.8000
1759161206554,14.2658,10.2682,24.0658
1759161206594,8.8168,14.9704,18.6168
1759161206634,-8.8168,11.5577,0.9832
1759161206674,-14.2658,1.8800,-4.4658
1759161206714,-0.0000,-8.8168,9.8000
1759161206754,14.2658,-14.7343,24.0658
1759161206794,8.8168,-12.6649,18.6168
1759161206834,-8.8168,-3.7303,0.9832
1759161206874,-14.2658,7.2263,-4.4658
1759161206914,-0.0000,14.2658,9.8000
1759161206954,14.2658,13.5724,24.0658
1759161206994,8.8168,5.5219,18.6168
1759161207034,-8.8168,-5.5219,0.9832
1759161207074,-14.2658,-13.5724,-4.4658
1759161207114,-0.0000,-14.2658,9.8000
1759161207154,14.2658,-7.2263,24.0658
1759161207194,8.8168,3.7303,18.6168
1759161207234,-8.8168,12.6649,0.9832
1759161207274,-14.2658,14.7343,-4.4658
1759161207314,0.0000,8.8168,9.8000
1759161207354,14.2658,-1.8800,24.0658
1759161207394,8.8168,-11.5577,18.6168
1759161207434,-8.8168,-14.9704,0.9832
1759161207474,-14.2658,-10.2682,-4.4658
1759161207514,-0.0000,-0.0000,9.8000
1759161207554,14.2658,10.2682,24.0658
1759161207594,8.8168,14.9704,18.6168
1759161207634,-8.8168,11.5577,0.9832
1759161207674,-14.2658,1.8800,-4.4658
1759161207714,-0.0000,-8.8168,9.8000
1759161207754,14.2658,-14.7343,24.0658
1759161207794,8.8168,-12.6649,18.6168
1759161207834,-8.8168,-3.7303,0.9832
1759161207874,-14.2658,7.2263,-4.4658
1759161207914,0.0000,14.2658,9.8000
1759161207954,14.2658,13.5724,24.0658
1759161207994,8.8168,5.5219,18.6168
1759161208034,-8.8168,-5.5219,0.9832
1759161208074,-14.2658,-13.5724,-4.4658
1759161208114,-0.0000,-14.2658,9.8000
1759161208154,14.2658,-7.2263,24.0658
1759161208194,8.8168,3.7303,18.6168
1759161208234,-8.8168,12.6649,0.9832
1759161208274,-14.2658,14.7343,-4.4658
1759161208314,-0.0000,8.8168,9.8000
1759161208354,14.2658,-1.8800,24.0658
1759161208394,8.8168,-11.5577,18.6168
1759161208434,-8.8168,-14.9704,0.9832
1759161208474,-14.2658,-10.2682,-4.4658
1759161208514,-0.0000,-0.0000,9.8000
1759161208554,14.2658,10.2682,24.0658
1759161208594,8.8168,14.9704,18.6168
1759161208634,-8.8168,11.5577,0.9832
1759161208674,-14.2658,1.8800,-4.4658
1759161208714,-0.0000,-8.8168,9.8000
1759161208754,14.2658,-14.7343,24.0658
1759161208794,8.8168,-12.6649,18.6168
1759161208834,-8.8168,-3.7303,0.9832
1759161208874,-14.2658,7.2263,-4.4658
1759161208914,-0.0000,14.2658,9.8000
1759161208954,14.2658,13.5724,24.0658
1759161208994,8.8168,5.5219,18.6168
1759161209034,-8.8168,-5.5219,0.9832
1759161209074,-14.2658,-13.5724,-4.4658
1759161209114,-0.0000,-14.2658,9.8000
1759161209154,14.2658,-7.2263,24.0658
1759161209194,8.8168,3.7303,18.6168
1759161209234,-8.8168,12.6649,0.9832
1759161209274,-14.2658,14.7343,-4.4658
1759161209314,0.0000,8.8168,9.8000
1759161209354,14.2658,-1.8800,24.0658
1759161209394,8.8168,-11.5577,18.6168
1759161209434,-8.8168,-14.9704,0.9832
1759161209474,-14.2658,-10.2682,-4.4658
1759161209514,0.0000,-0.0000,9.8000
1759161209554,14.2658,10.2682,24.0658
1759161209594,8.8168,14.9704,18.6168
1759161209634,-8.8168,11.5577,0.9832
1759161209674,-14.2658,1.8800,-4.4658
1759161209714,-0.0000,-8.8168,9.8000
1759161209754,14.2658,-14.7343,24.0658
1759161209794,8.8168,-12.6649,18.6168
1759161209834,-8.8168,-3.7303,0.9832
1759161209874,-14.2658,7.2263,-4.4658
1759161209914,-0.0000,14.2658,9.8000
1759161209954,14.2658,13.5724,24.0658
1759161209994,8.8168,5.5219,18.6168
1759161210034,-8.8168,-5.5219,0.9832
1759161210074,-14.2658,-13.5724,-4.4658
1759161210114,-0.0000,-14.2658,9.8000
1759161210154,14.2658,-7.2263,24.0658
1759161210194,8.8168,3.7303,18.6168
1759161210234,-8.8168,12.6649,0.9832
1759161210274,-14.2658,14.7343,-4.4658
1759161210314,0.0000,8.8168,9.8000
1759161210354,14.2658,-1.8800,24.0658
1759161210394,8.8168,-11.5577,18.6168
1759161210434,-8.8168,-14.9704,0.9832
1759161210474,-14.2658,-10.2682,-4.4658
1759161210514,-0.0000,-0.0000,9.8000
1759161210554,14.2658,10.2682,24.0658
1759161210594,8.8168,14.9704,18.6168
1759161210634,-8.8168,11.5577,0.9832
1759161210674,-14.2658,1.8800,-4.4658
1759161210714,-0.0000,-8.8168,9.8000
1759161210754,14.2658,-14.7343,24.0658
1759161210794,8.8168,-12.6649,18.6168
1759161210834,-8.8168,-3.7303,0.9832
1759161210874,-14.2658,7.2263,-4.4658
1759161210914,0.0000,14.2658,9.8000
1759161210954,14.2658,13.5724,24.0658
1759161210994,8.8168,5.5219,18.6168
1759161211034,-8.8168,-5.5219,0.9832
1759161211074,-14.2658,-13.5724,-4.4658
1759161211114,-0.0000,-14.2658,9.8000
1759161211154,14.2658,-7.2263,24.0658
1759161211194,8.8168,3.7303,18.6168
1759161211234,-8.8168,12.6649,0.9832
1759161211274,-14.2658,14.7343,-4.4658
1759161211314,-0.0000,8.8168,9.8000
1759161211354,14.2658,-1.8800,24.0658
1759161211394,8.8168,-11.5577,18.6168
1759161211434,-8.8168,-14.9704,0.9832
1759161211474,-14.2658,-10.2682,-4.4658
1759161211514,-0.0000,0.0000,9.8000
1759161211554,14.2658,10.2682,24.0658
1759161211594,8.8168,14.9704,18.6168
1759161211634,-8.8168,11.5577,0.9832
1759161211674,-14.2658,1.8800,-4.4658
1759161211714,-0.0000,-8.8168,9.8000
1759161211754,14.2658,-14.7343,24.0658
1759161211794,8.8168,-12.6649,18.6168
1759161211834,-8.8168,-3.7303,0.9832
1759161211874,-14.2658,7.2263,-4.4658
1759161211914,-0.0000,14.2658,9.8000
1759161211954,14.2658,13.5724,24.0658
1759161211994,8.8168,5.5219,18.6168
1759161212034,-8.8168,-5.5219,0.9832
1759161212074,-14.2658,-13.5724,-4.4658
1759161212114,-0.0000,-14.2658,9.8000
1759161212154,14.2658,-7.2263,24.0658
1759161212194,8.8168,3.7303,18.6168
1759161212234,-8.8168,12.6649,0.9832
1759161212274,-14.2658,14.7343,-4.4658
1759161212314,0.0000,8.8168,9.8000
1759161212354,14.2658,-1.8800,24.0658
1759161212394,8.8168,-11.5577,18.6168
1759161212434,-8.8168,-14.9704,0.9832
1759161212474,-14.2658,-10.2682,-4.4658
1759161212514,0.0000,0.0000,9.8000
1759161212554,14.2658,10.2682,24.0658
1759161212594,8.8168,14.9704,18.6168
1759161212634,-8.8168,11.5577,0.9832
1759161212674,-14.2658,1.8800,-4.4658
1759161212714,-0.0000,-8.8168,9.8000
1759161212754,14.2658,-14.7343,24.0658
1759161212794,8.8168,-12.6649,18.6168
1759161212834,-8.8168,-3.7303,0.9832
1759161212874,-14.2658,7.2263,-4.4658
1759161212914,-0.0000,14.2658,9.8000
1759161212954,14.2658,13.5724,24.0658
1759161212994,8.8168,5.5219,18.6168
1759161213034,-8.8168,-5.5219,0.9832
1759161213074,-14.2658,-13.5724,-4.4658
1759161213114,-0.0000,-14.2658,9.8000
1759161213154,14.2658,-7.2263,24.0658
1759161213194,8.8168,3.7303,18.6168
1759161213234,-8.8168,12.6649,0.9832
1759161213274,-14.2658,14.7343,-4.4658
1759161213314,-0.0000,8.8168,9.8000
1759161213354,14.2658,-1.8800,24.0658
1759161213394,8.8168,-11.5577,18.6168
1759161213434,-8.8168,-14.9704,0.9832
1759161213474,-14.2658,-10.2682,-4.4658
1759161213514,-0.0000,-0.0000,9.8000
1759161213554,14.2658,10.2682,24.0658
1759161213594,8.8168,14.9704,18.6168
1759161213634,-8.8168,11.5577,0.9832
1759161213674,-14.2658,1.8800,-4.4658
1759161213714,-0.0000,-8.8168,9.8000
1759161213754,14.2658,-14.7343,24.0658
1759161213794,8.8168,-12.6649,18.6168
1759161213834,-8.8168,-3.7303,0.9832
1759161213874,-14.2658,7.2263,-4.4658
1759161213914,0.0000,14.2658,9.8000
1759161213954,14.2658,13.5724,24.0658
1759161213994,8.8168,5.5219,18.6168
1759161214034,-8.8168,-5.5219,0.9832
1759161214074,-14.2658,-13.5724,-4.4658
1759161214114,-0.0000,-14.2658,9.8000
1759161214154,14.2658,-7.2263,24.0658
1759161214194,8.8168,3.7303,18.6168
1759161214234,-8.8168,12.6649,0.9832
1759161214274,-14.2658,14.7343,-4.4658
1759161214314,0.0000,8.8168,9.8000
1759161214354,14.2658,-1.8800,24.0658
1759161214394,8.8168,-11.5577,18.6168
1759161214434,-8.8168,-14.9704,0.9832
1759161214474,-14.2658,-10.2682,-4.4658
1759161214514,-0.0000,-0.0000,9.8000
1759161214554,14.2658,10.2682,24.0658
1759161214594,8.8168,14.9704,18.6168
1759161214634,-8.8168,11.5577,0.9832
1759161214674,-14.2658,1.8800,-4.4658
1759161214714,-0.0000,-8.8168,9.8000
1759161214754,14.2658,-14.7343,24.0658
1759161214794,8.8168,-12.6649,18.6168
1759161214834,-8.8168,-3.7303,0.9832
1759161214874,-14.2658,7.2263,-4.4658
1759161214914,-0.0000,14.2658,9.8000
1759161214954,14.2658,13.5724,24.0658
1759161214994,8.8168,5.5219,18.6168
1759161215034,-8.8168,-5.5219,0.9832
1759161215074,-14.2658,-13.5724,-4.4658
1759161215114,-0.0000,-14.2658,9.8000
1759161215154,14.2658,-7.2263,24.0658
1759161215194,8.8168,3.7303,18.6168
1759161215234,-8.8168,12.6649,0.9832
1759161215274,-14.2658,14.7343,-4.4658
1759161215314,0.0000,8.8168,9.8000
1759161215354,14.2658,-1.8800,24.0658
1759161215394,8.8168,-11.5577,18.6168
1759161215434,-8.8168,-14.9704,0.9832
1759161215474,-14.2658,-10.2682,-4.4658
1759161215514,-0.0000,-0.0000,9.8000
1759161215554,14.2658,10.2682,24.0658
1759161215594,8.8168,14.9704,18.6168
1759161215634,-8.8168,11.5577,0.9832
1759161215674,-14.2658,1.8800,-4.4658
1759161215714,-0.0000,-8.8168,9.8000
1759161215754,14.2658,-14.7343,24.0658
1759161215794,8.8168,-12.6649,18.6168
1759161215834,-8.8168,-3.7303,0.9832
1759161215874,-14.2658,7.2263,-4.4658
1759161215914,0.0000,14.2658,9.8000
1759161215954,14.2658,13.5724,24.0658
1759161215994,8.8168,5.5219,18.6168
1759161216034,-8.8168,-5.5219,0.9832
1759161216074,-14.2658,-13.5724,-4.4658
1759161216114,-0.0000,-14.2658,9.8000
1759161216154,14.2658,-7.2263,24.0658
1759161216194,8.8168,3.7303,18.6168
1759161216234,-8.8168,12.6649,0.9832
1759161216274,-14.2658,14.7343,-4.4658
1759161216314,-0.0000,8.8168,9.8000
1759161216354,14.2658,-1.8800,24.0658
1759161216394,8.8168,-11.5577,18.6168
1759161216434,-8.8168,-14.9704,0.9832
1759161216474,-14.2658,-10.2682,-4.4658
1759161216514,-0.0000,-0.0000,9.8000
1759161216554,14.2658,10.2682,24.0658
1759161216594,8.8168,14.9704,18.6168
1759161216634,-8.8168,11.5577,0.9832
1759161216674,-14.2658,1.8800,-4.4658
1759161216714,-0.0000,-8.8168,9.8000
1759161216754,14.2658,-14.7343,24.0658
1759161216794,8.8168,-12.6649,18.6168
1759161216834,-8.8168,-3.7303,0.9832
1759161216874,-14.2658,7.2263,-4.4658
1759161216914,0.0000,14.2658,9.8000
1759161216954,14.2658,13.5724,24.0658
1759161216994,8.8168,5.5219,18.6168
1759161217034,-8.8168,-5.5219,0.9832
1759161217074,-14.2658,-13.5724,-4.4658
1759161217114,-0.0000,-14.2658,9.8000
1759161217154,14.2658,-7.2263,24.0658
1759161217194,8.8168,3.7303,18.6168
1759161217234,-8.8168,12.6649,0.9832
1759161217274,-14.2658,14.7343,-4.4658
1759161217314,0.0000,8.8168,9.8000
1759161217354,14.2658,-1.8800,24.0658
1759161217394,8.8168,-11.5577,18.6168
1759161217434,-8.8168,-14.9704,0.9832
1759161217474,-14.2658,-10.2682,-4.4658
1759161217514,-0.0000,0.0000,9.8000
1759161217554,14.2658,10.2682,24.0658
1759161217594,8.8168,14.9704,18.6168
1759161217634,-8.8168,11.5577,0.9832
1759161217674,-14.2658,1.8800,-4.4658
1759161217714,-0.0000,-8.8168,9.8000
1759161217754,14.2658,-14.7343,24.0658
1759161217794,8.8168,-12.6649,18.6168
1759161217834,-8.8168,-3.7303,0.9832
1759161217874,-14.2658,7.2263,-4.4658
1759161217914,-0.0000,14.2658,9.8000
1759161217954,14.2658,13.5724,24.0658
1759161217994,8.8168,5.5219,18.6168
1759161218034,-8.8168,-5.5219,0.9832
1759161218074,-14.2658,-13.5724,-4.4658
1759161218114,-0.0000,-14.2658,9.8000
1759161218154,14.2658,-7.2263,24.0658
1759161218194,8.8168,3.7303,18.6168
1759161218234,-8.8168,12.6649,0.9832
1759161218274,-14.2658,14.7343,-4.4658
1759161218314,0.0000,8.8168,9.8000
1759161218354,14.2658,-1.8800,24.0658
1759161218394,8.8168,-11.5577,18.6168
1759161218434,-8.8168,-14.9704,0.9832
1759161218474,-14.2658,-10.2682,-4.4658
1759161218514,-0.0000,0.0000,9.8000
1759161218554,14.2658,10.2682,24.0658
1759161218594,8.8168,14.9704,18.6168
1759161218634,-8.8168,11.5577,0.9832
1759161218674,-14.2658,1.8800,-4.4658
1759161218714,-0.0000,-8.8168,9.8000
1759161218754,14.2658,-14.7343,24.0658
1759161218794,8.8168,-12.6649,18.6168
1759161218834,-8.8168,-3.7303,0.9832
1759161218874,-14.2658,7.2263,-4.4658
1759161218914,0.0000,14.2658,9.8000
1759161218954,14.2658,13.5724,24.0658
1759161218994,8.8168,5.5219,18.6168
1759161219034,-8.8168,-5.5219,0.9832
1759161219074,-14.2658,-13.5724,-4.4658
1759161219114,-0.0000,-14.2658,9.8000
1759161219154,14.2658,-7.2263,24.0658
1759161219194,8.8168,3.7303,18.6168
1759161219234,-8.8168,12.6649,0.9832
1759161219274,-14.2658,14.7343,-4.4658
1759161219314,-0.0000,8.8168,9.8000
1759161219354,14.2658,-1.8800,24.0658
1759161219394,8.8168,-11.5577,18.6168
1759161219434,-8.8168,-14.9704,0.9832
1759161219474,-14.2658,-10.2682,-4.4658
1759161219514,-0.0000,-0.0000,9.8000
1759161219554,14.2658,10.2682,24.0658
1759161219594,8.8168,14.9704,18.6168
1759161219634,-8.8168,11.5577,0.9832
1759161219674,-14.2658,1.8800,-4.4658
1759161219714,-0.0000,-8.8168,9.8000
1759161219754,14.2658,-14.7343,24.0658
1759161219794,8.8168,-12.6649,18.6168
1759161219834,-8.8168,-3.7303,0.9832
1759161219874,-14.2658,7.2263,-4.4658
1759161219914,-0.0000,14.2658,9.8000
1759161219954,14.2658,13.5724,24.0658
1759161219994,8.8168,5.5219,18.6168
1759161220034,-8.8168,-5.5219,0.9832
1759161220074,-14.2658,-13.5724,-4.4658
1759161220114,-0.0000,-14.2658,9.8000
1759161220154,14.2658,-7.2263,24.0658
1759161220194,8.8168,3.7303,18.6168
1759161220234,-8.8168,12.6649,0.9832
1759161220274,-14.2658,14.7343,-4.4658
1759161220314,0.0000,8.8168,9.8000
1759161220354,14.2658,-1.8800,24.0658
1759161220394,8.8168,-11.5577,18.6168
1759161220434,-8.8168,-14.9704,0.9832
1759161220474,-14.2658,-10.2682,-4.4658
1759161220514,0.0000,-0.0000,9.8000
1759161220554,14.2658,10.2682,24.0658
1759161220594,8.8168,14.9704,18.6168
1759161220634,-8.8168,11.5577,0.9832
1759161220674,-14.2658,1.8800,-4.4658
1759161220714,-0.0000,-8.8168,9.8000
1759161220754,14.2658,-14.7343,24.0658
1759161220794,8.8168,-12.6649,18.6168
1759161220834,-8.8168,-3.7303,0.9832
1759161220874,-14.2658,7.2263,-4.4658
1759161220914,-0.0000,14.2658,9.8000
1759161220954,14.2658,13.5724,24.0658
1759161220994,8.8168,5.5219,18.6168
1759161221034,-8.8168,-5.5219,0.9832
1759161221074,-14.2658,-13.5724,-4.4658
1759161221114,-0.0000,-14.2658,9.8000
1759161221154,14.2658,-7.2263,24.0658
1759161221194,8.8168,3.7303,18.6168
1759161221234,-8.8168,12.6649,0.9832
1759161221274,-14.2658,14.7343,-4.4658
1759161221314,-0.0000,8.8168,9.8000
1759161221354,14.2658,-1.8800,24.0658
1759161221394,8.8168,-11.5577,18.6168
1759161221434,-8.8168,-14.9704,0.9832
1759161221474,-14.2658,-10.2682,-4.4658
1759161221514,-0.0000,-0.0000,9.8000
1759161221554,14.2658,10.2682,24.0658
1759161221594,8.8168,14.9704,18.6168
1759161221634,-8.8168,11.5577,0.9832
1759161221674,-14.2658,1.8800,-4.4658
1759161221714,-0.0000,-8.8168,9.8000
1759161221754,14.2658,-14.7343,24.0658
1759161221794,8.8168,-12.6649,18.6168
1759161221834,-8.8168,-3.7303,0.9832
1759161221874,-14.2658,7.2263,-4.4658
1759161221914,0.0000,14.2658,9.8000
1759161221954,14.2658,13.5724,24.0658
1759161221994,8.8168,5.5219,18.6168
1759161222034,-8.8168,-5.5219,0.9832
1759161222074,-14.2658,-13.5724,-4.4658
1759161222114,-0.0000,-14.2658,9.8000
1759161222154,14.2658,-7.2263,24.0658
1759161222194,8.8168,3.7303,18.6168
1759161222234,-8.8168,12.6649,0.9832
1759161222274,-14.2658,14.7343,-4.4658
1759161222314,-0.0000,8.8168,9.8000
1759161222354,14.2658,-1.8800,24.0658
1759161222394,8.8168,-11.5577,18.6168
1759161222434,-8.8168,-14.9704,0.9832
1759161222474,-14.2658,-10.2682,-4.4658
1759161222514,-0.0000,0.0000,9.8000
1759161222554,14.2658,10.2682,24.0658
1759161222594,8.8168,14.9704,18.6168
1759161222634,-8.8168,11.5577,0.9832
1759161222674,-14.2658,1.8800,-4.4658
1759161222714,-0.0000,-8.8168,9.8000
1759161222754,14.2658,-14.7343,24.0658
1759161222794,8.8168,-12.6649,18.6168
1759161222834,-8.8168,-3.7303,0.9832
1759161222874,-14.2658,7.2263,-4.4658
1759161222914,-0.0000,14.2658,9.8000
1759161222954,14.2658,13.5724,24.0658
1759161222994,8.8168,5.5219,18.6168
1759161223034,-8.8168,-5.5219,0.9832
1759161223074,-14.2658,-13.5724,-4.4658
1759161223114,-0.0000,-14.2658,9.8000
1759161223154,14.2658,-7.2263,24.0658
1759161223194,8.8168,3.7303,18.6168
1759161223234,-8.8168,12.6649,0.9832
1759161223274,-14.2658,14.7343,-4.4658
1759161223314,0.0000,8.8168,9.8000
1759161223354,14.2658,-1.8800,24.0658
1759161223394,8.8168,-11.5577,18.6168
1759161223434,-8.8168,-14.9704,0.9832
1759161223474,-14.2658,-10.2682,-4.4658
1759161223514,-0.0000,0.0000,9.8000
1759161223554,14.2658,10.2682,24.0658
1759161223594,8.8168,14.9704,18.6168
1759161223634,-8.8168,11.5577,0.9832
1759161223674,-14.2658,1.8800,-4.4658
1759161223714,-0.0000,-8.8168,9.8000
1759161223754,14.2658,-14.7343,24.0658
1759161223794,8.8168,-12.6649,18.6168
1759161223834,-8.8168,-3.7303,0.9832
1759161223874,-14.2658,7.2263,-4.4658
1759161223914,-0.0000,14.2658,9.8000
1759161223954,14.2658,13.5724,24.0658
1759161223994,8.8168,5.5219,18.6168
1759161224034,-8.8168,-5.5219,0.9832
1759161224074,-14.2658,-13.5724,-4.4658
1759161224114,-0.0000,-14.2658,9.8000
1759161224154,14.2658,-7.2263,24.0658
1759161224194,8.8168,3.7303,18.6168
1759161224234,-8.8168,12.6649,0.9832
1759161224274,-14.2658,14.7343,-4.4658
1759161224314,-0.0000,8.8168,9.8000
1759161224354,14.2658,-1.8800,24.0658
1759161224394,8.8168,-11.5577,18.6168
1759161224434,-8.8168,-14.9704,0.9832
1759161224474,-14.2658,-10.2682,-4.4658
1759161224514,-0.0000,-0.0000,9.8000
1759161224554,14.2658,10.2682,24.0658
1759161224594,8.8168,14.9704,18.6168
1759161224634,-8.8168,11.5577,0.9832
1759161224674,-14.2658,1.8800,-4.4658
1759161224714,-0.0000,-8.8168,9.8000
1759161224754,14.2658,-14.7343,24.0658
1759161224794,8.8168,-12.6649,18.6168
1759161224834,-8.8168,-3.7303,0.9832
1759161224874,-14.2658,7.2263,-4.4658
1759161224914,0.0000,14.2658,9.8000
1759161224954,14.2658,13.5724,24.0658
1759161224994,8.8168,5.5219,18.6168
1759161225034,-8.8168,-5.5219,0.9832
1759161225074,-14.2658,-13.5724,-4.4658
1759161225114,-0.0000,-14.2658,9.8000
1759161225154,14.2658,-7.2263,24.0658
1759161225194,8.8168,3.7303,18.6168
1759161225234,-8.8168,12.6649,0.9832
1759161225274,-14.2658,14.7343,-4.4658
1759161225314,0.0000,8.8168,9.8000
1759161225354,14.2658,-1.8800,24.0658
1759161225394,8.8168,-11.5577,18.6168
1759161225434,-8.8168,-14.9704,0.9832
1759161225474,-14.2658,-10.2682,-4.4658
1759161225514,-0.0000,-0.0000,9.8000
1759161225554,14.2658,10.2682,24.0658
1759161225594,8.8168,14.9704,18.6168
1759161225634,-8.8168,11.5577,0.9832
1759161225674,-14.2658,1.8800,-4.4658
1759161225714,-0.0000,-8.8168,9.8000
1759161225754,14.2658,-14.7343,24.0658
1759161225794,8.8168,-12.6649,18.6168
1759161225834,-8.8168,-3.7303,0.9832
1759161225874,-14.2658,7.2263,-4.4658
1759161225914,-0.0000,14.2658,9.8000
1759161225954,14.2658,13.5724,24.0658
1759161225994,8.8168,5.5219,18.6168
1759161226034,-8.8168,-5.5219,0.9832
1759161226074,-14.2658,-13.5724,-4.4658
1759161226114,-0.0000,-14.2658,9.8000
1759161226154,14.2658,-7.2263,24.0658
1759161226194,8.8168,3.7303,18.6168
1759161226234,-8.8168,12.6649,0.9832
1759161226274,-14.2658,14.7343,-4.4658
1759161226314,0.0000,8.8168,9.8000
1759161226354,14.2658,-1.8800,24.0658
1759161226394,8.8168,-11.5577,18.6168
1759161226434,-8.8168,-14.9704,0.9832
1759161226474,-14.2658,-10.2682,-4.4658
1759161226514,-0.0000,-0.0000,9.8000
1759161226554,14.2658,10.2682,24.0658
1759161226594,8.8168,14.9704,18.6168
1759161226634,-8.8168,11.5577,0.9832
1759161226674,-14.2658,1.8800,-4.4658
1759161226714,-0.0000,-8.8168,9.8000
1759161226754,14.2658,-14.7343,24.0658
1759161226794,8.8168,-12.6649,18.6168
1759161226834,-8.8168,-3.7303,0.9832
1759161226874,-14.2658,7.2263,-4.4658
1759161226914,0.0000,14.2658,9.8000
1759161226954,14.2658,13.5724,24.0658
1759161226994,8.8168,5.5219,18.6168
1759161227034,-8.8168,-5.5219,0.9832
1759161227074,-14.2658,-13.5724,-4.4658
1759161227114,-0.0000,-14.2658,9.8000
1759161227154,14.2658,-7.2263,24.0658
1759161227194,8.8168,3.7303,18.6168
1759161227234,-8.8168,12.6649,0.9832
1759161227274,-14.2658,14.7343,-4.4658
1759161227314,-0.0000,8.8168,9.8000
1759161227354,14.2658,-1.8800,24.0658
1759161227394,8.8168,-11.5577,18.6168
1759161227434,-8.8168,-14.9704,0.9832
1759161227474,-14.2658,-10.2682,-4.4658
1759161227514,-0.0000,-0.0000,9.8000
1759161227554,14.2658,10.2682,24.0658
1759161227594,8.8168,14.9704,18.6168
1759161227634,-8.8168,11.5577,0.9832
1759161227674,-14.2658,1.8800,-4.4658
1759161227714,-0.0000,-8.8168,9.8000
1759161227754,14.2658,-14.7343,24.0658
1759161227794,8.8168,-12.6649,18.6168
1759161227834,-8.8168,-3.7303,0.9832
1759161227874,-14.2658,7.2263,-4.4658
1759161227914,-0.0000,14.2658,9.8000
1759161227954,14.2658,13.5724,24.0658
1759161227994,8.8168,5.5219,18.6168
1759161228034,-8.8168,-5.5219,0.9832
1759161228074,-14.2658,-13.5724,-4.4658
1759161228114,-0.0000,-14.2658,9.8000
1759161228154,14.2658,-7.2263,24.0658
1759161228194,8.8168,3.7303,18.6168
1759161228234,-8.8168,12.6649,0.9832
1759161228274,-14.2658,14.7343,-4.4658
1759161228314,0.0000,8.8168,9.8000
1759161228354,14.2658,-1.8800,24.0658
1759161228394,8.8168,-11.5577,18.6168
1759161228434,-8.8168,-14.9704,0.9832
1759161228474,-14.2658,-10.2682,-4.4658
1759161228514,0.0000,0.0000,9.8000
1759161228554,14.2658,10.2682,24.0658
1759161228594,8.8168,14.9704,18.6168
1759161228634,-8.8168,11.5577,0.9832
1759161228674,-14.2658,1.8800,-4.4658
1759161228714,-0.0000,-8.8168,9.8000
1759161228754,14.2658,-14.7343,24.0658
1759161228794,8.8168,-12.6649,18.6168
1759161228834,-8.8168,-3.7303,0.9832
1759161228874,-14.2658,7.2263,-4.4658
1759161228914,-0.0000,14.2658,9.8000
1759161228954,14.2658,13.5724,24.0658
1759161228994,8.8168,5.5219,18.6168
1759161229034,-8.8168,-5.5219,0.9832
1759161229074,-14.2658,-13.5724,-4.4658
1759161229114,-0.0000,-14.2658,9.8000
1759161229154,14.2658,-7.2263,24.0658
1759161229194,8.8168,3.7303,18.6168
1759161229234,-8.8168,12.6649,0.9832
1759161229274,-14.2658,14.7343,-4.4658
1759161229314,0.0000,8.8168,9.8000
1759161229354,14.2658,-1.8800,24.0658
1759161229394,8.8168,-11.5577,18.6168
1759161229434,-8.8168,-14.9704,0.9832
1759161229474,-14.2658,-10.2682,-4.4658
1759161229514,-0.0000,0.0000,9.8000
1759161229554,14.2658,10.2682,24.0658
1759161229594,8.8168,14.9704,18.6168
1759161229634,-8.8168,11.5577,0.9832
1759161229674,-14.2658,1.8800,-4.4658
1759161229714,-0.0000,-8.8168,9.8000
1759161229754,14.2658,-14.7343,24.0658
1759161229794,8.8168,-12.6649,18.6168
1759161229834,-8.8168,-3.7303,0.9832
1759161229874,-14.2658,7.2263,-4.4658
1759161229914,0.0000,14.2658,9.8000
1759161229954,14.2658,13.5724,24.0658
1759161229994,8.8168,5.5219,18.6168
1759161230034,-8.8168,-5.5219,0.9832
1759161230074,-14.2658,-13.5724,-4.4658
1759161230114,-0.0000,-14.2658,9.8000
1759161230154,14.2658,-7.2263,24.0658
1759161230194,8.8168,3.7303,18.6168
1759161230234,-8.8168,12.6649,0.9832
1759161230274,-14.2658,14.7343,-4.4658
1759161230314,-0.0000,8.8168,9.8000
1759161230354,14.2658,-1.8800,24.0658
1759161230394,8.8168,-11.5577,18.6168
1759161230434,-8.8168,-14.9704,0.9832
1759161230474,-14.2658,-10.2682,-4.4658
1759161230514,-0.0000,-0.0000,9.8000
1759161230554,14.2658,10.2682,24.0658
1759161230594,8.8168,14.9704,18.6168
1759161230634,-8.8168,11.5577,0.9832
1759161230674,-14.2658,1.8800,-4.4658
1759161230714,-0.0000,-8.8168,9.8000
1759161230754,14.2658,-14.7343,24.0658
1759161230794,8.8168,-12.6649,18.6168
1759161230834,-8.8168,-3.7303,0.9832
1759161230874,-14.2658,7.2263,-4.4658
1759161230914,-0.0000,14.2658,9.8000
1759161230954,14.2658,13.5724,24.0658
1759161230994,8.8168,5.5219,18.6168
1759161231034,-8.8168,-5.5219,0.9832
1759161231074,-14.2658,-13.5724,-4.4658
1759161231114,-0.0000,-14.2658,9.8000
1759161231154,14.2658,-7.2263,24.0658
1759161231194,8.8168,3.7303,18.6168
1759161231234,-8.8168,12.6649,0.9832
1759161231274,-14.2658,14.7343,-4.4658
1759161231314,0.0000,8.8168,9.8000
1759161231354,14.2658,-1.8800,24.0658
1759161231394,8.8168,-11.5577,18.6168
1759161231434,-8.8168,-14.9704,0.9832
1759161231474,-14.2658,-10.2682,-4.4658
1759161231514,0.0000,-0.0000,9.8000
1759161231554,14.2658,10.2682,24.0658
1759161231594,8.8168,14.9704,18.6168
1759161231634,-8.8168,11.5577,0.9832
1759161231674,-14.2658,1.8800,-4.4658
1759161231714,-0.0000,-8.8168,9.8000
1759161231754,14.2658,-14.7343,24.0658
1759161231794,8.8168,-12.6649,18.6168
1759161231834,-8.8168,-3.7303,0.9832
1759161231874,-14.2658,7.2263,-4.4658
1759161231914,-0.0000,14.2658,9.8000
1759161231954,14.2658,13.5724,24.0658
1759161231994,8.8168,5.5219,18.6168
1759161232034,-8.8168,-5.5219,0.9832
1759161232074,-14.2658,-13.5724,-4.4658
1759161232114,-0.0000,-14.2658,9.8000
1759161232154,14.2658,-7.2263,24.0658
1759161232194,8.8168,3.7303,18.6168
1759161232234,-8.8168,12.6649,0.9832
1759161232274,-14.2658,14.7343,-4.4658
1759161232314,-0.0000,8.8168,9.8000
1759161232354,14.2658,-1.8800,24.0658
1759161232394,8.8168,-11.5577,18.6168
1759161232434,-8.8168,-14.9704,0.9832
1759161232474,-14.2658,-10.2682,-4.4658
1759161232514,-0.0000,-0.0000,9.8000
1759161232554,14.2658,10.2682,24.0658
1759161232594,8.8168,14.9704,18.6168
1759161232634,-8.8168,11.5577,0.9832
1759161232674,-14.2658,1.8800,-4.4658
1759161232714,-0.0000,-8.8168,9.8000
1759161232754,14.2658,-14.7343,24.0658
1759161232794,8.8168,-12.6649,18.6168
1759161232834,-8.8168,-3.7303,0.9832
1759161232874,-14.2658,7.2263,-4.4658
1759161232914,-0.0000,14.2658,9.8000
1759161232954,14.2658,13.5724,24.0658
1759161232994,8.8168,5.5219,18.6168
1759161233034,-8.8168,-5.5219,0.9832
1759161233074,-14.2658,-13.5724,-4.4658
1759161233114,0.0000,-14.2658,9.8000
1759161233154,14.2658,-7.2263,24.0658
1759161233194,8.8168,3.7303,18.6168
1759161233234,-8.8168,12.6649,0.9832
1759161233274,-14.2658,14.7343,-4.4658
1759161233314,-0.0000,8.8168,9.8000
1759161233354,14.2658,-1.8800,24.0658
1759161233394,8.8168,-11.5577,18.6168
1759161233434,-8.8168,-14.9704,0.9832
1759161233474,-14.2658,-10.2682,-4.4658
1759161233514,-0.0000,-0.0000,9.8000
1759161233554,14.2658,10.2682,24.0658
1759161233594,8.8168,14.9704,18.6168
1759161233634,-8.8168,11.5577,0.9832
1759161233674,-14.2658,1.8800,-4.4658
1759161233714,-0.0000,-8.8168,9.8000
1759161233754,14.2658,-14.7343,24.0658
1759161233794,8.8168,-12.6649,18.6168
1759161233834,-8.8168,-3.7303,0.9832
1759161233874,-14.2658,7.2263,-4.4658
1759161233914,-0.0000,14.2658,9.8000
1759161233954,14.2658,13.5724,24.0658
1759161233994,8.8168,5.5219,18.6168
1759161234034,-8.8168,-5.5219,0.9832
1759161234074,-14.2658,-13.5724,-4.4658
1759161234114,0.0000,-14.2658,9.8000
1759161234154,14.2658,-7.2263,24.0658
1759161234194,8.8168,3.7303,18.6168
1759161234234,-8.8168,12.6649,0.9832
1759161234274,-14.2658,14.7343,-4.4658
1759161234314,0.0000,8.8168,9.8000
1759161234354,14.2658,-1.8800,24.0658
1759161234394,8.8168,-11.5577,18.6168
1759161234434,-8.8168,-14.9704,0.9832
1759161234474,-14.2658,-10.2682,-4.4658
1759161234514,-0.0000,0.0000,9.8000
1759161234554,14.2658,10.2682,24.0658
1759161234594,8.8168,14.9704,18.6168
1759161234634,-8.8168,11.5577,0.9832
1759161234674,-14.2658,1.8800,-4.4658
1759161234714,-0.0000,-8.8168,9.8000
1759161234754,14.2658,-14.7343,24.0658
1759161234794,8.8168,-12.6649,18.6168
1759161234834,-8.8168,-3.7303,0.9832
1759161234874,-14.2658,7.2263,-4.4658
1759161234914,-0.0000,14.2658,9.8000
1759161234954,14.2658,13.5724,24.0658
1759161234994,8.8168,5.5219,18.6168
1759161235034,-8.8168,-5.5219,0.9832
1759161235074,-14.2658,-13.5724,-4.4658
1759161235114,0.0000,-14.2658,9.8000
1759161235154,14.2658,-7.2263,24.0658
1759161235194,8.8168,3.7303,18.6168
1759161235234,-8.8168,12.6649,0.9832
1759161235274,-14.2658,14.7343,-4.4658
1759161235314,-0.0000,8.8168,9.8000
1759161235354,14.2658,-1.8800,24.0658
1759161235394,8.8168,-11.5577,18.6168
1759161235434,-8.8168,-14.9704,0.9832
1759161235474,-14.2658,-10.2682,-4.4658
1759161235514,-0.0000,-0.0000,9.8000
1759161235554,14.2658,10.2682,24.0658
1759161235594,8.8168,14.9704,18.6168
1759161235634,-8.8168,11.5577,0.9832
1759161235674,-14.2658,1.8800,-4.4658
1759161235714,-0.0000,-8.8168,9.8000
1759161235754,14.2658,-14.7343,24.0658
1759161235794,8.8168,-12.6649,18.6168
1759161235834,-8.8168,-3.7303,0.9832
1759161235874,-14.2658,7.2263,-4.4658
1759161235914,-0.0000,14.2658,9.8000
1759161235954,14.2658,13.5724,24.0658
1759161235994,8.8168,5.5219,18.6168
1759161236034,-8.8168,-5.5219,0.9832
1759161236074,-14.2658,-13.5724,-4.4658
1759161236114,0.0000,-14.2658,9.8000
1759161236154,14.2658,-7.2263,24.0658
1759161236194,8.8168,3.7303,18.6168
1759161236234,-8.8168,12.6649,0.9832
1759161236274,-14.2658,14.7343,-4.4658
1759161236314,0.0000,8.8168,9.8000
1759161236354,14.2658,-1.8800,24.0658
1759161236394,8.8168,-11.5577,18.6168
1759161236434,-8.8168,-14.9704,0.9832
1759161236474,-14.2658,-10.2682,-4.4658
1759161236514,-0.0000,-0.0000,9.8000
1759161236554,14.2658,10.2682,24.0658
1759161236594,8.8168,14.9704,18.6168
1759161236634,-8.8168,11.5577,0.9832
1759161236674,-14.2658,1.8800,-4.4658
1759161236714,-0.0000,-8.8168,9.8000
1759161236754,14.2658,-14.7343,24.0658
1759161236794,8.8168,-12.6649,18.6168
1759161236834,-8.8168,-3.7303,0.9832
1759161236874,-14.2658,7.2263,-4.4658
1759161236914,-0.0000,14.2658,9.8000
1759161236954,14.2658,13.5724,24.0658
1759161236994,8.8168,5.5219,18.6168
1759161237034,-8.8168,-5.5219,0.9832
1759161237074,-14.2658,-13.5724,-4.4658
1759161237114,0.0000,-14.2658,9.8000
1759161237154,14.2658,-7.2263,24.0658
1759161237194,8.8168,3.7303,18.6168
1759161237234,-8.8168,12.6649,0.9832
1759161237274,-14.2658,14.7343,-4.4658
1759161237314,-0.0000,8.8168,9.8000
1759161237354,14.2658,-1.8800,24.0658
1759161237394,8.8168,-11.5577,18.6168
1759161237434,-8.8168,-14.9704,0.9832
1759161237474,-14.2658,-10.2682,-4.4658
1759161237514,-0.0000,-0.0000,9.8000
1759161237554,14.2658,10.2682,24.0658
1759161237594,8.8168,14.9704,18.6168
1759161237634,-8.8168,11.5577,0.9832
1759161237674,-14.2658,1.8800,-4.4658
1759161237714,-0.0000,-8.8168,9.8000
1759161237754,14.2658,-14.7343,24.0658
1759161237794,8.8168,-12.6649,18.6168
1759161237834,-8.8168,-3.7303,0.9832
1759161237874,-14.2658,7.2263,-4.4658
1759161237914,-0.0000,14.2658,9.8000
1759161237954,14.2658,13.5724,24.0658
1759161237994,8.8168,5.5219,18.6168
1759161238034,-8.8168,-5.5219,0.9832
1759161238074,-14.2658,-13.5724,-4.4658
1759161238114,-0.0000,-14.2658,9.8000
1759161238154,14.2658,-7.2263,24.0658
1759161238194,8.8168,3.7303,18.6168
1759161238234,-8.8168,12.6649,0.9832
1759161238274,-14.2658,14.7343,-4.4658
1759161238314,0.0000,8.8168,9.8000
1759161238354,14.2658,-1.8800,24.0658
1759161238394,8.8168,-11.5577,18.6168
1759161238434,-8.8168,-14.9704,0.9832
1759161238474,-14.2658,-10.2682,-4.4658
1759161238514,-0.0000,-0.0000,9.8000
1759161238554,14.2658,10.2682,24.0658
1759161238594,8.8168,14.9704,18.6168
1759161238634,-8.8168,11.5577,0.9832
1759161238674,-14.2658,1.8800,-4.4658
1759161238714,0.0000,-8.8168,9.8000
1759161238754,14.2658,-14.7343,24.0658
1759161238794,8.8168,-12.6649,18.6168
1759161238834,-8.8168,-3.7303,0.9832
1759161238874,-14.2658,7.2263,-4.4658
1759161238914,-0.0000,14.2658,9.8000
1759161238954,14.2658,13.5724,24.0658
1759161238994,8.8168,5.5219,18.6168
1759161239034,-8.8168,-5.5219,0.9832
1759161239074,-14.2658,-13.5724,-4.4658
1759161239114,-0.0000,-14.2658,9.8000
1759161239154,14.2658,-7.2263,24.0658
1759161239194,8.8168,3.7303,18.6168
1759161239234,-8.8168,12.6649,0.9832
1759161239274,-14.2658,14.7343,-4.4658
1759161239314,0.0000,8.8168,9.8000
1759161239354,14.2658,-1.8800,24.0658
1759161239394,8.8168,-11.5577,18.6168
1759161239434,-8.8168,-14.9704,0.9832
1759161239474,-14.2658,-10.2682,-4.4658
1759161239514,-0.0000,0.0000,9.8000
1759161239554,14.2658,10.2682,24.0658
1759161239594,8.8168,14.9704,18.6168
1759161239634,-8.8168,11.5577,0.9832
1759161239674,-14.2658,1.8800,-4.4658
1759161239714,-0.0000,-8.8168,9.8000
1759161239754,14.2658,-14.7343,24.0658
1759161239794,8.8168,-12.6649,18.6168
1759161239834,-8.8168,-3.7303,0.9832
1759161239874,-14.2658,7.2263,-4.4658
1759161239914,-0.0000,14.2658,9.8000
1759161239954,14.2658,13.5724,24.0658
1759161239994,8.8168,5.5219,18.6168
1759161240034,-8.8168,-5.5219,0.9832
1759161240074,-14.2658,-13.5724,-4.4658
1759161240114,0.0000,-14.2658,9.8000
1759161240154,14.2658,-7.2263,24.0658
1759161240194,8.8168,3.7303,18.6168
1759161240234,-8.8168,12.6649,0.9832
1759161240274,-14.2658,14.7343,-4.4658
1759161240314,-0.0000,8.8168,9.8000
1759161240354,14.2658,-1.8800,24.0658
1759161240394,8.8168,-11.5577,18.6168
1759161240434,-8.8168,-14.9704,0.9832
1759161240474,-14.2658,-10.2682,-4.4658
1759161240514,-0.0000,0.0000,9.8000
1759161240554,14.2658,10.2682,24.0658
1759161240594,8.8168,14.9704,18.6168
1759161240634,-8.8168,11.5577,0.9832
1759161240674,-14.2658,1.8800,-4.4658
1759161240714,-0.0000,-8.8168,9.8000
1759161240754,14.2658,-14.7343,24.0658
1759161240794,8.8168,-12.6649,18.6168
1759161240834,-8.8168,-3.7303,0.9832
1759161240874,-14.2658,7.2263,-4.4658
1759161240914,-0.0000,14.2658,9.8000
1759161240954,14.2658,13.5724,24.0658
1759161240994,8.8168,5.5219,18.6168
1759161241034,-8.8168,-5.5219,0.9832
1759161241074,-14.2658,-13.5724,-4.4658
1759161241114,0.0000,-14.2658,9.8000
1759161241154,14.2658,-7.2263,24.0658
1759161241194,8.8168,3.7303,18.6168
1759161241234,-8.8168,12.6649,0.9832
1759161241274,-14.2658,14.7343,-4.4658
1759161241314,-0.0000,8.8168,9.8000
1759161241354,14.2658,-1.8800,24.0658
1759161241394,8.8168,-11.5577,18.6168
1759161241434,-8.8168,-14.9704,0.9832
1759161241474,-14.2658,-10.2682,-4.4658
1759161241514,0.0000,-0.0000,9.8000
1759161241554,14.2658,10.2682,24.0658
1759161241594,8.8168,14.9704,18.6168
1759161241634,-8.8168,11.5577,0.9832
1759161241674,-14.2658,1.8800,-4.4658
1759161241714,-0.0000,-8.8168,9.8000
1759161241754,14.2658,-14.7343,24.0658
1759161241794,8.8168,-12.6649,18.6168
1759161241834,-8.8168,-3.7303,0.9832
1759161241874,-14.2658,7.2263,-4.4658
1759161241914,-0.0000,14.2658,9.8000
1759161241954,14.2658,13.5724,24.0658
1759161241994,8.8168,5.5219,18.6168
1759161242034,-8.8168,-5.5219,0.9832
1759161242074,-14.2658,-13.5724,-4.4658
1759161242114,0.0000,-14.2658,9.8000
1759161242154,14.2658,-7.2263,24.0658
1759161242194,8.8168,3.7303,18.6168
1759161242234,-8.8168,12.6649,0.9832
1759161242274,-14.2658,14.7343,-4.4658
1759161242314,-0.0000,8.8168,9.8000
1759161242354,14.2658,-1.8800,24.0658
1759161242394,8.8168,-11.5577,18.6168
1759161242434,-8.8168,-14.9704,0.9832
1759161242474,-14.2658,-10.2682,-4.4658
1759161242514,-0.0000,-0.0000,9.8000
1759161242554,14.2658,10.2682,24.0658
1759161242594,8.8168,14.9704,18.6168
1759161242634,-8.8168,11.5577,0.9832
1759161242674,-14.2658,1.8800,-4.4658
1759161242714,-0.0000,-8.8168,9.8000
1759161242754,14.2658,-14.7343,24.0658
1759161242794,8.8168,-12.6649,18.6168
1759161242834,-8.8168,-3.7303,0.9832
1759161242874,-14.2658,7.2263,-4.4658
1759161242914,-0.0000,14.2658,9.8000
1759161242954,14.2658,13.5724,24.0658
1759161242994,8.8168,5.5219,18.6168
1759161243034,-8.8168,-5.5219,0.9832
1759161243074,-14.2658,-13.5724,-4.4658
1759161243114,0.0000,-14.2658,9.8000
1759161243154,14.2658,-7.2263,24.0658
1759161243194,8.8168,3.7303,18.6168
1759161243234,-8.8168,12.6649,0.9832
1759161243274,-14.2658,14.7343,-4.4658
1759161243314,0.0000,8.8168,9.8000
1759161243354,14.2658,-1.8800,24.0658
1759161243394,8.8168,-11.5577,18.6168
1759161243434,-8.8168,-14.9704,0.9832
1759161243474,-14.2658,-10.2682,-4.4658
1759161243514,-0.0000,-0.0000,9.8000
1759161243554,14.2658,10.2682,24.0658
1759161243594,8.8168,14.9704,18.6168
1759161243634,-8.8168,11.5577,0.9832
1759161243674,-14.2658,1.8800,-4.4658
1759161243714,-0.0000,-8.8168,9.8000
1759161243754,14.2658,-14.7343,24.0658
1759161243794,8.8168,-12.6649,18.6168
1759161243834,-8.8168,-3.7303,0.9832
1759161243874,-14.2658,7.2263,-4.4658
1759161243914,-0.0000,14.2658,9.8000
1759161243954,14.2658,13.5724,24.0658
1759161243994,8.8168,5.5219,18.6168
1759161244034,-8.8168,-5.5219,0.9832
1759161244074,-14.2658,-13.5724,-4.4658
1759161244114,-0.0000,-14.2658,9.8000
1759161244154,14.2658,-7.2263,24.0658
1759161244194,8.8168,3.7303,18.6168
1759161244234,-8.8168,12.6649,0.9832
1759161244274,-14.2658,14.7343,-4.4658
1759161244314,0.0000,8.8168,9.8000
1759161244354,14.2658,-1.8800,24.0658
1759161244394,8.8168,-11.5577,18.6168
1759161244434,-8.8168,-14.9704,0.9832
1759161244474,-14.2658,-10.2682,-4.4658
1759161244514,-0.0000,-0.0000,9.8000
1759161244554,14.2658,10.2682,24.0658
1759161244594,8.8168,14.9704,18.6168
1759161244634,-8.8168,11.5577,0.9832
1759161244674,-14.2658,1.8800,-4.4658
1759161244714,-0.0000,-8.8168,9.8000
1759161244754,14.2658,-14.7343,24.0658
1759161244794,8.8168,-12.6649,18.6168
1759161244834,-8.8168,-3.7303,0.9832
1759161244874,-14.2658,7.2263,-4.4658
1759161244914,-0.0000,14.2658,9.8000
1759161244954,14.2658,13.5724,24.0658
1759161244994,8.8168,5.5219,18.6168
1759161245034,-8.8168,-5.5219,0.9832
1759161245074,-14.2658,-13.5724,-4.4658
1759161245114,0.0000,-14.2658,9.8000
1759161245154,14.2658,-7.2263,24.0658
1759161245194,8.8168,3.7303,18.6168
1759161245234,-8.8168,12.6649,0.9832
1759161245274,-14.2658,14.7343,-4.4658
1759161245314,0.0000,8.8168,9.8000
1759161245354,14.2658,-1.8800,24.0658
1759161245394,8.8168,-11.5577,18.6168
1759161245434,-8.8168,-14.9704,0.9832
1759161245474,-14.2658,-10.2682,-4.4658
1759161245514,-0.0000,0.0000,9.8000
1759161245554,14.2658,10.2682,24.0658
1759161245594,8.8168,14.9704,18.6168
1759161245634,-8.8168,11.5577,0.9832
1759161245674,-14.2658,1.8800,-4.4658
1759161245714,-0.0000,-8.8168,9.8000
1759161245754,14.2658,-14.7343,24.0658
1759161245794,8.8168,-12.6649,18.6168
1759161245834,-8.8168,-3.7303,0.9832
1759161245874,-14.2658,7.2263,-4.4658
1759161245914,-0.0000,14.2658,9.8000
1759161245954,14.2658,13.5724,24.0658
1759161245994,8.8168,5.5219,18.6168
1759161246034,-8.8168,-5.5219,0.9832
1759161246074,-14.2658,-13.5724,-4.4658
1759161246114,0.0000,-14.2658,9.8000
1759161246154,14.2658,-7.2263,24.0658
1759161246194,8.8168,3.7303,18.6168
1759161246234,-8.8168,12.6649,0.9832
1759161246274,-14.2658,14.7343,-4.4658
1759161246314,-0.0000,8.8168,9.8000
1759161246354,14.2658,-1.8800,24.0658
1759161246394,8.8168,-11.5577,18.6168
1759161246434,-8.8168,-14.9704,0.9832
1759161246474,-14.2658,-10.2682,-4.4658
1759161246514,0.0000,-0.0000,9.8000
1759161246554,14.2658,10.2682,24.0658
1759161246594,8.8168,14.9704,18.6168
1759161246634,-8.8168,11.5577,0.9832
1759161246674,-14.2658,1.8800,-4.4658
1759161246714,-0.0000,-8.8168,9.8000
1759161246754,14.2658,-14.7343,24.0658
1759161246794,8.8168,-12.6649,18.6168
1759161246834,-8.8168,-3.7303,0.9832
1759161246874,-14.2658,7.2263,-4.4658
1759161246914,-0.0000,14.2658,9.8000
1759161246954,14.2658,13.5724,24.0658
1759161246994,8.8168,5.5219,18.6168
1759161247034,-8.8168,-5.5219,0.9832
1759161247074,-14.2658,-13.5724,-4.4658
1759161247114,0.0000,-14.2658,9.8000
1759161247154,14.2658,-7.2263,24.0658
1759161247194,8.8168,3.7303,18.6168
1759161247234,-8.8168,12.6649,0.9832
1759161247274,-14.2658,14.7343,-4.4658
1759161247314,-0.0000,8.8168,9.8000
1759161247354,14.2658,-1.8800,24.0658
1759161247394,8.8168,-11.5577,18.6168
1759161247434,-8.8168,-14.9704,0.9832
1759161247474,-14.2658,-10.2682,-4.4658
1759161247514,0.0000,-0.0000,9.8000
1759161247554,14.2658,10.2682,24.0658
1759161247594,8.8168,14.9704,18.6168
1759161247634,-8.8168,11.5577,0.9832
1759161247674,-14.2658,1.8800,-4.4658
1759161247714,-0.0000,-8.8168,9.8000
1759161247754,14.2658,-14.7343,24.0658
1759161247794,8.8168,-12.6649,18.6168
1759161247834,-8.8168,-3.7303,0.9832
1759161247874,-14.2658,7.2263,-4.4658
1759161247914,-0.0000,14.2658,9.8000
1759161247954,14.2658,13.5724,24.0658
1759161247994,8.8168,5.5219,18.6168
1759161248034,-8.8168,-5.5219,0.9832
1759161248074,-14.2658,-13.5724,-4.4658
1759161248114,0.0000,-14.2658,9.8000
1759161248154,14.2658,-7.2263,24.0658
1759161248194,8.8168,3.7303,18.6168
1759161248234,-8.8168,12.6649,0.9832
1759161248274,-14.2658,14.7343,-4.4658
1759161248314,-0.0000,8.8168,9.8000
1759161248354,14.2658,-1.8800,24.0658
1759161248394,8.8168,-11.5577,18.6168
1759161248434,-8.8168,-14.9704,0.9832
1759161248474,-14.2658,-10.2682,-4.4658
1759161248514,-0.0000,-0.0000,9.8000
1759161248554,14.2658,10.2682,24.0658
1759161248594,8.8168,14.9704,18.6168
1759161248634,-8.8168,11.5577,0.9832
1759161248674,-14.2658,1.8800,-4.4658
1759161248714,-0.0000,-8.8168,9.8000
1759161248754,14.2658,-14.7343,24.0658
1759161248794,8.8168,-12.6649,18.6168
1759161248834,-8.8168,-3.7303,0.9832
1759161248874,-14.2658,7.2263,-4.4658
1759161248914,-0.0000,14.2658,9.8000
1759161248954,14.2658,13.5724,24.0658
1759161248994,8.8168,5.5219,18.6168
1759161249034,-8.8168,-5.5219,0.9832
1759161249074,-14.2658,-13.5724,-4.4658
1759161249114,-0.0000,-14.2658,9.8000
1759161249154,14.2658,-7.2263,24.0658
1759161249194,8.8168,3.7303,18.6168
1759161249234,-8.8168,12.6649,0.9832
1759161249274,-14.2658,14.7343,-4.4658
1759161249314,0.0000,8.8168,9.8000
1759161249354,14.2658,-1.8800,24.0658
1759161249394,8.8168,-11.5577,18.6168
1759161249434,-8.8168,-14.9704,0.9832
1759161249474,-14.2658,-10.2682,-4.4658
1759161249514,-0.0000,-0.0000,9.8000
1759161249554,14.2658,10.2682,24.0658
1759161249594,8.8168,14.9704,18.6168
1759161249634,-8.8168,11.5577,0.9832
1759161249674,-14.2658,1.8800,-4.4658
1759161249714,0.0000,-8.8168,9.8000
1759161249754,14.2658,-14.7343,24.0658
1759161249794,8.8168,-12.6649,18.6168
1759161249834,-8.8168,-3.7303,0.9832
1759161249874,-14.2658,7.2263,-4.4658
1759161249914,-0.0000,14.2658,9.8000
1759161249954,14.2658,13.5724,24.0658
1759161249994,8.8168,5.5219,18.6168
1759161250034,-8.8168,-5.5219,0.9832
1759161250074,-14.2658,-13.5724,-4.4658
1759161250114,-0.0000,-14.2658,9.8000
1759161250154,14.2658,-7.2263,24.0658
1759161250194,8.8168,3.7303,18.6168
1759161250234,-8.8168,12.6649,0.9832
1759161250274,-14.2658,14.7343,-4.4658
1759161250314,0.0000,8.8168,9.8000
1759161250354,14.2658,-1.8800,24.0658
1759161250394,8.8168,-11.5577,18.6168
1759161250434,-8.8168,-14.9704,0.9832
1759161250474,-14.2658,-10.2682,-4.4658
1759161250514,-0.0000,0.0000,9.8000
1759161250554,14.2658,10.2682,24.0658
1759161250594,8.8168,14.9704,18.6168
1759161250634,-8.8168,11.5577,0.9832
1759161250674,-14.2658,1.8800,-4.4658
1759161250714,-0.0000,-8.8168,9.8000
1759161250754,14.2658,-14.7343,24.0658
1759161250794,8.8168,-12.6649,18.6168
1759161250834,-8.8168,-3.7303,0.9832
1759161250874,-14.2658,7.2263,-4.4658
1759161250914,-0.0000,14.2658,9.8000
1759161250954,14.2658,13.5724,24.0658
1759161250994,8.8168,5.5219,18.6168
1759161251034,-8.8168,-5.5219,0.9832
1759161251074,-14.2658,-13.5724,-4.4658
1759161251114,0.0000,-14.2658,9.8000
1759161251154,14.2658,-7.2263,24.0658
1759161251194,8.8168,3.7303,18.6168
1759161251234,-8.8168,12.6649,0.9832
1759161251274,-14.2658,14.7343,-4.4658
1759161251314,-0.0000,8.8168,9.8000
1759161251354,14.2658,-1.8800,24.0658
1759161251394,8.8168,-11.5577,18.6168
1759161251434,-8.8168,-14.9704,0.9832
1759161251474,-14.2658,-10.2682,-4.4658
1759161251514,-0.0000,0.0000,9.8000
1759161251554,14.2658,10.2682,24.0658
1759161251594,8.8168,14.9704,18.6168
1759161251634,-8.8168,11.5577,0.9832
1759161251674,-14.2658,1.8800,-4.4658
1759161251714,-0.0000,-8.8168,9.8000
1759161251754,14.2658,-14.7343,24.0658
1759161251794,8.8168,-12.6649,18.6168
1759161251834,-8.8168,-3.7303,0.9832
1759161251874,-14.2658,7.2263,-4.4658
1759161251914,-0.0000,14.2658,9.8000
1759161251954,14.2658,13.5724,24.0658
1759161251994,8.8168,5.5219,18.6168
1759161252034,-8.8168,-5.5219,0.9832
1759161252074,-14.2658,-13.5724,-4.4658
1759161252114,0.0000,-14.2658,9.8000
1759161252154,14.2658,-7.2263,24.0658
1759161252194,8.8168,3.7303,18.6168
1759161252234,-8.8168,12.6649,0.9832
1759161252274,-14.2658,14.7343,-4.4658
1759161252314,-0.0000,8.8168,9.8000
1759161252354,14.2658,-1.8800,24.0658
1759161252394,8.8168,-11.5577,18.6168
1759161252434,-8.8168,-14.9704,0.9832
1759161252474,-14.2658,-10.2682,-4.4658
1759161252514,0.0000,-0.0000,9.8000
1759161252554,14.2658,10.2682,24.0658
1759161252594,8.8168,14.9704,18.6168
1759161252634,-8.8168,11.5577,0.9832
1759161252674,-14.2658,1.8800,-4.4658
1759161252714,-0.0000,-8.8168,9.8000
1759161252754,14.2658,-14.7343,24.0658
1759161252794,8.8168,-12.6649,18.6168
1759161252834,-8.8168,-3.7303,0.9832
1759161252874,-14.2658,7.2263,-4.4658
1759161252914,-0.0000,14.2658,9.8000
1759161252954,14.2658,13.5724,24.0658
1759161252994,8.8168,5.5219,18.6168
1759161253034,-8.8168,-5.5219,0.9832
1759161253074,-14.2658,-13.5724,-4.4658
1759161253114,0.0000,-14.2658,9.8000
1759161253154,14.2658,-7.2263,24.0658
1759161253194,8.8168,3.7303,18.6168
1759161253234,-8.8168,12.6649,0.9832
1759161253274,-14.2658,14.7343,-4.4658
1759161253314,-0.0000,8.8168,9.8000
1759161253354,14.2658,-1.8800,24.0658
1759161253394,8.8168,-11.5577,18.6168
1759161253434,-8.8168,-14.9704,0.9832
1759161253474,-14.2658,-10.2682,-4.4658
1759161253514,-0.0000,-0.0000,9.8000
1759161253554,14.2658,10.2682,24.0658
1759161253594,8.8168,14.9704,18.6168
1759161253634,-8.8168,11.5577,0.9832
1759161253674,-14.2658,1.8800,-4.4658
1759161253714,-0.0000,-8.8168,9.8000
1759161253754,14.2658,-14.7343,24.0658
1759161253794,8.8168,-12.6649,18.6168
1759161253834,-8.8168,-3.7303,0.9832
1759161253874,-14.2658,7.2263,-4.4658
1759161253914,-0.0000,14.2658,9.8000
1759161253954,14.2658,13.5724,24.0658
1759161253994,8.8168,5.5219,18.6168
1759161254034,-8.8168,-5.5219,0.9832
1759161254074,-14.2658,-13.5724,-4.4658
1759161254114,0.0000,-14.2658,9.8000
1759161254154,14.2658,-7.2263,24.0658
1759161254194,8.8168,3.7303,18.6168
1759161254234,-8.8168,12.6649,0.9832
1759161254274,-14.2658,14.7343,-4.4658
1759161254314,0.0000,8.8168,9.8000
1759161254354,14.2658,-1.8800,24.0658
1759161254394,8.8168,-11.5577,18.6168
1759161254434,-8.8168,-14.9704,0.9832
1759161254474,-14.2658,-10.2682,-4.4658
1759161254514,-0.0000,-0.0000,9.8000
1759161254554,14.2658,10.2682,24.0658
1759161254594,8.8168,14.9704,18.6168
1759161254634,-8.8168,11.5577,0.9832
1759161254674,-14.2658,1.8800,-4.4658
1759161254714,-0.0000,-8.8168,9.8000
1759161254754,14.2658,-14.7343,24.0658
1759161254794,8.8168,-12.6649,18.6168
1759161254834,-8.8168,-3.7303,0.9832
1759161254874,-14.2658,7.2263,-4.4658
1759161254914,-0.0000,14.2658,9.8000
1759161254954,14.2658,13.5724,24.0658
1759161254994,8.8168,5.5219,18.6168
1759161255034,-8.8168,-5.5219,0.9832
1759161255074,-14.2658,-13.5724,-4.4658
1759161255114,-0.0000,-14.2658,9.8000
1759161255154,14.2658,-7.2263,24.0658
1759161255194,8.8168,3.7303,18.6168
1759161255234,-8.8168,12.6649,0.9832
1759161255274,-14.2658,14.7343,-4.4658
1759161255314,0.0000,8.8168,9.8000
1759161255354,14.2658,-1.8800,24.0658
1759161255394,8.8168,-11.5577,18.6168
1759161255434,-8.8168,-14.9704,0.9832
1759161255474,-14.2658,-10.2682,-4.4658
1759161255514,-0.0000,-0.0000,9.8000
1759161255554,14.2658,10.2682,24.0658
1759161255594,8.8168,14.9704,18.6168
1759161255634,-8.8168,11.5577,0.9832
1759161255674,-14.2658,1.8800,-4.4658
1759161255714,-0.0000,-8.8168,9.8000
1759161255754,14.2658,-14.7343,24.0658
1759161255794,8.8168,-12.6649,18.6168
1759161255834,-8.8168,-3.7303,0.9832
1759161255874,-14.2658,7.2263,-4.4658
1759161255914,-0.0000,14.2658,9.8000
1759161255954,14.2658,13.5724,24.0658
1759161255994,8.8168,5.5219,18.6168
1759161256034,-8.8168,-5.5219,0.9832
1759161256074,-14.2658,-13.5724,-4.4658
1759161256114,0.0000,-14.2658,9.8000
1759161256154,14.2658,-7.2263,24.0658
1759161256194,8.8168,3.7303,18.6168
1759161256234,-8.8168,12.6649,0.9832
1759161256274,-14.2658,14.7343,-4.4658
1759161256314,0.0000,8.8168,9.8000
1759161256354,14.2658,-1.8800,24.0658
1759161256394,8.8168,-11.5577,18.6168
1759161256434,-8.8168,-14.9704,0.9832
1759161256474,-14.2658,-10.2682,-4.4658
1759161256514,-0.0000,0.0000,9.8000
1759161256554,14.2658,10.2682,24.0658
1759161256594,8.8168,14.9704,18.6168
1759161256634,-8.8168,11.5577,0.9832
1759161256674,-14.2658,1.8800,-4.4658
1759161256714,-0.0000,-8.8168,9.8000
1759161256754,14.2658,-14.7343,24.0658
1759161256794,8.8168,-12.6649,18.6168
1759161256834,-8.8168,-3.7303,0.9832
1759161256874,-14.2658,7.2263,-4.4658
1759161256914,-0.0000,14.2658,9.8000
1759161256954,14.2658,13.5724,24.0658
1759161256994,8.8168,5.5219,18.6168
1759161257034,-8.8168,-5.5219,0.9832
1759161257074,-14.2658,-13.5724,-4.4658
1759161257114,0.0000,-14.2658,9.8000
1759161257154,14.2658,-7.2263,24.0658
1759161257194,8.8168,3.7303,18.6168
1759161257234,-8.8168,12.6649,0.9832
1759161257274,-14.2658,14.7343,-4.4658
1759161257314,-0.0000,8.8168,9.8000
1759161257354,14.2658,-1.8800,24.0658
1759161257394,8.8168,-11.5577,18.6168
1759161257434,-8.8168,-14.9704,0.9832
1759161257474,-14.2658,-10.2682,-4.4658
1759161257514,0.0000,0.0000,9.8000
1759161257554,14.2658,10.2682,24.0658
1759161257594,8.8168,14.9704,18.6168
1759161257634,-8.8168,11.5577,0.9832
1759161257674,-14.2658,1.8800,-4.4658
1759161257714,-0.0000,-8.8168,9.8000
1759161257754,14.2658,-14.7343,24.0658
1759161257794,8.8168,-12.6649,18.6168
1759161257834,-8.8168,-3.7303,0.9832
1759161257874,-14.2658,7.2263,-4.4658
1759161257914,-0.0000,14.2658,9.8000
1759161257954,14.2658,13.5724,24.0658
1759161257994,8.8168,5.5219,18.6168
1759161258034,-8.8168,-5.5219,0.9832
1759161258074,-14.2658,-13.5724,-4.4658
1759161258114,0.0000,-14.2658,9.8000
1759161258154,14.2658,-7.2263,24.0658
1759161258194,8.8168,3.7303,18.6168
1759161258234,-8.8168,12.6649,0.9832
1759161258274,-14.2658,14.7343,-4.4658
1759161258314,-0.0000,8.8168,9.8000
1759161258354,14.2658,-1.8800,24.0658
1759161258394,8.8168,-11.5577,18.6168
1759161258434,-8.8168,-14.9704,0.9832
1759161258474,-14.2658,-10.2682,-4.4658
1759161258514,0.0000,-0.0000,9.8000
1759161258554,14.2658,10.2682,24.0658
1759161258594,8.8168,14.9704,18.6168
1759161258634,-8.8168,11.5577,0.9832
1759161258674,-14.2658,1.8800,-4.4658
1759161258714,-0.0000,-8.8168,9.8000
1759161258754,14.2658,-14.7343,24.0658
1759161258794,8.8168,-12.6649,18.6168
1759161258834,-8.8168,-3.7303,0.9832
1759161258874,-14.2658,7.2263,-4.4658
1759161258914,-0.0000,14.2658,9.8000
1759161258954,14.2658,13.5724,24.0658
1759161258994,8.8168,5.5219,18.6168
1759161259034,-8.8168,-5.5219,0.9832
1759161259074,-14.2658,-13.5724,-4.4658
1759161259114,0.0000,-14.2658,9.8000
1759161259154,14.2658,-7.2263,24.0658
1759161259194,8.8168,3.7303,18.6168
1759161259234,-8.8168,12.6649,0.9832
1759161259274,-14.2658,14.7343,-4.4658
1759161259314,0.0000,8.8168,9.8000
1759161259354,14.2658,-1.8800,24.0658
1759161259394,8.8168,-11.5577,18.6168
1759161259434,-8.8168,-14.9704,0.9832
1759161259474,-14.2658,-10.2682,-4.4658
1759161259514,-0.0000,-0.0000,9.8000
1759161259554,14.2658,10.2682,24.0658
1759161259594,8.8168,14.9704,18.6168
1759161259634,-8.8168,11.5577,0.9832
1759161259674,-14.2658,1.8800,-4.4658
1759161259714,-0.0000,-8.8168,9.8000
1759161259754,14.2658,-14.7343,24.0658
1759161259794,8.8168,-12.6649,18.6168
1759161259834,-8.8168,-3.7303,0.9832
1759161259874,-14.2658,7.2263,-4.4658
1759161259914,-0.0000,14.2658,9.8000
1759161259954,14.2658,13.5724,24.0658
1759161259994,8.8168,5.5219,18.6168
1759161260034,-8.8168,-5.5219,0.9832
1759161260074,-14.2658,-13.5724,-4.4658
1759161260114,-0.0000,-14.2658,9.8000
1759161260154,14.2658,-7.2263,24.0658
1759161260194,8.8168,3.7303,18.6168
1759161260234,-8.8168,12.6649,0.9832
1759161260274,-14.2658,14.7343,-4.4658
1759161260314,0.0000,8.8168,9.8000
1759161260354,14.2658,-1.8800,24.0658
1759161260394,8.8168,-11.5577,18.6168
1759161260434,-8.8168,-14.9704,0.9832
1759161260474,-14.2658,-10.2682,-4.4658
1759161260514,-0.0000,-0.0000,9.8000
1759161260554,14.2658,10.2682,24.0658
1759161260594,8.8168,14.9704,18.6168
1759161260634,-8.8168,11.5577,0.9832
1759161260674,-14.2658,1.8800,-4.4658
1759161260714,0.0000,-8.8168,9.8000
1759161260754,14.2658,-14.7343,24.0658
1759161260794,8.8168,-12.6649,18.6168
1759161260834,-8.8168,-3.7303,0.9832
1759161260874,-14.2658,7.2263,-4.4658
1759161260914,-0.0000,14.2658,9.8000
1759161260954,14.2658,13.5724,24.0658
1759161260994,8.8168,5.5219,18.6168
1759161261034,-8.8168,-5.5219,0.9832
1759161261074,-14.2658,-13.5724,-4.4658
1759161261114,-0.0000,-14.2658,9.8000
1759161261154,14.2658,-7.2263,24.0658
1759161261194,8.8168,3.7303,18.6168
1759161261234,-8.8168,12.6649,0.9832
1759161261274,-14.2658,14.7343,-4.4658
1759161261314,0.0000,8.8168,9.8000
1759161261354,14.2658,-1.8800,24.0658
1759161261394,8.8168,-11.5577,18.6168
1759161261434,-8.8168,-14.9704,0.9832
1759161261474,-14.2658,-10.2682,-4.4658
1759161261514,-0.0000,-0.0000,9.8000
1759161261554,14.2658,10.2682,24.0658
1759161261594,8.8168,14.9704,18.6168
1759161261634,-8.8168,11.5577,0.9832
1759161261674,-14.2658,1.8800,-4.4658
1759161261714,-0.0000,-8.8168,9.8000
1759161261754,14.2658,-14.7343,24.0658
1759161261794,8.8168,-12.6649,18.6168
1759161261834,-8.8168,-3.7303,0.9832
1759161261874,-14.2658,7.2263,-4.4658
1759161261914,-0.0000,14.2658,9.8000
1759161261954,14.2658,13.5724,24.0658
1759161261994,8.8168,5.5219,18.6168
1759161262034,-8.8168,-5.5219,0.9832
1759161262074,-14.2658,-13.5724,-4.4658
1759161262114,0.0000,-14.2658,9.8000
1759161262154,14.2658,-7.2263,24.0658
1759161262194,8.8168,3.7303,18.6168
1759161262234,-8.8168,12.6649,0.9832
1759161262274,-14.2658,14.7343,-4.4658
1759161262314,-0.0000,8.8168,9.8000
1759161262354,14.2658,-1.8800,24.0658
1759161262394,8.8168,-11.5577,18.6168
1759161262434,-8.8168,-14.9704,0.9832
1759161262474,-14.2658,-10.2682,-4.4658
1759161262514,0.0000,0.0000,9.8000
1759161262554,14.2658,10.2682,24.0658
1759161262594,8.8168,14.9704,18.6168
1759161262634,-8.8168,11.5577,0.9832
1759161262674,-14.2658,1.8800,-4.4658
1759161262714,-0.0000,-8.8168,9.8000
1759161262754,14.2658,-14.7343,24.0658
1759161262794,8.8168,-12.6649,18.6168
1759161262834,-8.8168,-3.7303,0.9832
1759161262874,-14.2658,7.2263,-4.4658
1759161262914,-0.0000,14.2658,9.8000
1759161262954,14.2658,13.5724,24.0658
1759161262994,8.8168,5.5219,18.6168
1759161263034,-8.8168,-5.5219,0.9832
1759161263074,-14.2658,-13.5724,-4.4658
1759161263114,0.0000,-14.2658,9.8000
1759161263154,14.2658,-7.2263,24.0658
1759161263194,8.8168,3.7303,18.6168
1759161263234,-8.8168,12.6649,0.9832
1759161263274,-14.2658,14.7343,-4.4658
1759161263314,-0.0000,8.8168,9.8000
1759161263354,14.2658,-1.8800,24.0658
1759161263394,8.8168,-11.5577,18.6168
1759161263434,-8.8168,-14.9704,0.9832
1759161263474,-14.2658,-10.2682,-4.4658
1759161263514,0.0000,-0.0000,9.8000
1759161263554,14.2658,10.2682,24.0658
1759161263594,8.8168,14.9704,18.6168
1759161263634,-8.8168,11.5577,0.9832
1759161263674,-14.2658,1.8800,-4.4658
1759161263714,-0.0000,-8.8168,9.8000
1759161263754,14.2658,-14.7343,24.0658
1759161263794,8.8168,-12.6649,18.6168
1759161263834,-8.8168,-3.7303,0.9832
1759161263874,-14.2658,7.2263,-4.4658
1759161263914,-0.0000,14.2658,9.8000
1759161263954,14.2658,13.5724,24.0658
1759161263994,8.8168,5.5219,18.6168
1759161264034,-8.8168,-5.5219,0.9832
1759161264074,-14.2658,-13.5724,-4.4658
1759161264114,0.0000,-14.2658,9.8000
1759161264154,14.2658,-7.2263,24.0658
1759161264194,8.8168,3.7303,18.6168
1759161264234,-8.8168,12.6649,0.9832
1759161264274,-14.2658,14.7343,-4.4658
1759161264314,-0.0000,8.8168,9.8000
1759161264354,14.2658,-1.8800,24.0658
1759161264394,8.8168,-11.5577,18.6168
1759161264434,-8.8168,-14.9704,0.9832
1759161264474,-14.2658,-10.2682,-4.4658
1759161264514,-0.0000,-0.0000,9.8000
1759161264554,14.2658,10.2682,24.0658
1759161264594,8.8168,14.9704,18.6168
1759161264634,-8.8168,11.5577,0.9832
1759161264674,-14.2658,1.8800,-4.4658
1759161264714,-0.0000,-8.8168,9.8000
1759161264754,14.2658,-14.7343,24.0658
1759161264794,8.8168,-12.6649,18.6168
1759161264834,-8.8168,-3.7303,0.9832
1759161264874,-14.2658,7.2263,-4.4658
1759161264914,-0.0000,14.2658,9.8000
1759161264954,14.2658,13.5724,24.0658
1759161264994,8.8168,5.5219,18.6168
1759161265034,-8.8168,-5.5219,0.9832
1759161265074,-14.2658,-13.5724,-4.4658
1759161265114,0.0000,-14.2658,9.8000
1759161265154,14.2658,-7.2263,24.0658
1759161265194,8.8168,3.7303,18.6168
1759161265234,-8.8168,12.6649,0.9832
1759161265274,-14.2658,14.7343,-4.4658
1759161265314,0.0000,8.8168,9.8000
1759161265354,14.2658,-1.8800,24.0658
1759161265394,8.8168,-11.5577,18.6168
1759161265434,-8.8168,-14.9704,0.9832
1759161265474,-14.2658,-10.2682,-4.4658
1759161265514,-0.0000,-0.0000,9.8000
1759161265554,14.2658,10.2682,24.0658
1759161265594,8.8168,14.9704,18.6168
1759161265634,-8.8168,11.5577,0.9832
1759161265674,-14.2658,1.8800,-4.4658
1759161265714,-0.0000,-8.8168,9.8000
1759161265754,14.2658,-14.7343,24.0658
1759161265794,8.8168,-12.6649,18.6168
1759161265834,-8.8168,-3.7303,0.9832
1759161265874,-14.2658,7.2263,-4.4658
1759161265914,-0.0000,14.2658,9.8000
1759161265954,14.2658,13.5724,24.0658
1759161265994,8.8168,5.5219,18.6168
1759161266034,-8.8168,-5.5219,0.9832
1759161266074,-14.2658,-13.5724,-4.4658
1759161266114,-0.0000,-14.2658,9.8000
1759161266154,14.2658,-7.2263,24.0658
1759161266194,8.8168,3.7303,18.6168
1759161266234,-8.8168,12.6649,0.9832
1759161266274,-14.2658,14.7343,-4.4658
1759161266314,0.0000,8.8168,9.8000
1759161266354,14.2658,-1.8800,24.0658
1759161266394,8.8168,-11.5577,18.6168
1759161266434,-8.8168,-14.9704,0.9832
1759161266474,-14.2658,-10.2682,-4.4658
1759161266514,-0.0000,-0.0000,9.8000
1759161266554,14.2658,10.2682,24.0658
1759161266594,8.8168,14.9704,18.6168
1759161266634,-8.8168,11.5577,0.9832
1759161266674,-14.2658,1.8800,-4.4658
1759161266714,-0.0000,-8.8168,9.8000
1759161266754,14.2658,-14.7343,24.0658
1759161266794,8.8168,-12.6649,18.6168
1759161266834,-8.8168,-3.7303,0.9832
1759161266874,-14.2658,7.2263,-4.4658
1759161266914,-0.0000,14.2658,9.8000
1759161266954,14.2658,13.5724,24.0658
1759161266994,8.8168,5.5219,18.6168
1759161267034,-8.8168,-5.5219,0.9832
1759161267074,-14.2658,-13.5724,-4.4658
1759161267114,0.0000,-14.2658,9.8000
1759161267154,14.2658,-7.2263,24.0658
1759161267194,8.8168,3.7303,18.6168
1759161267234,-8.8168,12.6649,0.9832
1759161267274,-14.2658,14.7343,-4.4658
1759161267314,0.0000,8.8168,9.8000
1759161267354,14.2658,-1.8800,24.0658
1759161267394,8.8168,-11.5577,18.6168
1759161267434,-8.8168,-14.9704,0.9832
1759161267474,-14.2658,-10.2682,-4.4658
1759161267514,-0.0000,0.0000,9.8000
1759161267554,14.2658,10.2682,24.0658
1759161267594,8.8168,14.9704,18.6168
1759161267634,-8.8168,11.5577,0.9832
1759161267674,-14.2658,1.8800,-4.4658
1759161267714,-0.0000,-8.8168,9.8000
1759161267754,14.2658,-14.7343,24.0658
1759161267794,8.8168,-12.6649,18.6168
1759161267834,-8.8168,-3.7303,0.9832
1759161267874,-14.2658,7.2263,-4.4658
1759161267914,-0.0000,14.2658,9.8000
1759161267954,14.2658,13.5724,24.0658
1759161267994,8.8168,5.5219,18.6168
1759161268034,-8.8168,-5.5219,0.9832
1759161268074,-14.2658,-13.5724,-4.4658
1759161268114,0.0000,-14.2658,9.8000
1759161268154,14.2658,-7.2263,24.0658
1759161268194,8.8168,3.7303,18.6168
1759161268234,-8.8168,12.6649,0.9832
1759161268274,-14.2658,14.7343,-4.4658
1759161268314,-0.0000,8.8168,9.8000
1759161268354,14.2658,-1.8800,24.0658
1759161268394,8.8168,-11.5577,18.6168
1759161268434,-8.8168,-14.9704,0.9832
1759161268474,-14.2658,-10.2682,-4.4658
1759161268514,0.0000,0.0000,9.8000
1759161268554,14.2658,10.2682,24.0658
1759161268594,8.8168,14.9704,18.6168
1759161268634,-8.8168,11.5577,0.9832
1759161268674,-14.2658,1.8800,-4.4658
1759161268714,-0.0000,-8.8168,9.8000
1759161268754,14.2658,-14.7343,24.0658
1759161268794,8.8168,-12.6649,18.6168
1759161268834,-8.8168,-3.7303,0.9832
1759161268874,-14.2658,7.2263,-4.4658
1759161268914,-0.0000,14.2658,9.8000
1759161268954,14.2658,13.5724,24.0658
1759161268994,8.8168,5.5219,18.6168
1759161269034,-8.8168,-5.5219,0.9832
1759161269074,-14.2658,-13.5724,-4.4658
1759161269114,0.0000,-14.2658,9.8000
1759161269154,14.2658,-7.2263,24.0658
1759161269194,8.8168,3.7303,18.6168
1759161269234,-8.8168,12.6649,0.9832
1759161269274,-14.2658,14.7343,-4.4658
1759161269314,-0.0000,8.8168,9.8000
1759161269354,14.2658,-1.8800,24.0658
1759161269394,8.8168,-11.5577,18.6168
1759161269434,-8.8168,-14.9704,0.9832
1759161269474,-14.2658,-10.2682,-4.4658
1759161269514,0.0000,-0.0000,9.8000
1759161269554,14.2658,10.2682,24.0658
1759161269594,8.8168,14.9704,18.6168
1759161269634,-8.8168,11.5577,0.9832
1759161269674,-14.2658,1.8800,-4.4658
1759161269714,-0.0000,-8.8168,9.8000
1759161269754,14.2658,-14.7343,24.0658
1759161269794,8.8168,-12.6649,18.6168
1759161269834,-8.8168,-3.7303,0.9832
1759161269874,-14.2658,7.2263,-4.4658
1759161269914,-0.0000,14.2658,9.8000
1759161269954,14.2658,13.5724,24.0658
1759161269994,8.8168,5.5219,18.6168
1759161270034,-8.8168,-5.5219,0.9832
1759161270074,-14.2658,-13.5724,-4.4658
1759161270114,0.0000,-14.2658,9.8000
1759161270154,14.2658,-7.2263,24.0658
1759161270194,8.8168,3.7303,18.6168
1759161270234,-8.8168,12.6649,0.9832
1759161270274,-14.2658,14.7343,-4.4658
1759161270314,0.0000,8.8168,9.8000
1759161270354,14.2658,-1.8800,24.0658
1759161270394,8.8168,-11.5577,18.6168
1759161270434,-8.8168,-14.9704,0.9832
1759161270474,-14.2658,-10.2682,-4.4658
1759161270514,-0.0000,-0.0000,9.8000
1759161270554,14.2658,10.2682,24.0658
1759161270594,8.8168,14.9704,18.6168
1759161270634,-8.8168,11.5577,0.9832
1759161270674,-14.2658,1.8800,-4.4658
1759161270714,-0.0000,-8.8168,9.8000
1759161270754,14.2658,-14.7343,24.0658
1759161270794,8.8168,-12.6649,18.6168
1759161270834,-8.8168,-3.7303,0.9832
1759161270874,-14.2658,7.2263,-4.4658
1759161270914,-0.0000,14.2658,9.8000
1759161270954,14.2658,13.5724,24.0658
1759161270994,8.8168,5.5219,18.6168
1759161271034,-8.8168,-5.5219,0.9832
1759161271074,-14.2658,-13.5724,-4.4658
1759161271114,-0.0000,-14.2658,9.8000
1759161271154,14.2658,-7.2263,24.0658
1759161271194,8.8168,3.7303,18.6168
1759161271234,-8.8168,12.6649,0.9832
1759161271274,-14.2658,14.7343,-4.4658
1759161271314,0.0000,8.8168,9.8000
1759161271354,14.2658,-1.8800,24.0658
1759161271394,8.8168,-11.5577,18.6168
1759161271434,-8.8168,-14.9704,0.9832
1759161271474,-14.2658,-10.2682,-4.4658
1759161271514,-0.0000,-0.0000,9.8000
1759161271554,14.2658,10.2682,24.0658
1759161271594,8.8168,14.9704,18.6168
1759161271634,-8.8168,11.5577,0.9832
1759161271674,-14.2658,1.8800,-4.4658
1759161271714,0.0000,-8.8168,9.8000
1759161271754,14.2658,-14.7343,24.0658
1759161271794,8.8168,-12.6649,18.6168
1759161271834,-8.8168,-3.7303,0.9832
1759161271874,-14.2658,7.2263,-4.4658
1759161271914,-0.0000,14.2658,9.8000
1759161271954,14.2658,13.5724,24.0658
1759161271994,8.8168,5.5219,18.6168
1759161272034,-8.8168,-5.5219,0.9832
1759161272074,-14.2658,-13.5724,-4.4658
1759161272114,-0.0000,-14.2658,9.8000
1759161272154,14.2658,-7.2263,24.0658
1759161272194,8.8168,3.7303,18.6168
1759161272234,-8.8168,12.6649,0.9832
1759161272274,-14.2658,14.7343,-4.4658
1759161272314,0.0000,8.8168,9.8000
1759161272354,14.2658,-1.8800,24.0658
1759161272394,8.8168,-11.5577,18.6168
1759161272434,-8.8168,-14.9704,0.9832
1759161272474,-14.2658,-10.2682,-4.4658
1759161272514,-0.0000,-0.0000,9.8000
1759161272554,14.2658,10.2682,24.0658
1759161272594,8.8168,14.9704,18.6168
1759161272634,-8.8168,11.5577,0.9832
1759161272674,-14.2658,1.8800,-4.4658
1759161272714,-0.0000,-8.8168,9.8000
1759161272754,14.2658,-14.7343,24.0658
1759161272794,8.8168,-12.6649,18.6168
1759161272834,-8.8168,-3.7303,0.9832
1759161272874,-14.2658,7.2263,-4.4658
1759161272914,-0.0000,14.2658,9.8000
1759161272954,14.2658,13.5724,24.0658
1759161272994,8.8168,5.5219,18.6168
1759161273034,-8.8168,-5.5219,0.9832
1759161273074,-14.2658,-13.5724,-4.4658
1759161273114,0.0000,-14.2658,9.8000
1759161273154,14.2658,-7.2263,24.0658
1759161273194,8.8168,3.7303,18.6168
1759161273234,-8.8168,12.6649,0.9832
1759161273274,-14.2658,14.7343,-4.4658
1759161273314,-0.0000,8.8168,9.8000
1759161273354,14.2658,-1.8800,24.0658
1759161273394,8.8168,-11.5577,18.6168
1759161273434,-8.8168,-14.9704,0.9832
1759161273474,-14.2658,-10.2682,-4.4658
1759161273514,0.0000,0.0000,9.8000
1759161273554,14.2658,10.2682,24.0658
1759161273594,8.8168,14.9704,18.6168
1759161273634,-8.8168,11.5577,0.9832
1759161273674,-14.2658,1.8800,-4.4658
1759161273714,-0.0000,-8.8168,9.8000
1759161273754,14.2658,-14.7343,24.0658
1759161273794,8.8168,-12.6649,18.6168
1759161273834,-8.8168,-3.7303,0.9832
1759161273874,-14.2658,7.2263,-4.4658
1759161273914,-0.0000,14.2658,9.8000
1759161273954,14.2658,13.5724,24.0658
1759161273994,8.8168,5.5219,18.6168
1759161274034,-8.8168,-5.5219,0.9832
1759161274074,-14.2658,-13.5724,-4.4658
1759161274114,0.0000,-14.2658,9.8000
1759161274154,14.2658,-7.2263,24.0658
1759161274194,8.8168,3.7303,18.6168
1759161274234,-8.8168,12.6649,0.9832
1759161274274,-14.2658,14.7343,-4.4658
1759161274314,-0.0000,8.8168,9.8000
1759161274354,14.2658,-1.8800,24.0658
1759161274394,8.8168,-11.5577,18.6168
1759161274434,-8.8168,-14.9704,0.9832
1759161274474,-14.2658,-10.2682,-4.4658
1759161274514,0.0000,-0.0000,9.8000
1759161274554,14.2658,10.2682,24.0658
1759161274594,8.8168,14.9704,18.6168
1759161274634,-8.8168,11.5577,0.9832
1759161274674,-14.2658,1.8800,-4.4658
1759161274714,-0.0000,-8.8168,9.8000
1759161274754,14.2658,-14.7343,24.0658
1759161274794,8.8168,-12.6649,18.6168
1759161274834,-8.8168,-3.7303,0.9832
1759161274874,-14.2658,7.2263,-4.4658
1759161274914,-0.0000,14.2658,9.8000
1759161274954,14.2658,13.5724,24.0658
1759161274994,8.8168,5.5219,18.6168
1759161275034,-8.8168,-5.5219,0.9832
1759161275074,-14.2658,-13.5724,-4.4658
1759161275114,0.0000,-14.2658,9.8000
1759161275154,14.2658,-7.2263,24.0658
1759161275194,8.8168,3.7303,18.6168
1759161275234,-8.8168,12.6649,0.9832
1759161275274,-14.2658,14.7343,-4.4658
1759161275314,-0.0000,8.8168,9.8000
1759161275354,14.2658,-1.8800,24.0658
1759161275394,8.8168,-11.5577,18.6168
1759161275434,-8.8168,-14.9704,0.9832
1759161275474,-14.2658,-10.2682,-4.4658
1759161275514,-0.0000,-0.0000,9.8000
1759161275554,14.2658,10.2682,24.0658
1759161275594,8.8168,14.9704,18.6168
1759161275634,-8.8168,11.5577,0.9832
1759161275674,-14.2658,1.8800,-4.4658
1759161275714,-0.0000,-8.8168,9.8000
1759161275754,14.2658,-14.7343,24.0658
1759161275794,8.8168,-12.6649,18.6168
1759161275834,-8.8168,-3.7303,0.9832
1759161275874,-14.2658,7.2263,-4.4658
1759161275914,-0.0000,14.2658,9.8000
1759161275954,14.2658,13.5724,24.0658
1759161275994,8.8168,5.5219,18.6168
1759161276034,-8.8168,-5.5219,0.9832
1759161276074,-14.2658,-13.5724,-4.4658
1759161276114,-0.0000,-14.2658,9.8000
1759161276154,14.2658,-7.2263,24.0658
1759161276194,8.8168,3.7303,18.6168
1759161276234,-8.8168,12.6649,0.9832
1759161276274,-14.2658,14.7343,-4.4658
1759161276314,0.0000,8.8168,9.8000
1759161276354,14.2658,-1.8800,24.0658
1759161276394,8.8168,-11.5577,18.6168
1759161276434,-8.8168,-14.9704,0.9832
1759161276474,-14.2658,-10.2682,-4.4658
1759161276514,-0.0000,-0.0000,9.8000
1759161276554,14.2658,10.2682,24.0658
1759161276594,8.8168,14.9704,18.6168
1759161276634,-8.8168,11.5577,0.9832
1759161276674,-14.2658,1.8800,-4.4658
1759161276714,0.0000,-8.8168,9.8000
1759161276754,14.2658,-14.7343,24.0658
1759161276794,8.8168,-12.6649,18.6168
1759161276834,-8.8168,-3.7303,0.9832
1759161276874,-14.2658,7.2263,-4.4658
1759161276914,-0.0000,14.2658,9.8000
1759161276954,14.2658,13.5724,24.0658
1759161276994,8.8168,5.5219,18.6168
1759161277034,-8.8168,-5.5219,0.9832
1759161277074,-14.2658,-13.5724,-4.4658
1759161277114,-0.0000,-14.2658,9.8000
1759161277154,14.2658,-7.2263,24.0658
1759161277194,8.8168,3.7303,18.6168
1759161277234,-8.8168,12.6649,0.9832
1759161277274,-14.2658,14.7343,-4.4658
1759161277314,0.0000,8.8168,9.8000
1759161277354,14.2658,-1.8800,24.0658
1759161277394,8.8168,-11.5577,18.6168
1759161277434,-8.8168,-14.9704,0.9832
1759161277474,-14.2658,-10.2682,-4.4658
1759161277514,-0.0000,-0.0000,9.8000
1759161277554,14.2658,10.2682,24.0658
1759161277594,8.8168,14.9704,18.6168
1759161277634,-8.8168,11.5577,0.9832
1759161277674,-14.2658,1.8800,-4.4658
1759161277714,-0.0000,-8.8168,9.8000
1759161277754,14.2658,-14.7343,24.0658
1759161277794,8.8168,-12.6649,18.6168
1759161277834,-8.8168,-3.7303,0.9832
1759161277874,-14.2658,7.2263,-4.4658
1759161277914,-0.0000,14.2658,9.8000
1759161277954,14.2658,13.5724,24.0658
1759161277994,8.8168,5.5219,18.6168
1759161278034,-8.8168,-5.5219,0.9832
1759161278074,-14.2658,-13.5724,-4.4658
1759161278114,0.0000,-14.2658,9.8000
1759161278154,14.2658,-7.2263,24.0658
1759161278194,8.8168,3.7303,18.6168
1759161278234,-8.8168,12.6649,0.9832
1759161278274,-14.2658,14.7343,-4.4658
1759161278314,-0.0000,8.8168,9.8000
1759161278354,14.2658,-1.8800,24.0658
1759161278394,8.8168,-11.5577,18.6168
1759161278434,-8.8168,-14.9704,0.9832
1759161278474,-14.2658,-10.2682,-4.4658
1759161278514,-0.0000,0.0000,9.8000
1759161278554,14.2658,10.2682,24.0658
1759161278594,8.8168,14.9704,18.6168
1759161278634,-8.8168,11.5577,0.9832
1759161278674,-14.2658,1.8800,-4.4658
1759161278714,-0.0000,-8.8168,9.8000
1759161278754,14.2658,-14.7343,24.0658
1759161278794,8.8168,-12.6649,18.6168
1759161278834,-8.8168,-3.7303,0.9832
1759161278874,-14.2658,7.2263,-4.4658
1759161278914,-0.0000,14.2658,9.8000
1759161278954,14.2658,13.5724,24.0658
1759161278994,8.8168,5.5219,18.6168
1759161279034,-8.8168,-5.5219,0.9832
1759161279074,-14.2658,-13.5724,-4.4658
1759161279114,0.0000,-14.2658,9.8000
1759161279154,14.2658,-7.2263,24.0658
1759161279194,8.8168,3.7303,18.6168
1759161279234,-8.8168,12.6649,0.9832
1759161279274,-14.2658,14.7343,-4.4658
1759161279314,-0.0000,8.8168,9.8000
1759161279354,14.2658,-1.8800,24.0658
1759161279394,8.8168,-11.5577,18.6168
1759161279434,-8.8168,-14.9704,0.9832
1759161279474,-14.2658,-10.2682,-4.4658
1759161279514,0.0000,0.0000,9.8000
1759161279554,14.2658,10.2682,24.0658
1759161279594,8.8168,14.9704,18.6168
1759161279634,-8.8168,11.5577,0.9832
1759161279674,-14.2658,1.8800,-4.4658
1759161279714,-0.0000,-8.8168,9.8000
1759161279754,14.2658,-14.7343,24.0658
1759161279794,8.8168,-12.6649,18.6168
1759161279834,-8.8168,-3.7303,0.9832
1759161279874,-14.2658,7.2263,-4.4658
1759161279914,-0.0000,14.2658,9.8000
1759161279954,14.2658,13.5724,24.0658
1759161279994,8.8168,5.5219,18.6168
1759161280034,-8.8168,-5.5219,0.9832
1759161280074,-14.2658,-13.5724,-4.4658
1759161280114,0.0000,-14.2658,9.8000
1759161280154,14.2658,-7.2263,24.0658
1759161280194,8.8168,3.7303,18.6168
1759161280234,-8.8168,12.6649,0.9832
1759161280274,-14.2658,14.7343,-4.4658
1759161280314,-0.0000,8.8168,9.8000
1759161280354,14.2658,-1.8800,24.0658
1759161280394,8.8168,-11.5577,18.6168
1759161280434,-8.8168,-14.9704,0.9832
1759161280474,-14.2658,-10.2682,-4.4658
1759161280514,-0.0000,-0.0000,9.8000
1759161280554,14.2658,10.2682,24.0658
1759161280594,8.8168,14.9704,18.6168
1759161280634,-8.8168,11.5577,0.9832
1759161280674,-14.2658,1.8800,-4.4658
1759161280714,-0.0000,-8.8168,9.8000
1759161280754,14.2658,-14.7343,24.0658
1759161280794,8.8168,-12.6649,18.6168
1759161280834,-8.8168,-3.7303,0.9832
1759161280874,-14.2658,7.2263,-4.4658
1759161280914,-0.0000,14.2658,9.8000
1759161280954,14.2658,13.5724,24.0658
1759161280994,8.8168,5.5219,18.6168
1759161281034,-8.8168,-5.5219,0.9832
1759161281074,-14.2658,-13.5724,-4.4658
1759161281114,0.0000,-14.2658,9.8000
1759161281154,14.2658,-7.2263,24.0658
1759161281194,8.8168,3.7303,18.6168
1759161281234,-8.8168,12.6649,0.9832
1759161281274,-14.2658,14.7343,-4.4658
1759161281314,0.0000,8.8168,9.8000
1759161281354,14.2658,-1.8800,24.0658
1759161281394,8.8168,-11.5577,18.6168
1759161281434,-8.8168,-14.9704,0.9832
1759161281474,-14.2658,-10.2682,-4.4658
1759161281514,-0.0000,-0.0000,9.8000
1759161281554,14.2658,10.2682,24.0658
1759161281594,8.8168,14.9704,18.6168
1759161281634,-8.8168,11.5577,0.9832
1759161281674,-14.2658,1.8800,-4.4658
1759161281714,-0.0000,-8.8168,9.8000
1759161281754,14.2658,-14.7343,24.0658
1759161281794,8.8168,-12.6649,18.6168
1759161281834,-8.8168,-3.7303,0.9832
1759161281874,-14.2658,7.2263,-4.4658
1759161281914,-0.0000,14.2658,9.8000
1759161281954,14.2658,13.5724,24.0658
1759161281994,8.8168,5.5219,18.6168
1759161282034,-8.8168,-5.5219,0.9832
1759161282074,-14.2658,-13.5724,-4.4658
1759161282114,-0.0000,-14.2658,9.8000
1759161282154,14.2658,-7.2263,24.0658
1759161282194,8.8168,3.7303,18.6168
1759161282234,-8.8168,12.6649,0.9832
1759161282274,-14.2658,14.7343,-4.4658
1759161282314,0.0000,8.8168,9.8000
1759161282354,14.2658,-1.8800,24.0658
1759161282394,8.8168,-11.5577,18.6168
1759161282434,-8.8168,-14.9704,0.9832
1759161282474,-14.2658,-10.2682,-4.4658
1759161282514,-0.0000,-0.0000,9.8000
1759161282554,14.2658,10.2682,24.0658
1759161282594,8.8168,14.9704,18.6168
1759161282634,-8.8168,11.5577,0.9832
1759161282674,-14.2658,1.8800,-4.4658
1759161282714,-0.0000,-8.8168,9.8000
1759161282754,14.2658,-14.7343,24.0658
1759161282794,8.8168,-12.6649,18.6168
1759161282834,-8.8168,-3.7303,0.9832
1759161282874,-14.2658,7.2263,-4.4658
1759161282914,-0.0000,14.2658,9.8000
1759161282954,14.2658,13.5724,24.0658
1759161282994,8.8168,5.5219,18.6168
1759161283034,-8.8168,-5.5219,0.9832
1759161283074,-14.2658,-13.5724,-4.4658
1759161283114,-0.0000,-14.2658,9.8000
1759161283154,14.2658,-7.2263,24.0658
1759161283194,8.8168,3.7303,18.6168
1759161283234,-8.8168,12.6649,0.9832
1759161283274,-14.2658,14.7343,-4.4658
1759161283314,0.0000,8.8168,9.8000
1759161283354,14.2658,-1.8800,24.0658
1759161283394,8.8168,-11.5577,18.6168
1759161283434,-8.8168,-14.9704,0.9832
1759161283474,-14.2658,-10.2682,-4.4658
1759161283514,-0.0000,-0.0000,9.8000
1759161283554,14.2658,10.2682,24.0658
1759161283594,8.8168,14.9704,18.6168
1759161283634,-8.8168,11.5577,0.9832
1759161283674,-14.2658,1.8800,-4.4658
1759161283714,-0.0000,-8.8168,9.8000
1759161283754,14.2658,-14.7343,24.0658
1759161283794,8.8168,-12.6649,18.6168
1759161283834,-8.8168,-3.7303,0.9832
1759161283874,-14.2658,7.2263,-4.4658
1759161283914,-0.0000,14.2658,9.8000
1759161283954,14.2658,13.5724,24.0658
1759161283994,8.8168,5.5219,18.6168
1759161284034,-8.8168,-5.5219,0.9832
1759161284074,-14.2658,-13.5724,-4.4658
1759161284114,0.0000,-14.2658,9.8000
1759161284154,14.2658,-7.2263,24.0658
1759161284194,8.8168,3.7303,18.6168
1759161284234,-8.8168,12.6649,0.9832
1759161284274,-14.2658,14.7343,-4.4658
1759161284314,-0.0000,8.8168,9.8000
1759161284354,14.2658,-1.8800,24.0658
1759161284394,8.8168,-11.5577,18.6168
1759161284434,-8.8168,-14.9704,0.9832
1759161284474,-14.2658,-10.2682,-4.4658
1759161284514,0.0000,0.0000,9.8000
1759161284554,14.2658,10.2682,24.0658
1759161284594,8.8168,14.9704,18.6168
1759161284634,-8.8168,11.5577,0.9832
1759161284674,-14.2658,1.8800,-4.4658
1759161284714,-0.0000,-8.8168,9.8000
1759161284754,14.2658,-14.7343,24.0658
1759161284794,8.8168,-12.6649,18.6168
1759161284834,-8.8168,-3.7303,0.9832
1759161284874,-14.2658,7.2263,-4.4658
1759161284914,-0.0000,14.2658,9.8000
1759161284954,14.2658,13.5724,24.0658
1759161284994,8.8168,5.5219,18.6168
1759161285034,-8.8168,-5.5219,0.9832
1759161285074,-14.2658,-13.5724,-4.4658
1759161285114,0.0000,-14.2658,9.8000
1759161285154,14.2658,-7.2263,24.0658
1759161285194,8.8168,3.7303,18.6168
1759161285234,-8.8168,12.6649,0.9832
1759161285274,-14.2658,14.7343,-4.4658
1759161285314,-0.0000,8.8168,9.8000
1759161285354,14.2658,-1.8800,24.0658
1759161285394,8.8168,-11.5577,18.6168
1759161285434,-8.8168,-14.9704,0.9832
1759161285474,-14.2658,-10.2682,-4.4658
1759161285514,0.0000,-0.0000,9.8000
1759161285554,14.2658,10.2682,24.0658
1759161285594,8.8168,14.9704,18.6168
1759161285634,-8.8168,11.5577,0.9832
1759161285674,-14.2658,1.8800,-4.4658
1759161285714,-0.0000,-8.8168,9.8000
1759161285754,14.2658,-14.7343,24.0658
1759161285794,8.8168,-12.6649,18.6168
1759161285834,-8.8168,-3.7303,0.9832
1759161285874,-14.2658,7.2263,-4.4658
1759161285914,-0.0000,14.2658,9.8000
1759161285954,14.2658,13.5724,24.0658
1759161285994,8.8168,5.5219,18.6168
1759161286034,-8.8168,-5.5219,0.9832
1759161286074,-14.2658,-13.5724,-4.4658
1759161286114,0.0000,-14.2658,9.8000
1759161286154,14.2658,-7.2263,24.0658
1759161286194,8.8168,3.7303,18.6168
1759161286234,-8.8168,12.6649,0.9832
1759161286274,-14.2658,14.7343,-4.4658
1759161286314,-0.0000,8.8168,9.8000
1759161286354,14.2658,-1.8800,24.0658
1759161286394,8.8168,-11.5577,18.6168
1759161286434,-8.8168,-14.9704,0.9832
1759161286474,-14.2658,-10.2682,-4.4658
1759161286514,-0.0000,-0.0000,9.8000
1759161286554,14.2658,10.2682,24.0658
1759161286594,8.8168,14.9704,18.6168
1759161286634,-8.8168,11.5577,0.9832
1759161286674,-14.2658,1.8800,-4.4658
1759161286714,-0.0000,-8.8168,9.8000
1759161286754,14.2658,-14.7343,24.0658
1759161286794,8.8168,-12.6649,18.6168
1759161286834,-8.8168,-3.7303,0.9832
1759161286874,-14.2658,7.2263,-4.4658
1759161286914,-0.0000,14.2658,9.8000
1759161286954,14.2658,13.5724,24.0658
1759161286994,8.8168,5.5219,18.6168
1759161287034,-8.8168,-5.5219,0.9832
1759161287074,-14.2658,-13.5724,-4.4658
1759161287114,-0.0000,-14.2658,9.8000
1759161287154,14.2658,-7.2263,24.0658
1759161287194,8.8168,3.7303,18.6168
1759161287234,-8.8168,12.6649,0.9832
1759161287274,-14.2658,14.7343,-4.4658
1759161287314,0.0000,8.8168,9.8000
1759161287354,14.2658,-1.8800,24.0658
1759161287394,8.8168,-11.5577,18.6168
1759161287434,-8.8168,-14.9704,0.9832
1759161287474,-14.2658,-10.2682,-4.4658
1759161287514,-0.0000,-0.0000,9.8000
1759161287554,14.2658,10.2682,24.0658
1759161287594,8.8168,14.9704,18.6168
1759161287634,-8.8168,11.5577,0.9832
1759161287674,-14.2658,1.8800,-4.4658
1759161287714,0.0000,-8.8168,9.8000
1759161287754,14.2658,-14.7343,24.0658
1759161287794,8.8168,-12.6649,18.6168
1759161287834,-8.8168,-3.7303,0.9832
1759161287874,-14.2658,7.2263,-4.4658
1759161287914,-0.0000,14.2658,9.8000
1759161287954,14.2658,13.5724,24.0658
1759161287994,8.8168,5.5219,18.6168
1759161288034,-8.8168,-5.5219,0.9832
1759161288074,-14.2658,-13.5724,-4.4658
1759161288114,-0.0000,-14.2658,9.8000
1759161288154,14.2658,-7.2263,24.0658
1759161288194,8.8168,3.7303,18.6168
1759161288234,-8.8168,12.6649,0.9832
1759161288274,-14.2658,14.7343,-4.4658
1759161288314,0.0000,8.8168,9.8000
1759161288354,14.2658,-1.8800,24.0658
1759161288394,8.8168,-11.5577,18.6168
1759161288434,-8.8168,-14.9704,0.9832
1759161288474,-14.2658,-10.2682,-4.4658
1759161288514,-0.0000,-0.0000,9.8000
1759161288554,14.2658,10.2682,24.0658
1759161288594,8.8168,14.9704,18.6168
1759161288634,-8.8168,11.5577,0.9832
1759161288674,-14.2658,1.8800,-4.4658
1759161288714,-0.0000,-8.8168,9.8000
1759161288754,14.2658,-14.7343,24.0658
1759161288794,8.8168,-12.6649,18.6168
1759161288834,-8.8168,-3.7303,0.9832
1759161288874,-14.2658,7.2263,-4.4658
1759161288914,-0.0000,14.2658,9.8000
1759161288954,14.2658,13.5724,24.0658
1759161288994,8.8168,5.5219,18.6168
1759161289034,-8.8168,-5.5219,0.9832
1759161289074,-14.2658,-13.5724,-4.4658
1759161289114,0.0000,-14.2658,9.8000
1759161289154,14.2658,-7.2263,24.0658
1759161289194,8.8168,3.7303,18.6168
1759161289234,-8.8168,12.6649,0.9832
1759161289274,-14.2658,14.7343,-4.4658
1759161289314,-0.0000,8.8168,9.8000
1759161289354,14.2658,-1.8800,24.0658
1759161289394,8.8168,-11.5577,18.6168
1759161289434,-8.8168,-14.9704,0.9832
1759161289474,-14.2658,-10.2682,-4.4658
1759161289514,-0.0000,-0.0000,9.8000
1759161289554,14.2658,10.2682,24.0658
1759161289594,8.8168,14.9704,18.6168
1759161289634,-8.8168,11.5577,0.9832
1759161289674,-14.2658,1.8800,-4.4658
1759161289714,-0.0000,-8.8168,9.8000
1759161289754,14.2658,-14.7343,24.0658
1759161289794,8.8168,-12.6649,18.6168
1759161289834,-8.8168,-3.7303,0.9832
1759161289874,-14.2658,7.2263,-4.4658
1759161289914,-0.0000,14.2658,9.8000
1759161289954,14.2658,13.5724,24.0658
1759161289994,8.8168,5.5219,18.6168
1759161290034,-8.8168,-5.5219,0.9832
1759161290074,-14.2658,-13.5724,-4.4658
1759161290114,0.0000,-14.2658,9.8000
1759161290154,14.2658,-7.2263,24.0658
1759161290194,8.8168,3.7303,18.6168
1759161290234,-8.8168,12.6649,0.9832
1759161290274,-14.2658,14.7343,-4.4658
1759161290314,-0.0000,8.8168,9.8000
1759161290354,14.2658,-1.8800,24.0658
1759161290394,8.8168,-11.5577,18.6168
1759161290434,-8.8168,-14.9704,0.9832
1759161290474,-14.2658,-10.2682,-4.4658
1759161290514,0.0000,0.0000,9.8000
1759161290554,14.2658,10.2682,24.0658
1759161290594,8.8168,14.9704,18.6168
1759161290634,-8.8168,11.5577,0.9832
1759161290674,-14.2658,1.8800,-4.4658
1759161290714,-0.0000,-8.8168,9.8000
1759161290754,14.2658,-14.7343,24.0658
1759161290794,8.8168,-12.6649,18.6168
1759161290834,-8.8168,-3.7303,0.9832
1759161290874,-14.2658,7.2263,-4.4658
1759161290914,-0.0000,14.2658,9.8000
1759161290954,14.2658,13.5724,24.0658
1759161290994,8.8168,5.5219,18.6168
1759161291034,-8.8168,-5.5219,0.9832
1759161291074,-14.2658,-13.5724,-4.4658
1759161291114,0.0000,-14.2658,9.8000
1759161291154,14.2658,-7.2263,24.0658
1759161291194,8.8168,3.7303,18.6168
1759161291234,-8.8168,12.6649,0.9832
1759161291274,-14.2658,14.7343,-4.4658
1759161291314,-0.0000,8.8168,9.8000
1759161291354,14.2658,-1.8800,24.0658
1759161291394,8.8168,-11.5577,18.6168
1759161291434,-8.8168,-14.9704,0.9832
1759161291474,-14.2658,-10.2682,-4.4658
1759161291514,-0.0000,-0.0000,9.8000
1759161291554,14.2658,10.2682,24.0658
1759161291594,8.8168,14.9704,18.6168
1759161291634,-8.8168,11.5577,0.9832
1759161291674,-14.2658,1.8800,-4.4658
1759161291714,-0.0000,-8.8168,9.8000
1759161291754,14.2658,-14.7343,24.0658
1759161291794,8.8168,-12.6649,18.6168
1759161291834,-8.8168,-3.7303,0.9832
1759161291874,-14.2658,7.2263,-4.4658
1759161291914,-0.0000,14.2658,9.8000
1759161291954,14.2658,13.5724,24.0658
1759161291994,8.8168,5.5219,18.6168
1759161292034,-8.8168,-5.5219,0.9832
1759161292074,-14.2658,-13.5724,-4.4658
1759161292114,0.0000,-14.2658,9.8000
1759161292154,14.2658,-7.2263,24.0658
1759161292194,8.8168,3.7303,18.6168
1759161292234,-8.8168,12.6649,0.9832
1759161292274,-14.2658,14.7343,-4.4658
1759161292314,0.0000,8.8168,9.8000
1759161292354,14.2658,-1.8800,24.0658
1759161292394,8.8168,-11.5577,18.6168
1759161292434,-8.8168,-14.9704,0.9832
1759161292474,-14.2658,-10.2682,-4.4658
1759161292514,-0.0000,-0.0000,9.8000
1759161292554,14.2658,10.2682,24.0658
1759161292594,8.8168,14.9704,18.6168
1759161292634,-8.8168,11.5577,0.9832
1759161292674,-14.2658,1.8800,-4.4658
1759161292714,-0.0000,-8.8168,9.8000
1759161292754,14.2658,-14.7343,24.0658
1759161292794,8.8168,-12.6649,18.6168
1759161292834,-8.8168,-3.7303,0.9832
1759161292874,-14.2658,7.2263,-4.4658
1759161292914,-0.0000,14.2658,9.8000
1759161292954,14.2658,13.5724,24.0658
1759161292994,8.8168,5.5219,18.6168
1759161293034,-8.8168,-5.5219,0.9832
1759161293074,-14.2658,-13.5724,-4.4658
1759161293114,-0.0000,-14.2658,9.8000
1759161293154,14.2658,-7.2263,24.0658
1759161293194,8.8168,3.7303,18.6168
1759161293234,-8.8168,12.6649,0.9832
1759161293274,-14.2658,14.7343,-4.4658
1759161293314,0.0000,8.8168,9.8000
1759161293354,14.2658,-1.8800,24.0658
1759161293394,8.8168,-11.5577,18.6168
1759161293434,-8.8168,-14.9704,0.9832
1759161293474,-14.2658,-10.2682,-4.4658
1759161293514,-0.0000,-0.0000,9.8000
1759161293554,14.2658,10.2682,24.0658
1759161293594,8.8168,14.9704,18.6168
1759161293634,-8.8168,11.5577,0.9832
1759161293674,-14.2658,1.8800,-4.4658
1759161293714,-0.0000,-8.8168,9.8000
1759161293754,14.2658,-14.7343,24.0658
1759161293794,8.8168,-12.6649,18.6168
1759161293834,-8.8168,-3.7303,0.9832
1759161293874,-14.2658,7.2263,-4.4658
1759161293914,-0.0000,14.2658,9.8000
1759161293954,14.2658,13.5724,24.0658
1759161293994,8.8168,5.5219,18.6168
1759161294034,-8.8168,-5.5219,0.9832
1759161294074,-14.2658,-13.5724,-4.4658
1759161294114,0.0000,-14.2658,9.8000
1759161294154,14.2658,-7.2263,24.0658
1759161294194,8.8168,3.7303,18.6168
1759161294234,-8.8168,12.6649,0.9832
1759161294274,-14.2658,14.7343,-4.4658
1759161294314,0.0000,8.8168,9.8000
1759161294354,14.2658,-1.8800,24.0658
1759161294394,8.8168,-11.5577,18.6168
1759161294434,-8.8168,-14.9704,0.9832
1759161294474,-14.2658,-10.2682,-4.4658
1759161294514,-0.0000,-0.0000,9.8000
1759161294554,14.2658,10.2682,24.0658
1759161294594,8.8168,14.9704,18.6168
1759161294634,-8.8168,11.5577,0.9832
1759161294674,-14.2658,1.8800,-4.4658
1759161294714,-0.0000,-8.8168,9.8000
1759161294754,14.2658,-14.7343,24.0658
1759161294794,8.8168,-12.6649,18.6168
1759161294834,-8.8168,-3.7303,0.9832
1759161294874,-14.2658,7.2263,-4.4658
1759161294914,-0.0000,14.2658,9.8000
1759161294954,14.2658,13.5724,24.0658
1759161294994,8.8168,5.5219,18.6168
1759161295034,-8.8168,-5.5219,0.9832
1759161295074,-14.2658,-13.5724,-4.4658
1759161295114,0.0000,-14.2658,9.8000
1759161295154,14.2658,-7.2263,24.0658
1759161295194,8.8168,3.7303,18.6168
1759161295234,-8.8168,12.6649,0.9832
1759161295274,-14.2658,14.7343,-4.4658
1759161295314,-0.0000,8.8168,9.8000
1759161295354,14.2658,-1.8800,24.0658
1759161295394,8.8168,-11.5577,18.6168
1759161295434,-8.8168,-14.9704,0.9832
1759161295474,-14.2658,-10.2682,-4.4658
1759161295514,0.0000,0.0000,9.8000
1759161295554,14.2658,10.2682,24.0658
1759161295594,8.8168,14.9704,18.6168
1759161295634,-8.8168,11.5577,0.9832
1759161295674,-14.2658,1.8800,-4.4658
1759161295714,-0.0000,-8.8168,9.8000
1759161295754,14.2658,-14.7343,24.0658
1759161295794,8.8168,-12.6649,18.6168
1759161295834,-8.8168,-3.7303,0.9832
1759161295874,-14.2658,7.2263,-4.4658
1759161295914,-0.0000,14.2658,9.8000
1759161295954,14.2658,13.5724,24.0658
1759161295994,8.8168,5.5219,18.6168
1759161296034,-8.8168,-5.5219,0.9832
1759161296074,-14.2658,-13.5724,-4.4658
1759161296114,0.0000,-14.2658,9.8000
1759161296154,14.2658,-7.2263,24.0658
1759161296194,8.8168,3.7303,18.6168
1759161296234,-8.8168,12.6649,0.9832
1759161296274,-14.2658,14.7343,-4.4658
1759161296314,-0.0000,8.8168,9.8000
1759161296354,14.2658,-1.8800,24.0658
1759161296394,8.8168,-11.5577,18.6168
1759161296434,-8.8168,-14.9704,0.9832
1759161296474,-14.2658,-10.2682,-4.4658
1759161296514,0.0000,-0.0000,9.8000
1759161296554,14.2658,10.2682,24.0658
1759161296594,8.8168,14.9704,18.6168
1759161296634,-8.8168,11.5577,0.9832
1759161296674,-14.2658,1.8800,-4.4658
1759161296714,-0.0000,-8.8168,9.8000
1759161296754,14.2658,-14.7343,24.0658
1759161296794,8.8168,-12.6649,18.6168
1759161296834,-8.8168,-3.7303,0.9832
1759161296874,-14.2658,7.2263,-4.4658
1759161296914,-0.0000,14.2658,9.8000
1759161296954,14.2658,13.5724,24.0658
1759161296994,8.8168,5.5219,18.6168
1759161297034,-8.8168,-5.5219,0.9832
1759161297074,-14.2658,-13.5724,-4.4658
1759161297114,0.0000,-14.2658,9.8000
1759161297154,14.2658,-7.2263,24.0658
1759161297194,8.8168,3.7303,18.6168
1759161297234,-8.8168,12.6649,0.9832
1759161297274,-14.2658,14.7343,-4.4658
1759161297314,-0.0000,8.8168,9.8000
1759161297354,14.2658,-1.8800,24.0658
1759161297394,8.8168,-11.5577,18.6168
1759161297434,-8.8168,-14.9704,0.9832
1759161297474,-14.2658,-10.2682,-4.4658
1759161297514,-0.0000,-0.0000,9.8000
1759161297554,14.2658,10.2682,24.0658
1759161297594,8.8168,14.9704,18.6168
1759161297634,-8.8168,11.5577,0.9832
1759161297674,-14.2658,1.8800,-4.4658
1759161297714,-0.0000,-8.8168,9.8000
1759161297754,14.2658,-14.7343,24.0658
1759161297794,8.8168,-12.6649,18.6168
1759161297834,-8.8168,-3.7303,0.9832
1759161297874,-14.2658,7.2263,-4.4658
1759161297914,-0.0000,14.2658,9.8000
1759161297954,14.2658,13.5724,24.0658
1759161297994,8.8168,5.5219,18.6168
1759161298034,-8.8168,-5.5219,0.9832
1759161298074,-14.2658,-13.5724,-4.4658
1759161298114,-0.0000,-14.2658,9.8000
1759161298154,14.2658,-7.2263,24.0658
1759161298194,8.8168,3.7303,18.6168
1759161298234,-8.8168,12.6649,0.9832
1759161298274,-14.2658,14.7343,-4.4658
1759161298314,0.0000,8.8168,9.8000
1759161298354,14.2658,-1.8800,24.0658
1759161298394,8.8168,-11.5577,18.6168
1759161298434,-8.8168,-14.9704,0.9832
1759161298474,-14.2658,-10.2682,-4.4658
1759161298514,-0.0000,-0.0000,9.8000
1759161298554,14.2658,10.2682,24.0658
1759161298594,8.8168,14.9704,18.6168
1759161298634,-8.8168,11.5577,0.9832
1759161298674,-14.2658,1.8800,-4.4658
1759161298714,0.0000,-8.8168,9.8000
1759161298754,14.2658,-14.7343,24.0658
1759161298794,8.8168,-12.6649,18.6168
1759161298834,-8.8168,-3.7303,0.9832
1759161298874,-14.2658,7.2263,-4.4658
1759161298914,-0.0000,14.2658,9.8000
1759161298954,14.2658,13.5724,24.0658
1759161298994,8.8168,5.5219,18.6168
1759161299034,-8.8168,-5.5219,0.9832
1759161299074,-14.2658,-13.5724,-4.4658
1759161299114,-0.0000,-14.2658,9.8000
1759161299154,14.2658,-7.2263,24.0658
1759161299194,8.8168,3.7303,18.6168
1759161299234,-8.8168,12.6649,0.9832
1759161299274,-14.2658,14.7343,-4.4658
1759161299314,0.0000,8.8168,9.8000
1759161299354,14.2658,-1.8800,24.0658
1759161299394,8.8168,-11.5577,18.6168
1759161299434,-8.8168,-14.9704,0.9832
1759161299474,-14.2658,-10.2682,-4.4658
1759161299514,-0.0000,-0.0000,9.8000
1759161299554,14.2658,10.2682,24.0658
1759161299594,8.8168,14.9704,18.6168
1759161299634,-8.8168,11.5577,0.9832
1759161299674,-14.2658,1.8800,-4.4658
1759161299714,-0.0000,-8.8168,9.8000
1759161299754,14.2658,-14.7343,24.0658
1759161299794,8.8168,-12.6649,18.6168
1759161299834,-8.8168,-3.7303,0.9832
1759161299874,-14.2658,7.2263,-4.4658
1759161299914,-0.0000,14.2658,9.8000
1759161299954,14.2658,13.5724,24.0658
1759161299994,8.8168,5.5219,18.6168
1759161300034,-8.8168,-5.5219,0.9832
1759161300074,-14.2658,-13.5724,-4.4658
1759161300114,0.0000,-14.2658,9.8000
1759161300154,14.2658,-7.2263,24.0658
1759161300194,8.8168,3.7303,18.6168
1759161300234,-8.8168,12.6649,0.9832
1759161300274,-14.2658,14.7343,-4.4658
1759161300314,-0.0000,8.8168,9.8000
1759161300354,14.2658,-1.8800,24.0658
1759161300394,8.8168,-11.5577,18.6168
1759161300434,-8.8168,-14.9704,0.9832
1759161300474,-14.2658,-10.2682,-4.4658
1759161300514,-0.0000,-0.0000,9.8000
1759161300554,14.2658,10.2682,24.0658
1759161300594,8.8168,14.9704,18.6168
1759161300634,-8.8168,11.5577,0.9832
1759161300674,-14.2658,1.8800,-4.4658
1759161300714,-0.0000,-8.8168,9.8000
1759161300754,14.2658,-14.7343,24.0658
1759161300794,8.8168,-12.6649,18.6168
1759161300834,-8.8168,-3.7303,0.9832
1759161300874,-14.2658,7.2263,-4.4658
1759161300914,-0.0000,14.2658,9.8000
1759161300954,14.2658,13.5724,24.0658
1759161300994,8.8168,5.5219,18.6168
1759161301034,-8.8168,-5.5219,0.9832
1759161301074,-14.2658,-13.5724,-4.4658
1759161301114,0.0000,-14.2658,9.8000
1759161301154,14.2658,-7.2263,24.0658
1759161301194,8.8168,3.7303,18.6168
1759161301234,-8.8168,12.6649,0.9832
1759161301274,-14.2658,14.7343,-4.4658
1759161301314,-0.0000,8.8168,9.8000
1759161301354,14.2658,-1.8800,24.0658
1759161301394,8.8168,-11.5577,18.6168
1759161301434,-8.8168,-14.9704,0.9832
1759161301474,-14.2658,-10.2682,-4.4658
1759161301514,0.0000,0.0000,9.8000
1759161301554,14.2658,10.2682,24.0658
1759161301594,8.8168,14.9704,18.6168
1759161301634,-8.8168,11.5577,0.9832
1759161301674,-14.2658,1.8800,-4.4658
1759161301714,-0.0000,-8.8168,9.8000
1759161301754,14.2658,-14.7343,24.0658
1759161301794,8.8168,-12.6649,18.6168
1759161301834,-8.8168,-3.7303,0.9832
1759161301874,-14.2658,7.2263,-4.4658
1759161301914,-0.0000,14.2658,9.8000
1759161301954,14.2658,13.5724,24.0658
1759161301994,8.8168,5.5219,18.6168
1759161302034,-8.8168,-5.5219,0.9832
1759161302074,-14.2658,-13.5724,-4.4658
1759161302114,0.0000,-14.2658,9.8000
1759161302154,14.2658,-7.2263,24.0658
1759161302194,8.8168,3.7303,18.6168
1759161302234,-8.8168,12.6649,0.9832
1759161302274,-14.2658,14.7343,-4.4658
1759161302314,-0.0000,8.8168,9.8000
1759161302354,14.2658,-1.8800,24.0658
1759161302394,8.8168,-11.5577,18.6168
1759161302434,-8.8168,-14.9704,0.9832
1759161302474,-14.2658,-10.2682,-4.4658
1759161302514,-0.0000,-0.0000,9.8000
1759161302554,14.2658,10.2682,24.0658
1759161302594,8.8168,14.9704,18.6168
1759161302634,-8.8168,11.5577,0.9832
1759161302674,-14.2658,1.8800,-4.4658
1759161302714,-0.0000,-8.8168,9.8000
1759161302754,14.2658,-14.7343,24.0658
1759161302794,8.8168,-12.6649,18.6168
1759161302834,-8.8168,-3.7303,0.9832
1759161302874,-14.2658,7.2263,-4.4658
1759161302914,-0.0000,14.2658,9.8000
1759161302954,14.2658,13.5724,24.0658
1759161302994,8.8168,5.5219,18.6168
1759161303034,-8.8168,-5.5219,0.9832
1759161303074,-14.2658,-13.5724,-4.4658
1759161303114,0.0000,-14.2658,9.8000
1759161303154,14.2658,-7.2263,24.0658
1759161303194,8.8168,3.7303,18.6168
1759161303234,-8.8168,12.6649,0.9832
1759161303274,-14.2658,14.7343,-4.4658
1759161303314,0.0000,8.8168,9.8000
1759161303354,14.2658,-1.8800,24.0658
1759161303394,8.8168,-11.5577,18.6168
1759161303434,-8.8168,-14.9704,0.9832
1759161303474,-14.2658,-10.2682,-4.4658
1759161303514,-0.0000,-0.0000,9.8000
1759161303554,14.2658,10.2682,24.0658
1759161303594,8.8168,14.9704,18.6168
1759161303634,-8.8168,11.5577,0.9832
1759161303674,-14.2658,1.8800,-4.4658
1759161303714,-0.0000,-8.8168,9.8000
1759161303754,14.2658,-14.7343,24.0658
1759161303794,8.8168,-12.6649,18.6168
1759161303834,-8.8168,-3.7303,0.9832
1759161303874,-14.2658,7.2263,-4.4658
1759161303914,-0.0000,14.2658,9.8000
1759161303954,14.2658,13.5724,24.0658
1759161303994,8.8168,5.5219,18.6168
1759161304034,-8.8168,-5.5219,0.9832
1759161304074,-14.2658,-13.5724,-4.4658
1759161304114,-0.0000,-14.2658,9.8000
1759161304154,14.2658,-7.2263,24.0658
1759161304194,8.8168,3.7303,18.6168
1759161304234,-8.8168,12.6649,0.9832
1759161304274,-14.2658,14.7343,-4.4658
1759161304314,0.0000,8.8168,9.8000
1759161304354,14.2658,-1.8800,24.0658
1759161304394,8.8168,-11.5577,18.6168
1759161304434,-8.8168,-14.9704,0.9832
1759161304474,-14.2658,-10.2682,-4.4658
1759161304514,-0.0000,-0.0000,9.8000
1759161304554,14.2658,10.2682,24.0658
1759161304594,8.8168,14.9704,18.6168
1759161304634,-8.8168,11.5577,0.9832
1759161304674,-14.2658,1.8800,-4.4658
1759161304714,-0.0000,-8.8168,9.8000
1759161304754,14.2658,-14.7343,24.0658
1759161304794,8.8168,-12.6649,18.6168
1759161304834,-8.8168,-3.7303,0.9832
1759161304874,-14.2658,7.2263,-4.4658
1759161304914,-0.0000,14.2658,9.8000
1759161304954,14.2658,13.5724,24.0658
1759161304994,8.8168,5.5219,18.6168
1759161305034,-8.8168,-5.5219,0.9832
1759161305074,-14.2658,-13.5724,-4.4658
1759161305114,0.0000,-14.2658,9.8000
1759161305154,14.2658,-7.2263,24.0658
1759161305194,8.8168,3.7303,18.6168
1759161305234,-8.8168,12.6649,0.9832
1759161305274,-14.2658,14.7343,-4.4658
1759161305314,0.0000,8.8168,9.8000
1759161305354,14.2658,-1.8800,24.0658
1759161305394,8.8168,-11.5577,18.6168
1759161305434,-8.8168,-14.9704,0.9832
1759161305474,-14.2658,-10.2682,-4.4658
1759161305514,-0.0000,-0.0000,9.8000
1759161305554,14.2658,10.2682,24.0658
1759161305594,8.8168,14.9704,18.6168
1759161305634,-8.8168,11.5577,0.9832
1759161305674,-14.2658,1.8800,-4.4658
1759161305714,-0.0000,-8.8168,9.8000
1759161305754,14.2658,-14.7343,24.0658
1759161305794,8.8168,-12.6649,18.6168
1759161305834,-8.8168,-3.7303,0.9832
1759161305874,-14.2658,7.2263,-4.4658
1759161305914,-0.0000,14.2658,9.8000
1759161305954,14.2658,13.5724,24.0658
1759161305994,8.8168,5.5219,18.6168
1759161306034,-8.8168,-5.5219,0.9832
1759161306074,-14.2658,-13.5724,-4.4658
1759161306114,0.0000,-14.2658,9.8000
1759161306154,14.2658,-7.2263,24.0658
1759161306194,8.8168,3.7303,18.6168
1759161306234,-8.8168,12.6649,0.9832
1759161306274,-14.2658,14.7343,-4.4658
1759161306314,-0.0000,8.8168,9.8000
1759161306354,14.2658,-1.8800,24.0658
1759161306394,8.8168,-11.5577,18.6168
1759161306434,-8.8168,-14.9704,0.9832
1759161306474,-14.2658,-10.2682,-4.4658
1759161306514,0.0000,0.0000,9.8000
1759161306554,14.2658,10.2682,24.0658
1759161306594,8.8168,14.9704,18.6168
1759161306634,-8.8168,11.5577,0.9832
1759161306674,-14.2658,1.8800,-4.4658
1759161306714,-0.0000,-8.8168,9.8000
1759161306754,14.2658,-14.7343,24.0658
1759161306794,8.8168,-12.6649,18.6168
1759161306834,-8.8168,-3.7303,0.9832
1759161306874,-14.2658,7.2263,-4.4658
1759161306914,-0.0000,14.2658,9.8000
1759161306954,14.2658,13.5724,24.0658
1759161306994,8.8168,5.5219,18.6168
1759161307034,-8.8168,-5.5219,0.9832
1759161307074,-14.2658,-13.5724,-4.4658
1759161307114,0.0000,-14.2658,9.8000
1759161307154,14.2658,-7.2263,24.0658
1759161307194,8.8168,3.7303,18.6168
1759161307234,-8.8168,12.6649,0.9832
1759161307274,-14.2658,14.7343,-4.4658
1759161307314,-0.0000,8.8168,9.8000
1759161307354,14.2658,-1.8800,24.0658
1759161307394,8.8168,-11.5577,18.6168
1759161307434,-8.8168,-14.9704,0.9832
1759161307474,-14.2658,-10.2682,-4.4658
1759161307514,0.0000,0.0000,9.8000
1759161307554,14.2658,10.2682,24.0658
1759161307594,8.8168,14.9704,18.6168
1759161307634,-8.8168,11.5577,0.9832
1759161307674,-14.2658,1.8800,-4.4658
1759161307714,-0.0000,-8.8168,9.8000
1759161307754,14.2658,-14.7343,24.0658
1759161307794,8.8168,-12.6649,18.6168
1759161307834,-8.8168,-3.7303,0.9832
1759161307874,-14.2658,7.2263,-4.4658
1759161307914,-0.0000,14.2658,9.8000
1759161307954,14.2658,13.5724,24.0658
1759161307994,8.8168,5.5219,18.6168
1759161308034,-8.8168,-5.5219,0.9832
1759161308074,-14.2658,-13.5724,-4.4658
1759161308114,0.0000,-14.2658,9.8000
1759161308154,14.2658,-7.2263,24.0658
1759161308194,8.8168,3.7303,18.6168
1759161308234,-8.8168,12.6649,0.9832
1759161308274,-14.2658,14.7343,-4.4658
1759161308314,0.0000,8.8168,9.8000
1759161308354,14.2658,-1.8800,24.0658
1759161308394,8.8168,-11.5577,18.6168
1759161308434,-8.8168,-14.9704,0.9832
1759161308474,-14.2658,-10.2682,-4.4658
1759161308514,-0.0000,-0.0000,9.8000
1759161308554,14.2658,10.2682,24.0658
1759161308594,8.8168,14.9704,18.6168
1759161308634,-8.8168,11.5577,0.9832
1759161308674,-14.2658,1.8800,-4.4658
1759161308714,-0.0000,-8.8168,9.8000
1759161308754,14.2658,-14.7343,24.0658
1759161308794,8.8168,-12.6649,18.6168
1759161308834,-8.8168,-3.7303,0.9832
1759161308874,-14.2658,7.2263,-4.4658
1759161308914,-0.0000,14.2658,9.8000
1759161308954,14.2658,13.5724,24.0658
1759161308994,8.8168,5.5219,18.6168
1759161309034,-8.8168,-5.5219,0.9832
1759161309074,-14.2658,-13.5724,-4.4658
1759161309114,-0.0000,-14.2658,9.8000
1759161309154,14.2658,-7.2263,24.0658
1759161309194,8.8168,3.7303,18.6168
1759161309234,-8.8168,12.6649,0.9832
1759161309274,-14.2658,14.7343,-4.4658
1759161309314,0.0000,8.8168,9.8000
1759161309354,14.2658,-1.8800,24.0658
1759161309394,8.8168,-11.5577,18.6168
1759161309434,-8.8168,-14.9704,0.9832
1759161309474,-14.2658,-10.2682,-4.4658
1759161309514,-0.0000,-0.0000,9.8000
1759161309554,14.2658,10.2682,24.0658
1759161309594,8.8168,14.9704,18.6168
1759161309634,-8.8168,11.5577,0.9832
1759161309674,-14.2658,1.8800,-4.4658
1759161309714,0.0000,-8.8168,9.8000
1759161309754,14.2658,-14.7343,24.0658
1759161309794,8.8168,-12.6649,18.6168
1759161309834,-8.8168,-3.7303,0.9832
1759161309874,-14.2658,7.2263,-4.4658
1759161309914,-0.0000,14.2658,9.8000
1759161309954,14.2658,13.5724,24.0658
1759161309994,8.8168,5.5219,18.6168
1759161310034,-8.8168,-5.5219,0.9832
1759161310074,-14.2658,-13.5724,-4.4658
1759161310114,-0.0000,-14.2658,9.8000
1759161310154,14.2658,-7.2263,24.0658
1759161310194,8.8168,3.7303,18.6168
1759161310234,-8.8168,12.6649,0.9832
1759161310274,-14.2658,14.7343,-4.4658
1759161310314,0.0000,8.8168,9.8000
1759161310354,14.2658,-1.8800,24.0658
1759161310394,8.8168,-11.5577,18.6168
1759161310434,-8.8168,-14.9704,0.9832
1759161310474,-14.2658,-10.2682,-4.4658
1759161310514,-0.0000,-0.0000,9.8000
1759161310554,14.2658,10.2682,24.0658
1759161310594,8.8168,14.9704,18.6168
1759161310634,-8.8168,11.5577,0.9832
1759161310674,-14.2658,1.8800,-4.4658
1759161310714,-0.0000,-8.8168,9.8000
1759161310754,14.2658,-14.7343,24.0658
1759161310794,8.8168,-12.6649,18.6168
1759161310834,-8.8168,-3.7303,0.9832
1759161310874,-14.2658,7.2263,-4.4658
1759161310914,-0.0000,14.2658,9.8000
1759161310954,14.2658,13.5724,24.0658
1759161310994,8.8168,5.5219,18.6168
1759161311034,-8.8168,-5.5219,0.9832
1759161311074,-14.2658,-13.5724,-4.4658
1759161311114,0.0000,-14.2658,9.8000
1759161311154,14.2658,-7.2263,24.0658
1759161311194,8.8168,3.7303,18.6168
1759161311234,-8.8168,12.6649,0.9832
1759161311274,-14.2658,14.7343,-4.4658
1759161311314,-0.0000,8.8168,9.8000
1759161311354,14.2658,-1.8800,24.0658
1759161311394,8.8168,-11.5577,18.6168
1759161311434,-8.8168,-14.9704,0.9832
1759161311474,-14.2658,-10.2682,-4.4658
1759161311514,0.0000,-0.0000,9.8000
1759161311554,14.2658,10.2682,24.0658
1759161311594,8.8168,14.9704,18.6168
1759161311634,-8.8168,11.5577,0.9832
1759161311674,-14.2658,1.8800,-4.4658
1759161311714,-0.0000,-8.8168,9.8000
1759161311754,14.2658,-14.7343,24.0658
1759161311794,8.8168,-12.6649,18.6168
1759161311834,-8.8168,-3.7303,0.9832
1759161311874,-14.2658,7.2263,-4.4658
1759161311914,-0.0000,14.2658,9.8000
1759161311954,14.2658,13.5724,24.0658
1759161311994,8.8168,5.5219,18.6168
1759161312034,-8.8168,-5.5219,0.9832
1759161312074,-14.2658,-13.5724,-4.4658
1759161312114,0.0000,-14.2658,9.8000
1759161312154,14.2658,-7.2263,24.0658
1759161312194,8.8168,3.7303,18.6168
1759161312234,-8.8168,12.6649,0.9832
1759161312274,-14.2658,14.7343,-4.4658
1759161312314,-0.0000,8.8168,9.8000
1759161312354,14.2658,-1.8800,24.0658
1759161312394,8.8168,-11.5577,18.6168
1759161312434,-8.8168,-14.9704,0.9832
1759161312474,-14.2658,-10.2682,-4.4658
1759161312514,0.0000,0.0000,9.8000
1759161312554,14.2658,10.2682,24.0658
1759161312594,8.8168,14.9704,18.6168
1759161312634,-8.8168,11.5577,0.9832
1759161312674,-14.2658,1.8800,-4.4658
1759161312714,-0.0000,-8.8168,9.8000
1759161312754,14.2658,-14.7343,24.0658
1759161312794,8.8168,-12.6649,18.6168
1759161312834,-8.8168,-3.7303,0.9832
1759161312874,-14.2658,7.2263,-4.4658
1759161312914,-0.0000,14.2658,9.8000
1759161312954,14.2658,13.5724,24.0658
1759161312994,8.8168,5.5219,18.6168
1759161313034,-8.8168,-5.5219,0.9832
1759161313074,-14.2658,-13.5724,-4.4658
1759161313114,0.0000,-14.2658,9.8000
1759161313154,14.2658,-7.2263,24.0658
1759161313194,8.8168,3.7303,18.6168
1759161313234,-8.8168,12.6649,0.9832
1759161313274,-14.2658,14.7343,-4.4658
1759161313314,-0.0000,8.8168,9.8000
1759161313354,14.2658,-1.8800,24.0658
1759161313394,8.8168,-11.5577,18.6168
1759161313434,-8.8168,-14.9704,0.9832
1759161313474,-14.2658,-10.2682,-4.4658
1759161313514,-0.0000,-0.0000,9.8000
1759161313554,14.2658,10.2682,24.0658
1759161313594,8.8168,14.9704,18.6168
1759161313634,-8.8168,11.5577,0.9832
1759161313674,-14.2658,1.8800,-4.4658
1759161313714,-0.0000,-8.8168,9.8000
1759161313754,14.2658,-14.7343,24.0658
1759161313794,8.8168,-12.6649,18.6168
1759161313834,-8.8168,-3.7303,0.9832
1759161313874,-14.2658,7.2263,-4.4658
1759161313914,-0.0000,14.2658,9.8000
1759161313954,14.2658,13.5724,24.0658
1759161313994,8.8168,5.5219,18.6168
1759161314034,-8.8168,-5.5219,0.9832
1759161314074,-14.2658,-13.5724,-4.4658
1759161314114,-0.0000,-14.2658,9.8000
1759161314154,14.2658,-7.2263,24.0658
1759161314194,8.8168,3.7303,18.6168
1759161314234,-8.8168,12.6649,0.9832
1759161314274,-14.2658,14.7343,-4.4658
1759161314314,0.0000,8.8168,9.8000
1759161314354,14.2658,-1.8800,24.0658
1759161314394,8.8168,-11.5577,18.6168
1759161314434,-8.8168,-14.9704,0.9832
1759161314474,-14.2658,-10.2682,-4.4658
1759161314514,-0.0000,-0.0000,9.8000
1759161314554,14.2658,10.2682,24.0658
1759161314594,8.8168,14.9704,18.6168
1759161314634,-8.8168,11.5577,0.9832
1759161314674,-14.2658,1.8800,-4.4658
1759161314714,-0.0000,-8.8168,9.8000
1759161314754,14.2658,-14.7343,24.0658
1759161314794,8.8168,-12.6649,18.6168
1759161314834,-8.8168,-3.7303,0.9832
1759161314874,-14.2658,7.2263,-4.4658
1759161314914,-0.0000,14.2658,9.8000
1759161314954,14.2658,13.5724,24.0658
1759161314994,8.8168,5.5219,18.6168
1759161315034,-8.8168,-5.5219,0.9832
1759161315074,-14.2658,-13.5724,-4.4658
1759161315114,-0.0000,-14.2658,9.8000
1759161315154,14.2658,-7.2263,24.0658
1759161315194,8.8168,3.7303,18.6168
1759161315234,-8.8168,12.6649,0.9832
1759161315274,-14.2658,14.7343,-4.4658
1759161315314,0.0000,8.8168,9.8000
1759161315354,14.2658,-1.8800,24.0658
1759161315394,8.8168,-11.5577,18.6168
1759161315434,-8.8168,-14.9704,0.9832
1759161315474,-14.2658,-10.2682,-4.4658
1759161315514,-0.0000,-0.0000,9.8000
1759161315554,14.2658,10.2682,24.0658
1759161315594,8.8168,14.9704,18.6168
1759161315634,-8.8168,11.5577,0.9832
1759161315674,-14.2658,1.8800,-4.4658
1759161315714,-0.0000,-8.8168,9.8000
1759161315754,14.2658,-14.7343,24.0658
1759161315794,8.8168,-12.6649,18.6168
1759161315834,-8.8168,-3.7303,0.9832
1759161315874,-14.2658,7.2263,-4.4658
1759161315914,-0.0000,14.2658,9.8000
1759161315954,14.2658,13.5724,24.0658
1759161315994,8.8168,5.5219,18.6168
1759161316034,-8.8168,-5.5219,0.9832
1759161316074,-14.2658,-13.5724,-4.4658
1759161316114,0.0000,-14.2658,9.8000
1759161316154,14.2658,-7.2263,24.0658
1759161316194,8.8168,3.7303,18.6168
1759161316234,-8.8168,12.6649,0.9832
1759161316274,-14.2658,14.7343,-4.4658
1759161316314,-0.0000,8.8168,9.8000
1759161316354,14.2658,-1.8800,24.0658
1759161316394,8.8168,-11.5577,18.6168
1759161316434,-8.8168,-14.9704,0.9832
1759161316474,-14.2658,-10.2682,-4.4658
1759161316514,-0.0000,-0.0000,9.8000
1759161316554,14.2658,10.2682,24.0658
1759161316594,8.8168,14.9704,18.6168
1759161316634,-8.8168,11.5577,0.9832
1759161316674,-14.2658,1.8800,-4.4658
1759161316714,-0.0000,-8.8168,9.8000
1759161316754,14.2658,-14.7343,24.0658
1759161316794,8.8168,-12.6649,18.6168
1759161316834,-8.8168,-3.7303,0.9832
1759161316874,-14.2658,7.2263,-4.4658
1759161316914,-0.0000,14.2658,9.8000
1759161316954,14.2658,13.5724,24.0658
1759161316994,8.8168,5.5219,18.6168
1759161317034,-8.8168,-5.5219,0.9832
1759161317074,-14.2658,-13.5724,-4.4658
1759161317114,0.0000,-14.2658,9.8000
1759161317154,14.2658,-7.2263,24.0658
1759161317194,8.8168,3.7303,18.6168
1759161317234,-8.8168,12.6649,0.9832
1759161317274,-14.2658,14.7343,-4.4658
1759161317314,-0.0000,8.8168,9.8000
1759161317354,14.2658,-1.8800,24.0658
1759161317394,8.8168,-11.5577,18.6168
1759161317434,-8.8168,-14.9704,0.9832
1759161317474,-14.2658,-10.2682,-4.4658
1759161317514,0.0000,-0.0000,9.8000
1759161317554,14.2658,10.2682,24.0658
1759161317594,8.8168,14.9704,18.6168
1759161317634,-8.8168,11.5577,0.9832
1759161317674,-14.2658,1.8800,-4.4658
1759161317714,-0.0000,-8.8168,9.8000
1759161317754,14.2658,-14.7343,24.0658
1759161317794,8.8168,-12.6649,18.6168
1759161317834,-8.8168,-3.7303,0.9832
1759161317874,-14.2658,7.2263,-4.4658
1759161317914,-0.0000,14.2658,9.8000
1759161317954,14.2658,13.5724,24.0658
1759161317994,8.8168,5.5219,18.6168
1759161318034,-8.8168,-5.5219,0.9832
1759161318074,-14.2658,-13.5724,-4.4658
1759161318114,0.0000,-14.2658,9.8000
1759161318154,14.2658,-7.2263,24.0658
1759161318194,8.8168,3.7303,18.6168
1759161318234,-8.8168,12.6649,0.9832
1759161318274,-14.2658,14.7343,-4.4658
1759161318314,-0.0000,8.8168,9.8000
1759161318354,14.2658,-1.8800,24.0658
1759161318394,8.8168,-11.5577,18.6168
1759161318434,-8.8168,-14.9704,0.9832
1759161318474,-14.2658,-10.2682,-4.4658
1759161318514,-0.0000,0.0000,9.8000
1759161318554,14.2658,10.2682,24.0658
1759161318594,8.8168,14.9704,18.6168
1759161318634,-8.8168,11.5577,0.9832
1759161318674,-14.2658,1.8800,-4.4658
1759161318714,-0.0000,-8.8168,9.8000
1759161318754,14.2658,-14.7343,24.0658
1759161318794,8.8168,-12.6649,18.6168
1759161318834,-8.8168,-3.7303,0.9832
1759161318874,-14.2658,7.2263,-4.4658
1759161318914,-0.0000,14.2658,9.8000
1759161318954,14.2658,13.5724,24.0658
1759161318994,8.8168,5.5219,18.6168
1759161319034,-8.8168,-5.5219,0.9832
1759161319074,-14.2658,-13.5724,-4.4658
1759161319114,0.0000,-14.2658,9.8000
1759161319154,14.2658,-7.2263,24.0658
1759161319194,8.8168,3.7303,18.6168
1759161319234,-8.8168,12.6649,0.9832
1759161319274,-14.2658,14.7343,-4.4658
1759161319314,0.0000,8.8168,9.8000
1759161319354,14.2658,-1.8800,24.0658
1759161319394,8.8168,-11.5577,18.6168
1759161319434,-8.8168,-14.9704,0.9832
1759161319474,-14.2658,-10.2682,-4.4658
1759161319514,-0.0000,-0.0000,9.8000
1759161319554,14.2658,10.2682,24.0658
1759161319594,8.8168,14.9704,18.6168
1759161319634,-8.8168,11.5577,0.9832
1759161319674,-14.2658,1.8800,-4.4658
1759161319714,-0.0000,-8.8168,9.8000
1759161319754,14.2658,-14.7343,24.0658
1759161319794,8.8168,-12.6649,18.6168
1759161319834,-8.8168,-3.7303,0.9832
1759161319874,-14.2658,7.2263,-4.4658
1759161319914,-0.0000,14.2658,9.8000
1759161319954,14.2658,13.5724,24.0658
1759161319994,8.8168,5.5219,18.6168
1759161320034,-8.8168,-5.5219,0.9832
1759161320074,-14.2658,-13.5724,-4.4658
1759161320114,-0.0000,-14.2658,9.8000
1759161320154,14.2658,-7.2263,24.0658
1759161320194,8.8168,3.7303,18.6168
1759161320234,-8.8168,12.6649,0.9832
1759161320274,-14.2658,14.7343,-4.4658
1759161320314,0.0000,8.8168,9.8000
1759161320354,14.2658,-1.8800,24.0658
1759161320394,8.8168,-11.5577,18.6168
1759161320434,-8.8168,-14.9704,0.9832
1759161320474,-14.2658,-10.2682,-4.4658
1759161320514,-0.0000,-0.0000,9.8000
1759161320554,14.2658,10.2682,24.0658
1759161320594,8.8168,14.9704,18.6168
1759161320634,-8.8168,11.5577,0.9832
1759161320674,-14.2658,1.8800,-4.4658
1759161320714,-0.0000,-8.8168,9.8000
1759161320754,14.2658,-14.7343,24.0658
1759161320794,8.8168,-12.6649,18.6168
1759161320834,-8.8168,-3.7303,0.9832
1759161320874,-14.2658,7.2263,-4.4658
1759161320914,-0.0000,14.2658,9.8000
1759161320954,14.2658,13.5724,24.0658
1759161320994,8.8168,5.5219,18.6168
1759161321034,-8.8168,-5.5219,0.9832
1759161321074,-14.2658,-13.5724,-4.4658
1759161321114,-0.0000,-14.2658,9.8000
1759161321154,14.2658,-7.2263,24.0658
1759161321194,8.8168,3.7303,18.6168
1759161321234,-8.8168,12.6649,0.9832
1759161321274,-14.2658,14.7343,-4.4658
1759161321314,0.0000,8.8168,9.8000
1759161321354,14.2658,-1.8800,24.0658
1759161321394,8.8168,-11.5577,18.6168
1759161321434,-8.8168,-14.9704,0.9832
1759161321474,-14.2658,-10.2682,-4.4658
1759161321514,-0.0000,-0.0000,9.8000
1759161321554,14.2658,10.2682,24.0658
1759161321594,8.8168,14.9704,18.6168
1759161321634,-8.8168,11.5577,0.9832
1759161321674,-14.2658,1.8800,-4.4658
1759161321714,-0.0000,-8.8168,9.8000
1759161321754,14.2658,-14.7343,24.0658
1759161321794,8.8168,-12.6649,18.6168
1759161321834,-8.8168,-3.7303,0.9832
1759161321874,-14.2658,7.2263,-4.4658
1759161321914,-0.0000,14.2658,9.8000
1759161321954,14.2658,13.5724,24.0658
1759161321994,8.8168,5.5219,18.6168
1759161322034,-8.8168,-5.5219,0.9832
1759161322074,-14.2658,-13.5724,-4.4658
1759161322114,0.0000,-14.2658,9.8000
1759161322154,14.2658,-7.2263,24.0658
1759161322194,8.8168,3.7303,18.6168
1759161322234,-8.8168,12.6649,0.9832
1759161322274,-14.2658,14.7343,-4.4658
1759161322314,-0.0000,8.8168,9.8000
1759161322354,14.2658,-1.8800,24.0658
1759161322394,8.8168,-11.5577,18.6168
1759161322434,-8.8168,-14.9704,0.9832
1759161322474,-14.2658,-10.2682,-4.4658
1759161322514,0.0000,-0.0000,9.8000
1759161322554,14.2658,10.2682,24.0658
1759161322594,8.8168,14.9704,18.6168
1759161322634,-8.8168,11.5577,0.9832
1759161322674,-14.2658,1.8800,-4.4658
1759161322714,-0.0000,-8.8168,9.8000
1759161322754,14.2658,-14.7343,24.0658
1759161322794,8.8168,-12.6649,18.6168
1759161322834,-8.8168,-3.7303,0.9832
1759161322874,-14.2658,7.2263,-4.4658
1759161322914,-0.0000,14.2658,9.8000
1759161322954,14.2658,13.5724,24.0658
1759161322994,8.8168,5.5219,18.6168
1759161323034,-8.8168,-5.5219,0.9832
1759161323074,-14.2658,-13.5724,-4.4658
1759161323114,0.0000,-14.2658,9.8000
1759161323154,14.2658,-7.2263,24.0658
1759161323194,8.8168,3.7303,18.6168
1759161323234,-8.8168,12.6649,0.9832
1759161323274,-14.2658,14.7343,-4.4658
1759161323314,-0.0000,8.8168,9.8000
1759161323354,14.2658,-1.8800,24.0658
1759161323394,8.8168,-11.5577,18.6168
1759161323434,-8.8168,-14.9704,0.9832
1759161323474,-14.2658,-10.2682,-4.4658
1759161323514,0.0000,0.0000,9.8000
1759161323554,14.2658,10.2682,24.0658
1759161323594,8.8168,14.9704,18.6168
1759161323634,-8.8168,11.5577,0.9832
1759161323674,-14.2658,1.8800,-4.4658
1759161323714,-0.0000,-8.8168,9.8000
1759161323754,14.2658,-14.7343,24.0658
1759161323794,8.8168,-12.6649,18.6168
1759161323834,-8.8168,-3.7303,0.9832
1759161323874,-14.2658,7.2263,-4.4658
1759161323914,-0.0000,14.2658,9.8000
1759161323954,14.2658,13.5724,24.0658
1759161323994,8.8168,5.5219,18.6168
1759161324034,-8.8168,-5.5219,0.9832
1759161324074,-14.2658,-13.5724,-4.4658
1759161324114,0.0000,-14.2658,9.8000
1759161324154,14.2658,-7.2263,24.0658
1759161324194,8.8168,3.7303,18.6168
1759161324234,-8.8168,12.6649,0.9832
1759161324274,-14.2658,14.7343,-4.4658
1759161324314,-0.0000,8.8168,9.8000
1759161324354,14.2658,-1.8800,24.0658
1759161324394,8.8168,-11.5577,18.6168
1759161324434,-8.8168,-14.9704,0.9832
1759161324474,-14.2658,-10.2682,-4.4658
1759161324514,-0.0000,-0.0000,9.8000
1759161324554,14.2658,10.2682,24.0658
1759161324594,8.8168,14.9704,18.6168
1759161324634,-8.8168,11.5577,0.9832
1759161324674,-14.2658,1.8800,-4.4658
1759161324714,-0.0000,-8.8168,9.8000
1759161324754,14.2658,-14.7343,24.0658
1759161324794,8.8168,-12.6649,18.6168
1759161324834,-8.8168,-3.7303,0.9832
1759161324874,-14.2658,7.2263,-4.4658
1759161324914,-0.0000,14.2658,9.8000
1759161324954,14.2658,13.5724,24.0658
1759161324994,8.8168,5.5219,18.6168
1759161325034,-8.8168,-5.5219,0.9832
1759161325074,-14.2658,-13.5724,-4.4658
1759161325114,-0.0000,-14.2658,9.8000
1759161325154,14.2658,-7.2263,24.0658
1759161325194,8.8168,3.7303,18.6168
1759161325234,-8.8168,12.6649,0.9832
1759161325274,-14.2658,14.7343,-4.4658
1759161325314,0.0000,8.8168,9.8000
1759161325354,14.2658,-1.8800,24.0658
1759161325394,8.8168,-11.5577,18.6168
1759161325434,-8.8168,-14.9704,0.9832
1759161325474,-14.2658,-10.2682,-4.4658
1759161325514,-0.0000,-0.0000,9.8000
1759161325554,14.2658,10.2682,24.0658
1759161325594,8.8168,14.9704,18.6168
1759161325634,-8.8168,11.5577,0.9832
1759161325674,-14.2658,1.8800,-4.4658
1759161325714,0.0000,-8.8168,9.8000
1759161325754,14.2658,-14.7343,24.0658
1759161325794,8.8168,-12.6649,18.6168
1759161325834,-8.8168,-3.7303,0.9832
1759161325874,-14.2658,7.2263,-4.4658
1759161325914,-0.0000,14.2658,9.8000
1759161325954,14.2658,13.5724,24.0658
1759161325994,8.8168,5.5219,18.6168
1759161326034,-8.8168,-5.5219,0.9832
1759161326074,-14.2658,-13.5724,-4.4658
1759161326114,-0.0000,-14.2658,9.8000
1759161326154,14.2658,-7.2263,24.0658
1759161326194,8.8168,3.7303,18.6168
1759161326234,-8.8168,12.6649,0.9832
1759161326274,-14.2658,14.7343,-4.4658
1759161326314,0.0000,8.8168,9.8000
1759161326354,14.2658,-1.8800,24.0658
1759161326394,8.8168,-11.5577,18.6168
1759161326434,-8.8168,-14.9704,0.9832
1759161326474,-14.2658,-10.2682,-4.4658
1759161326514,-0.0000,-0.0000,9.8000
1759161326554,14.2658,10.2682,24.0658
1759161326594,8.8168,14.9704,18.6168
1759161326634,-8.8168,11.5577,0.9832
1759161326674,-14.2658,1.8800,-4.4658
1759161326714,-0.0000,-8.8168,9.8000
1759161326754,14.2658,-14.7343,24.0658
1759161326794,8.8168,-12.6649,18.6168
1759161326834,-8.8168,-3.7303,0.9832
1759161326874,-14.2658,7.2263,-4.4658
1759161326914,-0.0000,14.2658,9.8000
1759161326954,14.2658,13.5724,24.0658
1759161326994,8.8168,5.5219,18.6168
1759161327034,-8.8168,-5.5219,0.9832
1759161327074,-14.2658,-13.5724,-4.4658
1759161327114,0.0000,-14.2658,9.8000
1759161327154,14.2658,-7.2263,24.0658
1759161327194,8.8168,3.7303,18.6168
1759161327234,-8.8168,12.6649,0.9832
1759161327274,-14.2658,14.7343,-4.4658
1759161327314,-0.0000,8.8168,9.8000
1759161327354,14.2658,-1.8800,24.0658
1759161327394,8.8168,-11.5577,18.6168
1759161327434,-8.8168,-14.9704,0.9832
1759161327474,-14.2658,-10.2682,-4.4658
1759161327514,-0.0000,-0.0000,9.8000
1759161327554,14.2658,10.2682,24.0658
1759161327594,8.8168,14.9704,18.6168
1759161327634,-8.8168,11.5577,0.9832
1759161327674,-14.2658,1.8800,-4.4658
1759161327714,-0.0000,-8.8168,9.8000
1759161327754,14.2658,-14.7343,24.0658
1759161327794,8.8168,-12.6649,18.6168
1759161327834,-8.8168,-3.7303,0.9832
1759161327874,-14.2658,7.2263,-4.4658
1759161327914,-0.0000,14.2658,9.8000
1759161327954,14.2658,13.5724,24.0658
1759161327994,8.8168,5.5219,18.6168
1759161328034,-8.8168,-5.5219,0.9832
1759161328074,-14.2658,-13.5724,-4.4658
1759161328114,0.0000,-14.2658,9.8000
1759161328154,14.2658,-7.2263,24.0658
1759161328194,8.8168,3.7303,18.6168
1759161328234,-8.8168,12.6649,0.9832
1759161328274,-14.2658,14.7343,-4.4658
1759161328314,-0.0000,8.8168,9.8000
1759161328354,14.2658,-1.8800,24.0658
1759161328394,8.8168,-11.5577,18.6168
1759161328434,-8.8168,-14.9704,0.9832
1759161328474,-14.2658,-10.2682,-4.4658
1759161328514,0.0000,-0.0000,9.8000
1759161328554,14.2658,10.2682,24.0658
1759161328594,8.8168,14.9704,18.6168
1759161328634,-8.8168,11.5577,0.9832
1759161328674,-14.2658,1.8800,-4.4658
1759161328714,-0.0000,-8.8168,9.8000
1759161328754,14.2658,-14.7343,24.0658
1759161328794,8.8168,-12.6649,18.6168
1759161328834,-8.8168,-3.7303,0.9832
1759161328874,-14.2658,7.2263,-4.4658
1759161328914,-0.0000,14.2658,9.8000
1759161328954,14.2658,13.5724,24.0658
1759161328994,8.8168,5.5219,18.6168
1759161329034,-8.8168,-5.5219,0.9832
1759161329074,-14.2658,-13.5724,-4.4658
1759161329114,0.0000,-14.2658,9.8000
1759161329154,14.2658,-7.2263,24.0658
1759161329194,8.8168,3.7303,18.6168
1759161329234,-8.8168,12.6649,0.9832
1759161329274,-14.2658,14.7343,-4.4658
1759161329314,-0.0000,8.8168,9.8000
1759161329354,14.2658,-1.8800,24.0658
1759161329394,8.8168,-11.5577,18.6168
1759161329434,-8.8168,-14.9704,0.9832
1759161329474,-14.2658,-10.2682,-4.4658
1759161329514,-0.0000,0.0000,9.8000
1759161329554,14.2658,10.2682,24.0658
1759161329594,8.8168,14.9704,18.6168
1759161329634,-8.8168,11.5577,0.9832
1759161329674,-14.2658,1.8800,-4.4658
1759161329714,-0.0000,-8.8168,9.8000
1759161329754,14.2658,-14.7343,24.0658
1759161329794,8.8168,-12.6649,18.6168
1759161329834,-8.8168,-3.7303,0.9832
1759161329874,-14.2658,7.2263,-4.4658
1759161329914,-0.0000,14.2658,9.8000
1759161329954,14.2658,13.5724,24.0658
1759161329994,8.8168,5.5219,18.6168
1759161330034,-8.8168,-5.5219,0.9832
1759161330074,-14.2658,-13.5724,-4.4658
1759161330114,0.0000,-14.2658,9.8000
1759161330154,14.2658,-7.2263,24.0658
1759161330194,8.8168,3.7303,18.6168
1759161330234,-8.8168,12.6649,0.9832
1759161330274,-14.2658,14.7343,-4.4658
1759161330314,0.0000,8.8168,9.8000
1759161330354,14.2658,-1.8800,24.0658
1759161330394,8.8168,-11.5577,18.6168
1759161330434,-8.8168,-14.9704,0.9832
1759161330474,-14.2658,-10.2682,-4.4658
1759161330514,-0.0000,-0.0000,9.8000
1759161330554,14.2658,10.2682,24.0658
1759161330594,8.8168,14.9704,18.6168
1759161330634,-8.8168,11.5577,0.9832
1759161330674,-14.2658,1.8800,-4.4658
1759161330714,-0.0000,-8.8168,9.8000
1759161330754,14.2658,-14.7343,24.0658
1759161330794,8.8168,-12.6649,18.6168
1759161330834,-8.8168,-3.7303,0.9832
1759161330874,-14.2658,7.2263,-4.4658
1759161330914,-0.0000,14.2658,9.8000
1759161330954,14.2658,13.5724,24.0658
1759161330994,8.8168,5.5219,18.6168
1759161331034,-8.8168,-5.5219,0.9832
1759161331074,-14.2658,-13.5724,-4.4658
1759161331114,-0.0000,-14.2658,9.8000
1759161331154,14.2658,-7.2263,24.0658
1759161331194,8.8168,3.7303,18.6168
1759161331234,-8.8168,12.6649,0.9832
1759161331274,-14.2658,14.7343,-4.4658
1759161331314,0.0000,8.8168,9.8000
1759161331354,14.2658,-1.8800,24.0658
1759161331394,8.8168,-11.5577,18.6168
1759161331434,-8.8168,-14.9704,0.9832
1759161331474,-14.2658,-10.2682,-4.4658
1759161331514,-0.0000,-0.0000,9.8000
1759161331554,14.2658,10.2682,24.0658
1759161331594,8.8168,14.9704,18.6168
1759161331634,-8.8168,11.5577,0.9832
1759161331674,-14.2658,1.8800,-4.4658
1759161331714,-0.0000,-8.8168,9.8000
1759161331754,14.2658,-14.7343,24.0658
1759161331794,8.8168,-12.6649,18.6168
1759161331834,-8.8168,-3.7303,0.9832
1759161331874,-14.2658,7.2263,-4.4658
1759161331914,-0.0000,14.2658,9.8000
1759161331954,14.2658,13.5724,24.0658
1759161331994,8.8168,5.5219,18.6168
1759161332034,-8.8168,-5.5219,0.9832
1759161332074,-14.2658,-13.5724,-4.4658
1759161332114,-0.0000,-14.2658,9.8000
1759161332154,14.2658,-7.2263,24.0658
1759161332194,8.8168,3.7303,18.6168
1759161332234,-8.8168,12.6649,0.9832
1759161332274,-14.2658,14.7343,-4.4658
1759161332314,0.0000,8.8168,9.8000
1759161332354,14.2658,-1.8800,24.0658
1759161332394,8.8168,-11.5577,18.6168
1759161332434,-8.8168,-14.9704,0.9832
1759161332474,-14.2658,-10.2682,-4.4658
1759161332514,-0.0000,-0.0000,9.8000
1759161332554,14.2658,10.2682,24.0658
1759161332594,8.8168,14.9704,18.6168
1759161332634,-8.8168,11.5577,0.9832
1759161332674,-14.2658,1.8800,-4.4658
1759161332714,-0.0000,-8.8168,9.8000
1759161332754,14.2658,-14.7343,24.0658
1759161332794,8.8168,-12.6649,18.6168
1759161332834,-8.8168,-3.7303,0.9832
1759161332874,-14.2658,7.2263,-4.4658
1759161332914,-0.0000,14.2658,9.8000
1759161332954,14.2658,13.5724,24.0658
1759161332994,8.8168,5.5219,18.6168
1759161333034,-8.8168,-5.5219,0.9832
1759161333074,-14.2658,-13.5724,-4.4658
1759161333114,0.0000,-14.2658,9.8000
1759161333154,14.2658,-7.2263,24.0658
1759161333194,8.8168,3.7303,18.6168
1759161333234,-8.8168,12.6649,0.9832
1759161333274,-14.2658,14.7343,-4.4658
1759161333314,-0.0000,8.8168,9.8000
1759161333354,14.2658,-1.8800,24.0658
1759161333394,8.8168,-11.5577,18.6168
1759161333434,-8.8168,-14.9704,0.9832
1759161333474,-14.2658,-10.2682,-4.4658
1759161333514,0.0000,-0.0000,9.8000
1759161333554,14.2658,10.2682,24.0658
1759161333594,8.8168,14.9704,18.6168
1759161333634,-8.8168,11.5577,0.9832
1759161333674,-14.2658,1.8800,-4.4658
1759161333714,-0.0000,-8.8168,9.8000
1759161333754,14.2658,-14.7343,24.0658
1759161333794,8.8168,-12.6649,18.6168
1759161333834,-8.8168,-3.7303,0.9832
1759161333874,-14.2658,7.2263,-4.4658
1759161333914,-0.0000,14.2658,9.8000
1759161333954,14.2658,13.5724,24.0658
1759161333994,8.8168,5.5219,18.6168
1759161334034,-8.8168,-5.5219,0.9832
1759161334074,-14.2658,-13.5724,-4.4658
1759161334114,0.0000,-14.2658,9.8000
1759161334154,14.2658,-7.2263,24.0658
1759161334194,8.8168,3.7303,18.6168
1759161334234,-8.8168,12.6649,0.9832
1759161334274,-14.2658,14.7343,-4.4658
1759161334314,-0.0000,8.8168,9.8000
1759161334354,14.2658,-1.8800,24.0658
1759161334394,8.8168,-11.5577,18.6168
1759161334434,-8.8168,-14.9704,0.9832
1759161334474,-14.2658,-10.2682,-4.4658
1759161334514,0.0000,0.0000,9.8000
1759161334554,14.2658,10.2682,24.0658
1759161334594,8.8168,14.9704,18.6168
1759161334634,-8.8168,11.5577,0.9832
1759161334674,-14.2658,1.8800,-4.4658
1759161334714,-0.0000,-8.8168,9.8000
1759161334754,14.2658,-14.7343,24.0658
1759161334794,8.8168,-12.6649,18.6168
1759161334834,-8.8168,-3.7303,0.9832
1759161334874,-14.2658,7.2263,-4.4658
1759161334914,-0.0000,14.2658,9.8000
1759161334954,14.2658,13.5724,24.0658
1759161334994,8.8168,5.5219,18.6168
1759161335034,-8.8168,-5.5219,0.9832
1759161335074,-14.2658,-13.5724,-4.4658
1759161335114,0.0000,-14.2658,9.8000
1759161335154,14.2658,-7.2263,24.0658
1759161335194,8.8168,3.7303,18.6168
1759161335234,-8.8168,12.6649,0.9832
1759161335274,-14.2658,14.7343,-4.4658
1759161335314,-0.0000,8.8168,9.8000
1759161335354,14.2658,-1.8800,24.0658
1759161335394,8.8168,-11.5577,18.6168
1759161335434,-8.8168,-14.9704,0.9832
1759161335474,-14.2658,-10.2682,-4.4658
1759161335514,-0.0000,-0.0000,9.8000
1759161335554,14.2658,10.2682,24.0658
1759161335594,8.8168,14.9704,18.6168
1759161335634,-8.8168,11.5577,0.9832
1759161335674,-14.2658,1.8800,-4.4658
1759161335714,-0.0000,-8.8168,9.8000
1759161335754,14.2658,-14.7343,24.0658
1759161335794,8.8168,-12.6649,18.6168
1759161335834,-8.8168,-3.7303,0.9832
1759161335874,-14.2658,7.2263,-4.4658
1759161335914,-0.0000,14.2658,9.8000
1759161335954,14.2658,13.5724,24.0658
1759161335994,8.8168,5.5219,18.6168
1759161336034,-8.8168,-5.5219,0.9832
1759161336074,-14.2658,-13.5724,-4.4658
1759161336114,-0.0000,-14.2658,9.8000
1759161336154,14.2658,-7.2263,24.0658
1759161336194,8.8168,3.7303,18.6168
1759161336234,-8.8168,12.6649,0.9832
1759161336274,-14.2658,14.7343,-4.4658
1759161336314,0.0000,8.8168,9.8000
1759161336354,14.2658,-1.8800,24.0658
1759161336394,8.8168,-11.5577,18.6168
1759161336434,-8.8168,-14.9704,0.9832
1759161336474,-14.2658,-10.2682,-4.4658
1759161336514,-0.0000,-0.0000,9.8000
1759161336554,14.2658,10.2682,24.0658
1759161336594,8.8168,14.9704,18.6168
1759161336634,-8.8168,11.5577,0.9832
1759161336674,-14.2658,1.8800,-4.4658
1759161336714,0.0000,-8.8168,9.8000
1759161336754,14.2658,-14.7343,24.0658
1759161336794,8.8168,-12.6649,18.6168
1759161336834,-8.8168,-3.7303,0.9832
1759161336874,-14.2658,7.2263,-4.4658
1759161336914,-0.0000,14.2658,9.8000
1759161336954,14.2658,13.5724,24.0658
1759161336994,8.8168,5.5219,18.6168
1759161337034,-8.8168,-5.5219,0.9832
1759161337074,-14.2658,-13.5724,-4.4658
1759161337114,-0.0000,-14.2658,9.8000
1759161337154,14.2658,-7.2263,24.0658
1759161337194,8.8168,3.7303,18.6168
1759161337234,-8.8168,12.6649,0.9832
1759161337274,-14.2658,14.7343,-4.4658
1759161337314,0.0000,8.8168,9.8000
1759161337354,14.2658,-1.8800,24.0658
1759161337394,8.8168,-11.5577,18.6168
1759161337434,-8.8168,-14.9704,0.9832
1759161337474,-14.2658,-10.2682,-4.4658
1759161337514,-0.0000,-0.0000,9.8000
1759161337554,14.2658,10.2682,24.0658
1759161337594,8.8168,14.9704,18.6168
1759161337634,-8.8168,11.5577,0.9832
1759161337674,-14.2658,1.8800,-4.4658
1759161337714,-0.0000,-8.8168,9.8000
1759161337754,14.2658,-14.7343,24.0658
1759161337794,8.8168,-12.6649,18.6168
1759161337834,-8.8168,-3.7303,0.9832
1759161337874,-14.2658,7.2263,-4.4658
1759161337914,-0.0000,14.2658,9.8000
1759161337954,14.2658,13.5724,24.0658
1759161337994,8.8168,5.5219,18.6168
1759161338034,-8.8168,-5.5219,0.9832
1759161338074,-14.2658,-13.5724,-4.4658
1759161338114,0.0000,-14.2658,9.8000
1759161338154,14.2658,-7.2263,24.0658
1759161338194,8.8168,3.7303,18.6168
1759161338234,-8.8168,12.6649,0.9832
1759161338274,-14.2658,14.7343,-4.4658
1759161338314,-0.0000,8.8168,9.8000
1759161338354,14.2658,-1.8800,24.0658
1759161338394,8.8168,-11.5577,18.6168
1759161338434,-8.8168,-14.9704,0.9832
1759161338474,-14.2658,-10.2682,-4.4658
1759161338514,-0.0000,-0.0000,9.8000
1759161338554,14.2658,10.2682,24.0658
1759161338594,8.8168,14.9704,18.6168
1759161338634,-8.8168,11.5577,0.9832
1759161338674,-14.2658,1.8800,-4.4658
1759161338714,-0.0000,-8.8168,9.8000
1759161338754,14.2658,-14.7343,24.0658
1759161338794,8.8168,-12.6649,18.6168
1759161338834,-8.8168,-3.7303,0.9832
1759161338874,-14.2658,7.2263,-4.4658
1759161338914,-0.0000,14.2658,9.8000
1759161338954,14.2658,13.5724,24.0658
1759161338994,8.8168,5.5219,18.6168
1759161339034,-8.8168,-5.5219,0.9832
1759161339074,-14.2658,-13.5724,-4.4658
1759161339114,0.0000,-14.2658,9.8000
1759161339154,14.2658,-7.2263,24.0658
1759161339194,8.8168,3.7303,18.6168
1759161339234,-8.8168,12.6649,0.9832
1759161339274,-14.2658,14.7343,-4.4658
1759161339314,-0.0000,8.8168,9.8000
1759161339354,14.2658,-1.8800,24.0658
1759161339394,8.8168,-11.5577,18.6168
1759161339434,-8.8168,-14.9704,0.9832
1759161339474,-14.2658,-10.2682,-4.4658
1759161339514,0.0000,-0.0000,9.8000
1759161339554,14.2658,10.2682,24.0658
1759161339594,8.8168,14.9704,18.6168
1759161339634,-8.8168,11.5577,0.9832
1759161339674,-14.2658,1.8800,-4.4658
1759161339714,-0.0000,-8.8168,9.8000
1759161339754,14.2658,-14.7343,24.0658
1759161339794,8.8168,-12.6649,18.6168
1759161339834,-8.8168,-3.7303,0.9832
1759161339874,-14.2658,7.2263,-4.4658
1759161339914,-0.0000,14.2658,9.8000
1759161339954,14.2658,13.5724,24.0658
1759161339994,8.8168,5.5219,18.6168
1759161340034,-8.8168,-5.5219,0.9832
1759161340074,-14.2658,-13.5724,-4.4658
1759161340114,0.0000,-14.2658,9.8000
1759161340154,14.2658,-7.2263,24.0658
1759161340194,8.8168,3.7303,18.6168
1759161340234,-8.8168,12.6649,0.9832
1759161340274,-14.2658,14.7343,-4.4658
1759161340314,-0.0000,8.8168,9.8000
1759161340354,14.2658,-1.8800,24.0658
1759161340394,8.8168,-11.5577,18.6168
1759161340434,-8.8168,-14.9704,0.9832
1759161340474,-14.2658,-10.2682,-4.4658
1759161340514,-0.0000,0.0000,9.8000
1759161340554,14.2658,10.2682,24.0658
1759161340594,8.8168,14.9704,18.6168
1759161340634,-8.8168,11.5577,0.9832
1759161340674,-14.2658,1.8800,-4.4658
1759161340714,-0.0000,-8.8168,9.8000
1759161340754,14.2658,-14.7343,24.0658
1759161340794,8.8168,-12.6649,18.6168
1759161340834,-8.8168,-3.7303,0.9832
1759161340874,-14.2658,7.2263,-4.4658
1759161340914,-0.0000,14.2658,9.8000
1759161340954,14.2658,13.5724,24.0658
1759161340994,8.8168,5.5219,18.6168
1759161341034,-8.8168,-5.5219,0.9832
1759161341074,-14.2658,-13.5724,-4.4658
1759161341114,0.0000,-14.2658,9.8000
1759161341154,14.2658,-7.2263,24.0658
1759161341194,8.8168,3.7303,18.6168
1759161341234,-8.8168,12.6649,0.9832
1759161341274,-14.2658,14.7343,-4.4658
1759161341314,0.0000,8.8168,9.8000
1759161341354,14.2658,-1.8800,24.0658
1759161341394,8.8168,-11.5577,18.6168
1759161341434,-8.8168,-14.9704,0.9832
1759161341474,-14.2658,-10.2682,-4.4658
1759161341514,-0.0000,-0.0000,9.8000
1759161341554,14.2658,10.2682,24.0658
1759161341594,8.8168,14.9704,18.6168
1759161341634,-8.8168,11.5577,0.9832
1759161341674,-14.2658,1.8800,-4.4658
1759161341714,-0.0000,-8.8168,9.8000
1759161341754,14.2658,-14.7343,24.0658
1759161341794,8.8168,-12.6649,18.6168
1759161341834,-8.8168,-3.7303,0.9832
1759161341874,-14.2658,7.2263,-4.4658
1759161341914,-0.0000,14.2658,9.8000
1759161341954,14.2658,13.5724,24.0658
1759161341994,8.8168,5.5219,18.6168
1759161342034,-8.8168,-5.5219,0.9832
1759161342074,-14.2658,-13.5724,-4.4658
1759161342114,-0.0000,-14.2658,9.8000
1759161342154,14.2658,-7.2263,24.0658
1759161342194,8.8168,3.7303,18.6168
1759161342234,-8.8168,12.6649,0.9832
1759161342274,-14.2658,14.7343,-4.4658
1759161342314,0.0000,8.8168,9.8000
1759161342354,14.2658,-1.8800,24.0658
1759161342394,8.8168,-11.5577,18.6168
1759161342434,-8.8168,-14.9704,0.9832
1759161342474,-14.2658,-10.2682,-4.4658
1759161342514,-0.0000,-0.0000,9.8000
1759161342554,14.2658,10.2682,24.0658
1759161342594,8.8168,14.9704,18.6168
1759161342634,-8.8168,11.5577,0.9832
1759161342674,-14.2658,1.8800,-4.4658
1759161342714,-0.0000,-8.8168,9.8000
1759161342754,14.2658,-14.7343,24.0658
1759161342794,8.8168,-12.6649,18.6168
1759161342834,-8.8168,-3.7303,0.9832
1759161342874,-14.2658,7.2263,-4.4658
1759161342914,-0.0000,14.2658,9.8000
1759161342954,14.2658,13.5724,24.0658
1759161342994,8.8168,5.5219,18.6168
1759161343034,-8.8168,-5.5219,0.9832
1759161343074,-14.2658,-13.5724,-4.4658
1759161343114,-0.0000,-14.2658,9.8000
1759161343154,14.2658,-7.2263,24.0658
1759161343194,8.8168,3.7303,18.6168
1759161343234,-8.8168,12.6649,0.9832
1759161343274,-14.2658,14.7343,-4.4658
1759161343314,0.0000,8.8168,9.8000
1759161343354,14.2658,-1.8800,24.0658
1759161343394,8.8168,-11.5577,18.6168
1759161343434,-8.8168,-14.9704,0.9832
1759161343474,-14.2658,-10.2682,-4.4658
1759161343514,-0.0000,-0.0000,9.8000
1759161343554,14.2658,10.2682,24.0658
1759161343594,8.8168,14.9704,18.6168
1759161343634,-8.8168,11.5577,0.9832
1759161343674,-14.2658,1.8800,-4.4658
1759161343714,-0.0000,-8.8168,9.8000
1759161343754,14.2658,-14.7343,24.0658
1759161343794,8.8168,-12.6649,18.6168
1759161343834,-8.8168,-3.7303,0.9832
1759161343874,-14.2658,7.2263,-4.4658
1759161343914,-0.0000,14.2658,9.8000
1759161343954,14.2658,13.5724,24.0658
1759161343994,8.8168,5.5219,18.6168
1759161344034,-8.8168,-5.5219,0.9832
1759161344074,-14.2658,-13.5724,-4.4658
1759161344114,0.0000,-14.2658,9.8000
1759161344154,14.2658,-7.2263,24.0658
1759161344194,8.8168,3.7303,18.6168
1759161344234,-8.8168,12.6649,0.9832
1759161344274,-14.2658,14.7343,-4.4658
1759161344314,-0.0000,8.8168,9.8000
1759161344354,14.2658,-1.8800,24.0658
1759161344394,8.8168,-11.5577,18.6168
1759161344434,-8.8168,-14.9704,0.9832
1759161344474,-14.2658,-10.2682,-4.4658
1759161344514,0.0000,-0.0000,9.8000
1759161344554,14.2658,10.2682,24.0658
1759161344594,8.8168,14.9704,18.6168
1759161344634,-8.8168,11.5577,0.9832
1759161344674,-14.2658,1.8800,-4.4658
1759161344714,-0.0000,-8.8168,9.8000
1759161344754,14.2658,-14.7343,24.0658
1759161344794,8.8168,-12.6649,18.6168
1759161344834,-8.8168,-3.7303,0.9832
1759161344874,-14.2658,7.2263,-4.4658
1759161344914,-0.0000,14.2658,9.8000
1759161344954,14.2658,13.5724,24.0658
1759161344994,8.8168,5.5219,18.6168
1759161345034,-8.8168,-5.5219,0.9832
1759161345074,-14.2658,-13.5724,-4.4658
1759161345114,0.0000,-14.2658,9.8000
1759161345154,14.2658,-7.2263,24.0658
1759161345194,8.8168,3.7303,18.6168
1759161345234,-8.8168,12.6649,0.9832
1759161345274,-14.2658,14.7343,-4.4658
1759161345314,-0.0000,8.8168,9.8000
1759161345354,14.2658,-1.8800,24.0658
1759161345394,8.8168,-11.5577,18.6168
1759161345434,-8.8168,-14.9704,0.9832
1759161345474,-14.2658,-10.2682,-4.4658
1759161345514,0.0000,0.0000,9.8000
1759161345554,14.2658,10.2682,24.0658
1759161345594,8.8168,14.9704,18.6168
1759161345634,-8.8168,11.5577,0.9832
1759161345674,-14.2658,1.8800,-4.4658
1759161345714,-0.0000,-8.8168,9.8000
1759161345754,14.2658,-14.7343,24.0658
1759161345794,8.8168,-12.6649,18.6168
1759161345834,-8.8168,-3.7303,0.9832
1759161345874,-14.2658,7.2263,-4.4658
1759161345914,-0.0000,14.2658,9.8000
1759161345954,14.2658,13.5724,24.0658
1759161345994,8.8168,5.5219,18.6168
1759161346034,-8.8168,-5.5219,0.9832
1759161346074,-14.2658,-13.5724,-4.4658
1759161346114,0.0000,-14.2658,9.8000
1759161346154,14.2658,-7.2263,24.0658
1759161346194,8.8168,3.7303,18.6168
1759161346234,-8.8168,12.6649,0.9832
1759161346274,-14.2658,14.7343,-4.4658
1759161346314,-0.0000,8.8168,9.8000
1759161346354,14.2658,-1.8800,24.0658
1759161346394,8.8168,-11.5577,18.6168
1759161346434,-8.8168,-14.9704,0.9832
1759161346474,-14.2658,-10.2682,-4.4658
1759161346514,-0.0000,0.0000,9.8000
1759161346554,14.2658,10.2682,24.0658
1759161346594,8.8168,14.9704,18.6168
1759161346634,-8.8168,11.5577,0.9832
1759161346674,-14.2658,1.8800,-4.4658
1759161346714,-0.0000,-8.8168,9.8000
1759161346754,14.2658,-14.7343,24.0658
1759161346794,8.8168,-12.6649,18.6168
1759161346834,-8.8168,-3.7303,0.9832
1759161346874,-14.2658,7.2263,-4.4658
1759161346914,-0.0000,14.2658,9.8000
1759161346954,14.2658,13.5724,24.0658
1759161346994,8.8168,5.5219,18.6168
1759161347034,-8.8168,-5.5219,0.9832
1759161347074,-14.2658,-13.5724,-4.4658
1759161347114,-0.0000,-14.2658,9.8000
1759161347154,14.2658,-7.2263,24.0658
1759161347194,8.8168,3.7303,18.6168
1759161347234,-8.8168,12.6649,0.9832
1759161347274,-14.2658,14.7343,-4.4658
1759161347314,0.0000,8.8168,9.8000
1759161347354,14.2658,-1.8800,24.0658
1759161347394,8.8168,-11.5577,18.6168
1759161347434,-8.8168,-14.9704,0.9832
1759161347474,-14.2658,-10.2682,-4.4658
1759161347514,-0.0000,-0.0000,9.8000
1759161347554,14.2658,10.2682,24.0658
1759161347594,8.8168,14.9704,18.6168
1759161347634,-8.8168,11.5577,0.9832
1759161347674,-14.2658,1.8800,-4.4658
1759161347714,0.0000,-8.8168,9.8000
1759161347754,14.2658,-14.7343,24.0658
1759161347794,8.8168,-12.6649,18.6168
1759161347834,-8.8168,-3.7303,0.9832
1759161347874,-14.2658,7.2263,-4.4658
1759161347914,-0.0000,14.2658,9.8000
1759161347954,14.2658,13.5724,24.0658
1759161347994,8.8168,5.5219,18.6168
1759161348034,-8.8168,-5.5219,0.9832
1759161348074,-14.2658,-13.5724,-4.4658
1759161348114,-0.0000,-14.2658,9.8000
1759161348154,14.2658,-7.2263,24.0658
1759161348194,8.8168,3.7303,18.6168
1759161348234,-8.8168,12.6649,0.9832
1759161348274,-14.2658,14.7343,-4.4658
1759161348314,0.0000,8.8168,9.8000
1759161348354,14.2658,-1.8800,24.0658
1759161348394,8.8168,-11.5577,18.6168
1759161348434,-8.8168,-14.9704,0.9832
1759161348474,-14.2658,-10.2682,-4.4658
1759161348514,-0.0000,-0.0000,9.8000
1759161348554,14.2658,10.2682,24.0658
1759161348594,8.8168,14.9704,18.6168
1759161348634,-8.8168,11.5577,0.9832
1759161348674,-14.2658,1.8800,-4.4658
1759161348714,-0.0000,-8.8168,9.8000
1759161348754,14.2658,-14.7343,24.0658
1759161348794,8.8168,-12.6649,18.6168
1759161348834,-8.8168,-3.7303,0.9832
1759161348874,-14.2658,7.2263,-4.4658
1759161348914,-0.0000,14.2658,9.8000
1759161348954,14.2658,13.5724,24.0658
1759161348994,8.8168,5.5219,18.6168
1759161349034,-8.8168,-5.5219,0.9832
1759161349074,-14.2658,-13.5724,-4.4658
1759161349114,0.0000,-14.2658,9.8000
1759161349154,14.2658,-7.2263,24.0658
1759161349194,8.8168,3.7303,18.6168
1759161349234,-8.8168,12.6649,0.9832
1759161349274,-14.2658,14.7343,-4.4658
1759161349314,-0.0000,8.8168,9.8000
1759161349354,14.2658,-1.8800,24.0658
1759161349394,8.8168,-11.5577,18.6168
1759161349434,-8.8168,-14.9704,0.9832
1759161349474,-14.2658,-10.2682,-4.4658
1759161349514,-0.0000,-0.0000,9.8000
1759161349554,14.2658,10.2682,24.0658
1759161349594,8.8168,14.9704,18.6168
1759161349634,-8.8168,11.5577,0.9832
1759161349674,-14.2658,1.8800,-4.4658
1759161349714,-0.0000,-8.8168,9.8000
1759161349754,14.2658,-14.7343,24.0658
1759161349794,8.8168,-12.6649,18.6168
1759161349834,-8.8168,-3.7303,0.9832
1759161349874,-14.2658,7.2263,-4.4658
1759161349914,-0.0000,14.2658,9.8000
1759161349954,14.2658,13.5724,24.0658
1759161349994,8.8168,5.5219,18.6168
1759161350034,-8.8168,-5.5219,0.9832
1759161350074,-14.2658,-13.5724,-4.4658
1759161350114,0.0000,-14.2658,9.8000
1759161350154,14.2658,-7.2263,24.0658
1759161350194,8.8168,3.7303,18.6168
1759161350234,-8.8168,12.6649,0.9832
1759161350274,-14.2658,14.7343,-4.4658
1759161350314,-0.0000,8.8168,9.8000
1759161350354,14.2658,-1.8800,24.0658
1759161350394,8.8168,-11.5577,18.6168
1759161350434,-8.8168,-14.9704,0.9832
1759161350474,-14.2658,-10.2682,-4.4658
1759161350514,0.0000,-0.0000,9.8000
1759161350554,14.2658,10.2682,24.0658
1759161350594,8.8168,14.9704,18.6168
1759161350634,-8.8168,11.5577,0.9832
1759161350674,-14.2658,1.8800,-4.4658
1759161350714,-0.0000,-8.8168,9.8000
1759161350754,14.2658,-14.7343,24.0658
1759161350794,8.8168,-12.6649,18.6168
1759161350834,-8.8168,-3.7303,0.9832
1759161350874,-14.2658,7.2263,-4.4658
1759161350914,-0.0000,14.2658,9.8000
1759161350954,14.2658,13.5724,24.0658
1759161350994,8.8168,5.5219,18.6168
1759161351034,-8.8168,-5.5219,0.9832
1759161351074,-14.2658,-13.5724,-4.4658
1759161351114,0.0000,-14.2658,9.8000
1759161351154,14.2658,-7.2263,24.0658
1759161351194,8.8168,3.7303,18.6168
1759161351234,-8.8168,12.6649,0.9832
1759161351274,-14.2658,14.7343,-4.4658
1759161351314,-0.0000,8.8168,9.8000
1759161351354,14.2658,-1.8800,24.0658
1759161351394,8.8168,-11.5577,18.6168
1759161351434,-8.8168,-14.9704,0.9832
1759161351474,-14.2658,-10.2682,-4.4658
1759161351514,-0.0000,0.0000,9.8000
1759161351554,14.2658,10.2682,24.0658
1759161351594,8.8168,14.9704,18.6168
1759161351634,-8.8168,11.5577,0.9832
1759161351674,-14.2658,1.8800,-4.4658
1759161351714,-0.0000,-8.8168,9.8000
1759161351754,14.2658,-14.7343,24.0658
1759161351794,8.8168,-12.6649,18.6168
1759161351834,-8.8168,-3.7303,0.9832
1759161351874,-14.2658,7.2263,-4.4658
1759161351914,-0.0000,14.2658,9.8000
1759161351954,14.2658,13.5724,24.0658
1759161351994,8.8168,5.5219,18.6168
1759161352034,-8.8168,-5.5219,0.9832
1759161352074,-14.2658,-13.5724,-4.4658
1759161352114,-0.0000,-14.2658,9.8000
1759161352154,14.2658,-7.2263,24.0658
1759161352194,8.8168,3.7303,18.6168
1759161352234,-8.8168,12.6649,0.9832
1759161352274,-14.2658,14.7343,-4.4658
1759161352314,0.0000,8.8168,9.8000
1759161352354,14.2658,-1.8800,24.0658
1759161352394,8.8168,-11.5577,18.6168
1759161352434,-8.8168,-14.9704,0.9832
1759161352474,-14.2658,-10.2682,-4.4658
1759161352514,-0.0000,-0.0000,9.8000
1759161352554,14.2658,10.2682,24.0658
1759161352594,8.8168,14.9704,18.6168
1759161352634,-8.8168,11.5577,0.9832
1759161352674,-14.2658,1.8800,-4.4658
1759161352714,-0.0000,-8.8168,9.8000
1759161352754,14.2658,-14.7343,24.0658
1759161352794,8.8168,-12.6649,18.6168
1759161352834,-8.8168,-3.7303,0.9832
1759161352874,-14.2658,7.2263,-4.4658
1759161352914,-0.0000,14.2658,9.8000
1759161352954,14.2658,13.5724,24.0658
1759161352994,8.8168,5.5219,18.6168
1759161353034,-8.8168,-5.5219,0.9832
1759161353074,-14.2658,-13.5724,-4.4658
1759161353114,-0.0000,-14.2658,9.8000
1759161353154,14.2658,-7.2263,24.0658
1759161353194,8.8168,3.7303,18.6168
1759161353234,-8.8168,12.6649,0.9832
1759161353274,-14.2658,14.7343,-4.4658
1759161353314,0.0000,8.8168,9.8000
1759161353354,14.2658,-1.8800,24.0658
1759161353394,8.8168,-11.5577,18.6168
1759161353434,-8.8168,-14.9704,0.9832
1759161353474,-14.2658,-10.2682,-4.4658
1759161353514,-0.0000,-0.0000,9.8000
1759161353554,14.2658,10.2682,24.0658
1759161353594,8.8168,14.9704,18.6168
1759161353634,-8.8168,11.5577,0.9832
1759161353674,-14.2658,1.8800,-4.4658
1759161353714,-0.0000,-8.8168,9.8000
1759161353754,14.2658,-14.7343,24.0658
1759161353794,8.8168,-12.6649,18.6168
1759161353834,-8.8168,-3.7303,0.9832
1759161353874,-14.2658,7.2263,-4.4658
1759161353914,-0.0000,14.2658,9.8000
1759161353954,14.2658,13.5724,24.0658
1759161353994,8.8168,5.5219,18.6168
1759161354034,-8.8168,-5.5219,0.9832
1759161354074,-14.2658,-13.5724,-4.4658
1759161354114,0.0000,-14.2658,9.8000
1759161354154,14.2658,-7.2263,24.0658
1759161354194,8.8168,3.7303,18.6168
1759161354234,-8.8168,12.6649,0.9832
1759161354274,-14.2658,14.7343,-4.4658
1759161354314,-0.0000,8.8168,9.8000
1759161354354,14.2658,-1.8800,24.0658
1759161354394,8.8168,-11.5577,18.6168
1759161354434,-8.8168,-14.9704,0.9832
1759161354474,-14.2658,-10.2682,-4.4658
1759161354514,-0.0000,-0.0000,9.8000
1759161354554,14.2658,10.2682,24.0658
1759161354594,8.8168,14.9704,18.6168
1759161354634,-8.8168,11.5577,0.9832
1759161354674,-14.2658,1.8800,-4.4658
1759161354714,-0.0000,-8.8168,9.8000
1759161354754,14.2658,-14.7343,24.0658
1759161354794,8.8168,-12.6649,18.6168
1759161354834,-8.8168,-3.7303,0.9832
1759161354874,-14.2658,7.2263,-4.4658
1759161354914,-0.0000,14.2658,9.8000
1759161354954,14.2658,13.5724,24.0658
1759161354994,8.8168,5.5219,18.6168
1759161355034,-8.8168,-5.5219,0.9832
1759161355074,-14.2658,-13.5724,-4.4658
1759161355114,0.0000,-14.2658,9.8000
1759161355154,14.2658,-7.2263,24.0658
1759161355194,8.8168,3.7303,18.6168
1759161355234,-8.8168,12.6649,0.9832
1759161355274,-14.2658,14.7343,-4.4658
1759161355314,-0.0000,8.8168,9.8000
1759161355354,14.2658,-1.8800,24.0658
1759161355394,8.8168,-11.5577,18.6168
1759161355434,-8.8168,-14.9704,0.9832
1759161355474,-14.2658,-10.2682,-4.4658
1759161355514,0.0000,-0.0000,9.8000
1759161355554,14.2658,10.2682,24.0658
1759161355594,8.8168,14.9704,18.6168
1759161355634,-8.8168,11.5577,0.9832
1759161355674,-14.2658,1.8800,-4.4658
1759161355714,-0.0000,-8.8168,9.8000
1759161355754,14.2658,-14.7343,24.0658
1759161355794,8.8168,-12.6649,18.6168
1759161355834,-8.8168,-3.7303,0.9832
1759161355874,-14.2658,7.2263,-4.4658
1759161355914,-0.0000,14.2658,9.8000
1759161355954,14.2658,13.5724,24.0658
1759161355994,8.8168,5.5219,18.6168
1759161356034,-8.8168,-5.5219,0.9832
1759161356074,-14.2658,-13.5724,-4.4658
1759161356114,0.0000,-14.2658,9.8000
1759161356154,14.2658,-7.2263,24.0658
1759161356194,8.8168,3.7303,18.6168
1759161356234,-8.8168,12.6649,0.9832
1759161356274,-14.2658,14.7343,-4.4658
1759161356314,-0.0000,8.8168,9.8000
1759161356354,14.2658,-1.8800,24.0658
1759161356394,8.8168,-11.5577,18.6168
1759161356434,-8.8168,-14.9704,0.9832
1759161356474,-14.2658,-10.2682,-4.4658
1759161356514,-0.0000,-0.0000,9.8000
1759161356554,14.2658,10.2682,24.0658
1759161356594,8.8168,14.9704,18.6168
1759161356634,-8.8168,11.5577,0.9832
1759161356674,-14.2658,1.8800,-4.4658
1759161356714,-0.0000,-8.8168,9.8000
1759161356754,14.2658,-14.7343,24.0658
1759161356794,8.8168,-12.6649,18.6168
1759161356834,-8.8168,-3.7303,0.9832
1759161356874,-14.2658,7.2263,-4.4658
1759161356914,-0.0000,14.2658,9.8000
1759161356954,14.2658,13.5724,24.0658
1759161356994,8.8168,5.5219,18.6168
1759161357034,-8.8168,-5.5219,0.9832
1759161357074,-14.2658,-13.5724,-4.4658
1759161357114,0.0000,-14.2658,9.8000
1759161357154,14.2658,-7.2263,24.0658
1759161357194,8.8168,3.7303,18.6168
1759161357234,-8.8168,12.6649,0.9832
1759161357274,-14.2658,14.7343,-4.4658
1759161357314,0.0000,8.8168,9.8000
1759161357354,14.2658,-1.8800,24.0658
1759161357394,8.8168,-11.5577,18.6168
1759161357434,-8.8168,-14.9704,0.9832
1759161357474,-14.2658,-10.2682,-4.4658
1759161357514,-0.0000,0.0000,9.8000
1759161357554,14.2658,10.2682,24.0658
1759161357594,8.8168,14.9704,18.6168
1759161357634,-8.8168,11.5577,0.9832
1759161357674,-14.2658,1.8800,-4.4658
1759161357714,-0.0000,-8.8168,9.8000
1759161357754,14.2658,-14.7343,24.0658
1759161357794,8.8168,-12.6649,18.6168
1759161357834,-8.8168,-3.7303,0.9832
1759161357874,-14.2658,7.2263,-4.4658
1759161357914,-0.0000,14.2658,9.8000
1759161357954,14.2658,13.5724,24.0658
1759161357994,8.8168,5.5219,18.6168
1759161358034,-8.8168,-5.5219,0.9832
1759161358074,-14.2658,-13.5724,-4.4658
1759161358114,-0.0000,-14.2658,9.8000
1759161358154,14.2658,-7.2263,24.0658
1759161358194,8.8168,3.7303,18.6168
1759161358234,-8.8168,12.6649,0.9832
1759161358274,-14.2658,14.7343,-4.4658
1759161358314,0.0000,8.8168,9.8000
1759161358354,14.2658,-1.8800,24.0658
1759161358394,8.8168,-11.5577,18.6168
1759161358434,-8.8168,-14.9704,0.9832
1759161358474,-14.2658,-10.2682,-4.4658
1759161358514,-0.0000,-0.0000,9.8000
1759161358554,14.2658,10.2682,24.0658
1759161358594,8.8168,14.9704,18.6168
1759161358634,-8.8168,11.5577,0.9832
1759161358674,-14.2658,1.8800,-4.4658
1759161358714,-0.0000,-8.8168,9.8000
1759161358754,14.2658,-14.7343,24.0658
1759161358794,8.8168,-12.6649,18.6168
1759161358834,-8.8168,-3.7303,0.9832
1759161358874,-14.2658,7.2263,-4.4658
1759161358914,-0.0000,14.2658,9.8000
1759161358954,14.2658,13.5724,24.0658
1759161358994,8.8168,5.5219,18.6168
1759161359034,-8.8168,-5.5219,0.9832
1759161359074,-14.2658,-13.5724,-4.4658
1759161359114,-0.0000,-14.2658,9.8000
1759161359154,14.2658,-7.2263,24.0658
1759161359194,8.8168,3.7303,18.6168
1759161359234,-8.8168,12.6649,0.9832
1759161359274,-14.2658,14.7343,-4.4658
1759161359314,0.0000,8.8168,9.8000
1759161359354,14.2658,-1.8800,24.0658
1759161359394,8.8168,-11.5577,18.6168
1759161359434,-8.8168,-14.9704,0.9832
1759161359474,-14.2658,-10.2682,-4.4658
1759161359514,-0.0000,-0.0000,9.8000
1759161359554,14.2658,10.2682,24.0658
1759161359594,8.8168,14.9704,18.6168
1759161359634,-8.8168,11.5577,0.9832
1759161359674,-14.2658,1.8800,-4.4658
1759161359714,-0.0000,-8.8168,9.8000
1759161359754,14.2658,-14.7343,24.0658
1759161359794,8.8168,-12.6649,18.6168
1759161359834,-8.8168,-3.7303,0.9832
1759161359874,-14.2658,7.2263,-4.4658
1759161359914,-0.0000,14.2658,9.8000
1759161359954,14.2658,13.5724,24.0658
1759161359994,8.8168,5.5219,18.6168
1759161360034,-8.8168,-5.5219,0.9832
1759161360074,-14.2658,-13.5724,-4.4658
1759161360114,0.0000,-14.2658,9.8000
1759161360154,14.2658,-7.2263,24.0658
1759161360194,8.8168,3.7303,18.6168
1759161360234,-8.8168,12.6649,0.9832
1759161360274,-14.2658,14.7343,-4.4658
1759161360314,-0.0000,8.8168,9.8000
1759161360354,14.2658,-1.8800,24.0658
1759161360394,8.8168,-11.5577,18.6168
1759161360434,-8.8168,-14.9704,0.9832
1759161360474,-14.2658,-10.2682,-4.4658
1759161360514,-0.0000,-0.0000,9.8000
1759161360554,14.2658,10.2682,24.0658
1759161360594,8.8168,14.9704,18.6168
1759161360634,-8.8168,11.5577,0.9832
1759161360674,-14.2658,1.8800,-4.4658
1759161360714,-0.0000,-8.8168,9.8000
1759161360754,14.2658,-14.7343,24.0658
1759161360794,8.8168,-12.6649,18.6168
1759161360834,-8.8168,-3.7303,0.9832
1759161360874,-14.2658,7.2263,-4.4658
1759161360914,-0.0000,14.2658,9.8000
1759161360954,14.2658,13.5724,24.0658
1759161360994,8.8168,5.5219,18.6168
1759161361034,-8.8168,-5.5219,0.9832
1759161361074,-14.2658,-13.5724,-4.4658
1759161361114,0.0000,-14.2658,9.8000
1759161361154,14.2658,-7.2263,24.0658
1759161361194,8.8168,3.7303,18.6168
1759161361234,-8.8168,12.6649,0.9832
1759161361274,-14.2658,14.7343,-4.4658
1759161361314,-0.0000,8.8168,9.8000
1759161361354,14.2658,-1.8800,24.0658
1759161361394,8.8168,-11.5577,18.6168
1759161361434,-8.8168,-14.9704,0.9832
1759161361474,-14.2658,-10.2682,-4.4658
1759161361514,0.0000,-0.0000,9.8000
1759161361554,14.2658,10.2682,24.0658
1759161361594,8.8168,14.9704,18.6168
1759161361634,-8.8168,11.5577,0.9832
1759161361674,-14.2658,1.8800,-4.4658
1759161361714,-0.0000,-8.8168,9.8000
1759161361754,14.2658,-14.7343,24.0658
1759161361794,8.8168,-12.6649,18.6168
1759161361834,-8.8168,-3.7303,0.9832
1759161361874,-14.2658,7.2263,-4.4658
1759161361914,-0.0000,14.2658,9.8000
1759161361954,14.2658,13.5724,24.0658
1759161361994,8.8168,5.5219,18.6168
1759161362034,-8.8168,-5.5219,0.9832
1759161362074,-14.2658,-13.5724,-4.4658
1759161362114,0.0000,-14.2658,9.8000
1759161362154,14.2658,-7.2263,24.0658
1759161362194,8.8168,3.7303,18.6168
1759161362234,-8.8168,12.6649,0.9832
1759161362274,-14.2658,14.7343,-4.4658
1759161362314,-0.0000,8.8168,9.8000
1759161362354,14.2658,-1.8800,24.0658
1759161362394,8.8168,-11.5577,18.6168
1759161362434,-8.8168,-14.9704,0.9832
1759161362474,-14.2658,-10.2682,-4.4658
1759161362514,-0.0000,0.0000,9.8000
1759161362554,14.2658,10.2682,24.0658
1759161362594,8.8168,14.9704,18.6168
1759161362634,-8.8168,11.5577,0.9832
1759161362674,-14.2658,1.8800,-4.4658
1759161362714,-0.0000,-8.8168,9.8000
1759161362754,14.2658,-14.7343,24.0658
1759161362794,8.8168,-12.6649,18.6168
1759161362834,-8.8168,-3.7303,0.9832
1759161362874,-14.2658,7.2263,-4.4658
1759161362914,-0.0000,14.2658,9.8000
1759161362954,14.2658,13.5724,24.0658
1759161362994,8.8168,5.5219,18.6168
1759161363034,-8.8168,-5.5219,0.9832
1759161363074,-14.2658,-13.5724,-4.4658
1759161363114,-0.0000,-14.2658,9.8000
1759161363154,14.2658,-7.2263,24.0658
1759161363194,8.8168,3.7303,18.6168
1759161363234,-8.8168,12.6649,0.9832
1759161363274,-14.2658,14.7343,-4.4658
1759161363314,0.0000,8.8168,9.8000
1759161363354,14.2658,-1.8800,24.0658
1759161363394,8.8168,-11.5577,18.6168
1759161363434,-8.8168,-14.9704,0.9832
1759161363474,-14.2658,-10.2682,-4.4658
1759161363514,-0.0000,-0.0000,9.8000
1759161363554,14.2658,10.2682,24.0658
1759161363594,8.8168,14.9704,18.6168
1759161363634,-8.8168,11.5577,0.9832
1759161363674,-14.2658,1.8800,-4.4658
1759161363714,-0.0000,-8.8168,9.8000
1759161363754,14.2658,-14.7343,24.0658
1759161363794,8.8168,-12.6649,18.6168
1759161363834,-8.8168,-3.7303,0.9832
1759161363874,-14.2658,7.2263,-4.4658
1759161363914,-0.0000,14.2658,9.8000
1759161363954,14.2658,13.5724,24.0658
1759161363994,8.8168,5.5219,18.6168
1759161364034,-8.8168,-5.5219,0.9832
1759161364074,-14.2658,-13.5724,-4.4658
1759161364114,-0.0000,-14.2658,9.8000
1759161364154,14.2658,-7.2263,24.0658
1759161364194,8.8168,3.7303,18.6168
1759161364234,-8.8168,12.6649,0.9832
1759161364274,-14.2658,14.7343,-4.4658
1759161364314,0.0000,8.8168,9.8000
1759161364354,14.2658,-1.8800,24.0658
1759161364394,8.8168,-11.5577,18.6168
1759161364434,-8.8168,-14.9704,0.9832
1759161364474,-14.2658,-10.2682,-4.4658
1759161364514,-0.0000,-0.0000,9.8000
1759161364554,14.2658,10.2682,24.0658
1759161364594,8.8168,14.9704,18.6168
1759161364634,-8.8168,11.5577,0.9832
1759161364674,-14.2658,1.8800,-4.4658
1759161364714,-0.0000,-8.8168,9.8000
1759161364754,14.2658,-14.7343,24.0658
1759161364794,8.8168,-12.6649,18.6168
1759161364834,-8.8168,-3.7303,0.9832
1759161364874,-14.2658,7.2263,-4.4658
1759161364914,-0.0000,14.2658,9.8000
1759161364954,14.2658,13.5724,24.0658
1759161364994,8.8168,5.5219,18.6168
1759161365034,-8.8168,-5.5219,0.9832
1759161365074,-14.2658,-13.5724,-4.4658
1759161365114,0.0000,-14.2658,9.8000
1759161365154,14.2658,-7.2263,24.0658
1759161365194,8.8168,3.7303,18.6168
1759161365234,-8.8168,12.6649,0.9832
1759161365274,-14.2658,14.7343,-4.4658
1759161365314,-0.0000,8.8168,9.8000
1759161365354,14.2658,-1.8800,24.0658
1759161365394,8.8168,-11.5577,18.6168
1759161365434,-8.8168,-14.9704,0.9832
1759161365474,-14.2658,-10.2682,-4.4658
1759161365514,-0.0000,-0.0000,9.8000
1759161365554,14.2658,10.2682,24.0658
1759161365594,8.8168,14.9704,18.6168
1759161365634,-8.8168,11.5577,0.9832
1759161365674,-14.2658,1.8800,-4.4658
1759161365714,-0.0000,-8.8168,9.8000
1759161365754,14.2658,-14.7343,24.0658
1759161365794,8.8168,-12.6649,18.6168
1759161365834,-8.8168,-3.7303,0.9832
1759161365874,-14.2658,7.2263,-4.4658
1759161365914,-0.0000,14.2658,9.8000
1759161365954,14.2658,13.5724,24.0658
1759161365994,8.8168,5.5219,18.6168
1759161366034,-8.8168,-5.5219,0.9832
1759161366074,-14.2658,-13.5724,-4.4658
1759161366114,0.0000,-14.2658,9.8000
1759161366154,14.2658,-7.2263,24.0658
1759161366194,8.8168,3.7303,18.6168
1759161366234,-8.8168,12.6649,0.9832
1759161366274,-14.2658,14.7343,-4.4658
1759161366314,-0.0000,8.8168,9.8000
1759161366354,14.2658,-1.8800,24.0658
1759161366394,8.8168,-11.5577,18.6168
1759161366434,-8.8168,-14.9704,0.9832
1759161366474,-14.2658,-10.2682,-4.4658
1759161366514,0.0000,-0.0000,9.8000
1759161366554,14.2658,10.2682,24.0658
1759161366594,8.8168,14.9704,18.6168
1759161366634,-8.8168,11.5577,0.9832
1759161366674,-14.2658,1.8800,-4.4658
1759161366714,-0.0000,-8.8168,9.8000
1759161366754,14.2658,-14.7343,24.0658
1759161366794,8.8168,-12.6649,18.6168
1759161366834,-8.8168,-3.7303,0.9832
1759161366874,-14.2658,7.2263,-4.4658
1759161366914,-0.0000,14.2658,9.8000
1759161366954,14.2658,13.5724,24.0658
1759161366994,8.8168,5.5219,18.6168
1759161367034,-8.8168,-5.5219,0.9832
1759161367074,-14.2658,-13.5724,-4.4658
1759161367114,0.0000,-14.2658,9.8000
1759161367154,14.2658,-7.2263,24.0658
1759161367194,8.8168,3.7303,18.6168
1759161367234,-8.8168,12.6649,0.9832
1759161367274,-14.2658,14.7343,-4.4658
1759161367314,-0.0000,8.8168,9.8000
1759161367354,14.2658,-1.8800,24.0658
1759161367394,8.8168,-11.5577,18.6168
1759161367434,-8.8168,-14.9704,0.9832
1759161367474,-14.2658,-10.2682,-4.4658
1759161367514,-0.0000,-0.0000,9.8000
1759161367554,14.2658,10.2682,24.0658
1759161367594,8.8168,14.9704,18.6168
1759161367634,-8.8168,11.5577,0.9832
1759161367674,-14.2658,1.8800,-4.4658
1759161367714,-0.0000,-8.8168,9.8000
1759161367754,14.2658,-14.7343,24.0658
1759161367794,8.8168,-12.6649,18.6168
1759161367834,-8.8168,-3.7303,0.9832
1759161367874,-14.2658,7.2263,-4.4658
1759161367914,-0.0000,14.2658,9.8000
1759161367954,14.2658,13.5724,24.0658
1759161367994,8.8168,5.5219,18.6168
1759161368034,-8.8168,-5.5219,0.9832
1759161368074,-14.2658,-13.5724,-4.4658
1759161368114,0.0000,-14.2658,9.8000
1759161368154,14.2658,-7.2263,24.0658
1759161368194,8.8168,3.7303,18.6168
1759161368234,-8.8168,12.6649,0.9832
1759161368274,-14.2658,14.7343,-4.4658
1759161368314,0.0000,8.8168,9.8000
1759161368354,14.2658,-1.8800,24.0658
1759161368394,8.8168,-11.5577,18.6168
1759161368434,-8.8168,-14.9704,0.9832
1759161368474,-14.2658,-10.2682,-4.4658
1759161368514,-0.0000,0.0000,9.8000
1759161368554,14.2658,10.2682,24.0658
1759161368594,8.8168,14.9704,18.6168
1759161368634,-8.8168,11.5577,0.9832
1759161368674,-14.2658,1.8800,-4.4658
1759161368714,-0.0000,-8.8168,9.8000
1759161368754,14.2658,-14.7343,24.0658
1759161368794,8.8168,-12.6649,18.6168
1759161368834,-8.8168,-3.7303,0.9832
1759161368874,-14.2658,7.2263,-4.4658
1759161368914,-0.0000,14.2658,9.8000
1759161368954,14.2658,13.5724,24.0658
1759161368994,8.8168,5.5219,18.6168
1759161369034,-8.8168,-5.5219,0.9832
1759161369074,-14.2658,-13.5724,-4.4658
1759161369114,-0.0000,-14.2658,9.8000
1759161369154,14.2658,-7.2263,24.0658
1759161369194,8.8168,3.7303,18.6168
1759161369234,-8.8168,12.6649,0.9832
1759161369274,-14.2658,14.7343,-4.4658
1759161369314,0.0000,8.8168,9.8000
1759161369354,14.2658,-1.8800,24.0658
1759161369394,8.8168,-11.5577,18.6168
1759161369434,-8.8168,-14.9704,0.9832
1759161369474,-14.2658,-10.2682,-4.4658
1759161369514,-0.0000,-0.0000,9.8000
1759161369554,14.2658,10.2682,24.0658
1759161369594,8.8168,14.9704,18.6168
1759161369634,-8.8168,11.5577,0.9832
1759161369674,-14.2658,1.8800,-4.4658
1759161369714,-0.0000,-8.8168,9.8000
1759161369754,14.2658,-14.7343,24.0658
1759161369794,8.8168,-12.6649,18.6168
1759161369834,-8.8168,-3.7303,0.9832
1759161369874,-14.2658,7.2263,-4.4658
1759161369914,-0.0000,14.2658,9.8000
1759161369954,14.2658,13.5724,24.0658
1759161369994,8.8168,5.5219,18.6168
1759161370034,-8.8168,-5.5219,0.9832
1759161370074,-14.2658,-13.5724,-4.4658
1759161370114,-0.0000,-14.2658,9.8000
1759161370154,14.2658,-7.2263,24.0658
1759161370194,8.8168,3.7303,18.6168
1759161370234,-8.8168,12.6649,0.9832
1759161370274,-14.2658,14.7343,-4.4658
1759161370314,0.0000,8.8168,9.8000
1759161370354,14.2658,-1.8800,24.0658
1759161370394,8.8168,-11.5577,18.6168
1759161370434,-8.8168,-14.9704,0.9832
1759161370474,-14.2658,-10.2682,-4.4658
1759161370514,-0.0000,-0.0000,9.8000
1759161370554,14.2658,10.2682,24.0658
1759161370594,8.8168,14.9704,18.6168
1759161370634,-8.8168,11.5577,0.9832
1759161370674,-14.2658,1.8800,-4.4658
1759161370714,-0.0000,-8.8168,9.8000
1759161370754,14.2658,-14.7343,24.0658
1759161370794,8.8168,-12.6649,18.6168
1759161370834,-8.8168,-3.7303,0.9832
1759161370874,-14.2658,7.2263,-4.4658
1759161370914,-0.0000,14.2658,9.8000
1759161370954,14.2658,13.5724,24.0658
1759161370994,8.8168,5.5219,18.6168
1759161371034,-8.8168,-5.5219,0.9832
1759161371074,-14.2658,-13.5724,-4.4658
1759161371114,0.0000,-14.2658,9.8000
1759161371154,14.2658,-7.2263,24.0658
1759161371194,8.8168,3.7303,18.6168
1759161371234,-8.8168,12.6649,0.9832
1759161371274,-14.2658,14.7343,-4.4658
1759161371314,-0.0000,8.8168,9.8000
1759161371354,14.2658,-1.8800,24.0658
1759161371394,8.8168,-11.5577,18.6168
1759161371434,-8.8168,-14.9704,0.9832
1759161371474,-14.2658,-10.2682,-4.4658
1759161371514,0.0000,-0.0000,9.8000
1759161371554,14.2658,10.2682,24.0658
1759161371594,8.8168,14.9704,18.6168
1759161371634,-8.8168,11.5577,0.9832
1759161371674,-14.2658,1.8800,-4.4658
1759161371714,-0.0000,-8.8168,9.8000
1759161371754,14.2658,-14.7343,24.0658
1759161371794,8.8168,-12.6649,18.6168
1759161371834,-8.8168,-3.7303,0.9832
1759161371874,-14.2658,7.2263,-4.4658
1759161371914,-0.0000,14.2658,9.8000
1759161371954,14.2658,13.5724,24.0658
1759161371994,8.8168,5.5219,18.6168
1759161372034,-8.8168,-5.5219,0.9832
1759161372074,-14.2658,-13.5724,-4.4658
1759161372114,0.0000,-14.2658,9.8000
1759161372154,14.2658,-7.2263,24.0658
1759161372194,8.8168,3.7303,18.6168
1759161372234,-8.8168,12.6649,0.9832
1759161372274,-14.2658,14.7343,-4.4658
1759161372314,-0.0000,8.8168,9.8000
1759161372354,14.2658,-1.8800,24.0658
1759161372394,8.8168,-11.5577,18.6168
1759161372434,-8.8168,-14.9704,0.9832
1759161372474,-14.2658,-10.2682,-4.4658
1759161372514,0.0000,-0.0000,9.8000
1759161372554,14.2658,10.2682,24.0658
1759161372594,8.8168,14.9704,18.6168
1759161372634,-8.8168,11.5577,0.9832
1759161372674,-14.2658,1.8800,-4.4658
1759161372714,-0.0000,-8.8168,9.8000
1759161372754,14.2658,-14.7343,24.0658
1759161372794,8.8168,-12.6649,18.6168
1759161372834,-8.8168,-3.7303,0.9832
1759161372874,-14.2658,7.2263,-4.4658
1759161372914,-0.0000,14.2658,9.8000
1759161372954,14.2658,13.5724,24.0658
1759161372994,8.8168,5.5219,18.6168
1759161373034,-8.8168,-5.5219,0.9832
1759161373074,-14.2658,-13.5724,-4.4658
1759161373114,0.0000,-14.2658,9.8000
1759161373154,14.2658,-7.2263,24.0658
1759161373194,8.8168,3.7303,18.6168
1759161373234,-8.8168,12.6649,0.9832
1759161373274,-14.2658,14.7343,-4.4658
1759161373314,-0.0000,8.8168,9.8000
1759161373354,14.2658,-1.8800,24.0658
1759161373394,8.8168,-11.5577,18.6168
1759161373434,-8.8168,-14.9704,0.9832
1759161373474,-14.2658,-10.2682,-4.4658
1759161373514,-0.0000,0.0000,9.8000
1759161373554,14.2658,10.2682,24.0658
1759161373594,8.8168,14.9704,18.6168
1759161373634,-8.8168,11.5577,0.9832
1759161373674,-14.2658,1.8800,-4.4658
1759161373714,-0.0000,-8.8168,9.8000
1759161373754,14.2658,-14.7343,24.0658
1759161373794,8.8168,-12.6649,18.6168
1759161373834,-8.8168,-3.7303,0.9832
1759161373874,-14.2658,7.2263,-4.4658
1759161373914,-0.0000,14.2658,9.8000
1759161373954,14.2658,13.5724,24.0658
1759161373994,8.8168,5.5219,18.6168
1759161374034,-8.8168,-5.5219,0.9832
1759161374074,-14.2658,-13.5724,-4.4658
1759161374114,-0.0000,-14.2658,9.8000
1759161374154,14.2658,-7.2263,24.0658
1759161374194,8.8168,3.7303,18.6168
1759161374234,-8.8168,12.6649,0.9832
1759161374274,-14.2658,14.7343,-4.4658
1759161374314,0.0000,8.8168,9.8000
1759161374354,14.2658,-1.8800,24.0658
1759161374394,8.8168,-11.5577,18.6168
1759161374434,-8.8168,-14.9704,0.9832
1759161374474,-14.2658,-10.2682,-4.4658
1759161374514,-0.0000,-0.0000,9.8000
1759161374554,14.2658,10.2682,24.0658
1759161374594,8.8168,14.9704,18.6168
1759161374634,-8.8168,11.5577,0.9832
1759161374674,-14.2658,1.8800,-4.4658
1759161374714,0.0000,-8.8168,9.8000
1759161374754,14.2658,-14.7343,24.0658
1759161374794,8.8168,-12.6649,18.6168
1759161374834,-8.8168,-3.7303,0.9832
1759161374874,-14.2658,7.2263,-4.4658
1759161374914,-0.0000,14.2658,9.8000
1759161374954,14.2658,13.5724,24.0658
1759161374994,8.8168,5.5219,18.6168
1759161375034,-8.8168,-5.5219,0.9832
1759161375074,-14.2658,-13.5724,-4.4658
1759161375114,-0.0000,-14.2658,9.8000
1759161375154,14.2658,-7.2263,24.0658
1759161375194,8.8168,3.7303,18.6168
1759161375234,-8.8168,12.6649,0.9832
1759161375274,-14.2658,14.7343,-4.4658
1759161375314,0.0000,8.8168,9.8000
1759161375354,14.2658,-1.8800,24.0658
1759161375394,8.8168,-11.5577,18.6168
1759161375434,-8.8168,-14.9704,0.9832
1759161375474,-14.2658,-10.2682,-4.4658
1759161375514,-0.0000,-0.0000,9.8000
1759161375554,14.2658,10.2682,24.0658
1759161375594,8.8168,14.9704,18.6168
1759161375634,-8.8168,11.5577,0.9832
1759161375674,-14.2658,1.8800,-4.4658
1759161375714,-0.0000,-8.8168,9.8000
1759161375754,14.2658,-14.7343,24.0658
1759161375794,8.8168,-12.6649,18.6168
1759161375834,-8.8168,-3.7303,0.9832
1759161375874,-14.2658,7.2263,-4.4658
1759161375914,-0.0000,14.2658,9.8000
1759161375954,14.2658,13.5724,24.0658
1759161375994,8.8168,5.5219,18.6168
1759161376034,-8.8168,-5.5219,0.9832
1759161376074,-14.2658,-13.5724,-4.4658
1759161376114,0.0000,-14.2658,9.8000
1759161376154,14.2658,-7.2263,24.0658
1759161376194,8.8168,3.7303,18.6168
1759161376234,-8.8168,12.6649,0.9832
1759161376274,-14.2658,14.7343,-4.4658
1759161376314,-0.0000,8.8168,9.8000
1759161376354,14.2658,-1.8800,24.0658
1759161376394,8.8168,-11.5577,18.6168
1759161376434,-8.8168,-14.9704,0.9832
1759161376474,-14.2658,-10.2682,-4.4658
1759161376514,-0.0000,-0.0000,9.8000
1759161376554,14.2658,10.2682,24.0658
1759161376594,8.8168,14.9704,18.6168
1759161376634,-8.8168,11.5577,0.9832
1759161376674,-14.2658,1.8800,-4.4658
1759161376714,-0.0000,-8.8168,9.8000
1759161376754,14.2658,-14.7343,24.0658
1759161376794,8.8168,-12.6649,18.6168
1759161376834,-8.8168,-3.7303,0.9832
1759161376874,-14.2658,7.2263,-4.4658
1759161376914,-0.0000,14.2658,9.8000
1759161376954,14.2658,13.5724,24.0658
1759161376994,8.8168,5.5219,18.6168
1759161377034,-8.8168,-5.5219,0.9832
1759161377074,-14.2658,-13.5724,-4.4658
1759161377114,0.0000,-14.2658,9.8000
1759161377154,14.2658,-7.2263,24.0658
1759161377194,8.8168,3.7303,18.6168
1759161377234,-8.8168,12.6649,0.9832
1759161377274,-14.2658,14.7343,-4.4658
1759161377314,-0.0000,8.8168,9.8000
1759161377354,14.2658,-1.8800,24.0658
1759161377394,8.8168,-11.5577,18.6168
1759161377434,-8.8168,-14.9704,0.9832
1759161377474,-14.2658,-10.2682,-4.4658
1759161377514,0.0000,-0.0000,9.8000
1759161377554,14.2658,10.2682,24.0658
1759161377594,8.8168,14.9704,18.6168
1759161377634,-8.8168,11.5577,0.9832
1759161377674,-14.2658,1.8800,-4.4658
1759161377714,-0.0000,-8.8168,9.8000
1759161377754,14.2658,-14.7343,24.0658
1759161377794,8.8168,-12.6649,18.6168
1759161377834,-8.8168,-3.7303,0.9832
1759161377874,-14.2658,7.2263,-4.4658
1759161377914,-0.0000,14.2658,9.8000
1759161377954,14.2658,13.5724,24.0658
1759161377994,8.8168,5.5219,18.6168
1759161378034,-8.8168,-5.5219,0.9832
1759161378074,-14.2658,-13.5724,-4.4658
1759161378114,0.0000,-14.2658,9.8000
1759161378154,14.2658,-7.2263,24.0658
1759161378194,8.8168,3.7303,18.6168
1759161378234,-8.8168,12.6649,0.9832
1759161378274,-14.2658,14.7343,-4.4658
1759161378314,-0.0000,8.8168,9.8000
1759161378354,14.2658,-1.8800,24.0658
1759161378394,8.8168,-11.5577,18.6168
1759161378434,-8.8168,-14.9704,0.9832
1759161378474,-14.2658,-10.2682,-4.4658
1759161378514,-0.0000,-0.0000,9.8000
1759161378554,14.2658,10.2682,24.0658
1759161378594,8.8168,14.9704,18.6168
1759161378634,-8.8168,11.5577,0.9832
1759161378674,-14.2658,1.8800,-4.4658
1759161378714,-0.0000,-8.8168,9.8000
1759161378754,14.2658,-14.7343,24.0658
1759161378794,8.8168,-12.6649,18.6168
1759161378834,-8.8168,-3.7303,0.9832
1759161378874,-14.2658,7.2263,-4.4658
1759161378914,-0.0000,14.2658,9.8000
1759161378954,14.2658,13.5724,24.0658
1759161378994,8.8168,5.5219,18.6168
1759161379034,-8.8168,-5.5219,0.9832
1759161379074,-14.2658,-13.5724,-4.4658
1759161379114,0.0000,-14.2658,9.8000
1759161379154,14.2658,-7.2263,24.0658
1759161379194,8.8168,3.7303,18.6168
1759161379234,-8.8168,12.6649,0.9832
1759161379274,-14.2658,14.7343,-4.4658
1759161379314,0.0000,8.8168,9.8000
1759161379354,14.2658,-1.8800,24.0658
1759161379394,8.8168,-11.5577,18.6168
1759161379434,-8.8168,-14.9704,0.9832
1759161379474,-14.2658,-10.2682,-4.4658
1759161379514,-0.0000,0.0000,9.8000
1759161379554,14.2658,10.2682,24.0658
1759161379594,8.8168,14.9704,18.6168
1759161379634,-8.8168,11.5577,0.9832
1759161379674,-14.2658,1.8800,-4.4658
1759161379714,-0.0000,-8.8168,9.8000
1759161379754,14.2658,-14.7343,24.0658
1759161379794,8.8168,-12.6649,18.6168
1759161379834,-8.8168,-3.7303,0.9832
1759161379874,-14.2658,7.2263,-4.4658
1759161379914,-0.0000,14.2658,9.8000
1759161379954,14.2658,13.5724,24.0658
1759161379994,8.8168,5.5219,18.6168
1759161380034,-8.8168,-5.5219,0.9832
1759161380074,-14.2658,-13.5724,-4.4658
1759161380114,-0.0000,-14.2658,9.8000
1759161380154,14.2658,-7.2263,24.0658
1759161380194,8.8168,3.7303,18.6168
1759161380234,-8.8168,12.6649,0.9832
1759161380274,-14.2658,14.7343,-4.4658
1759161380314,0.0000,8.8168,9.8000
1759161380354,14.2658,-1.8800,24.0658
1759161380394,8.8168,-11.5577,18.6168
1759161380434,-8.8168,-14.9704,0.9832
1759161380474,-14.2658,-10.2682,-4.4658
1759161380514,-0.0000,-0.0000,9.8000
1759161380554,14.2658,10.2682,24.0658
1759161380594,8.8168,14.9704,18.6168
1759161380634,-8.8168,11.5577,0.9832
1759161380674,-14.2658,1.8800,-4.4658
1759161380714,-0.0000,-8.8168,9.8000
1759161380754,14.2658,-14.7343,24.0658
1759161380794,8.8168,-12.6649,18.6168
1759161380834,-8.8168,-3.7303,0.9832
1759161380874,-14.2658,7.2263,-4.4658
1759161380914,-0.0000,14.2658,9.8000
1759161380954,14.2658,13.5724,24.0658
1759161380994,8.8168,5.5219,18.6168
1759161381034,-8.8168,-5.5219,0.9832
1759161381074,-14.2658,-13.5724,-4.4658
1759161381114,-0.0000,-14.2658,9.8000
1759161381154,14.2658,-7.2263,24.0658
1759161381194,8.8168,3.7303,18.6168
1759161381234,-8.8168,12.6649,0.9832
1759161381274,-14.2658,14.7343,-4.4658
1759161381314,0.0000,8.8168,9.8000
1759161381354,14.2658,-1.8800,24.0658
1759161381394,8.8168,-11.5577,18.6168
1759161381434,-8.8168,-14.9704,0.9832
1759161381474,-14.2658,-10.2682,-4.4658
1759161381514,-0.0000,-0.0000,9.8000
1759161381554,14.2658,10.2682,24.0658
1759161381594,8.8168,14.9704,18.6168
1759161381634,-8.8168,11.5577,0.9832
1759161381674,-14.2658,1.8800,-4.4658
1759161381714,-0.0000,-8.8168,9.8000
1759161381754,14.2658,-14.7343,24.0658
1759161381794,8.8168,-12.6649,18.6168
1759161381834,-8.8168,-3.7303,0.9832
1759161381874,-14.2658,7.2263,-4.4658
1759161381914,-0.0000,14.2658,9.8000
1759161381954,14.2658,13.5724,24.0658
1759161381994,8.8168,5.5219,18.6168
1759161382034,-8.8168,-5.5219,0.9832
1759161382074,-14.2658,-13.5724,-4.4658
1759161382114,0.0000,-14.2658,9.8000
1759161382154,14.2658,-7.2263,24.0658
1759161382194,8.8168,3.7303,18.6168
1759161382234,-8.8168,12.6649,0.9832
1759161382274,-14.2658,14.7343,-4.4658
1759161382314,-0.0000,8.8168,9.8000
1759161382354,14.2658,-1.8800,24.0658
1759161382394,8.8168,-11.5577,18.6168
1759161382434,-8.8168,-14.9704,0.9832
1759161382474,-14.2658,-10.2682,-4.4658
1759161382514,0.0000,-0.0000,9.8000
1759161382554,14.2658,10.2682,24.0658
1759161382594,8.8168,14.9704,18.6168
1759161382634,-8.8168,11.5577,0.9832
1759161382674,-14.2658,1.8800,-4.4658
1759161382714,-0.0000,-8.8168,9.8000
1759161382754,14.2658,-14.7343,24.0658
1759161382794,8.8168,-12.6649,18.6168
1759161382834,-8.8168,-3.7303,0.9832
1759161382874,-14.2658,7.2263,-4.4658
1759161382914,-0.0000,14.2658,9.8000
1759161382954,14.2658,13.5724,24.0658
1759161382994,8.8168,5.5219,18.6168
1759161383034,-8.8168,-5.5219,0.9832
1759161383074,-14.2658,-13.5724,-4.4658
1759161383114,0.0000,-14.2658,9.8000
1759161383154,14.2658,-7.2263,24.0658
1759161383194,8.8168,3.7303,18.6168
1759161383234,-8.8168,12.6649,0.9832
1759161383274,-14.2658,14.7343,-4.4658
1759161383314,-0.0000,8.8168,9.8000
1759161383354,14.2658,-1.8800,24.0658
1759161383394,8.8168,-11.5577,18.6168
1759161383434,-8.8168,-14.9704,0.9832
1759161383474,-14.2658,-10.2682,-4.4658
1759161383514,0.0000,-0.0000,9.8000
1759161383554,14.2658,10.2682,24.0658
1759161383594,8.8168,14.9704,18.6168
1759161383634,-8.8168,11.5577,0.9832
1759161383674,-14.2658,1.8800,-4.4658
1759161383714,-0.0000,-8.8168,9.8000
1759161383754,14.2658,-14.7343,24.0658
1759161383794,8.8168,-12.6649,18.6168
1759161383834,-8.8168,-3.7303,0.9832
1759161383874,-14.2658,7.2263,-4.4658
1759161383914,-0.0000,14.2658,9.8000
1759161383954,14.2658,13.5724,24.0658
1759161383994,8.8168,5.5219,18.6168
1759161384034,-8.8168,-5.5219,0.9832
1759161384074,-14.2658,-13.5724,-4.4658
1759161384114,0.0000,-14.2658,9.8000
1759161384154,14.2658,-7.2263,24.0658
1759161384194,8.8168,3.7303,18.6168
1759161384234,-8.8168,12.6649,0.9832
1759161384274,-14.2658,14.7343,-4.4658
1759161384314,-0.0000,8.8168,9.8000
1759161384354,14.2658,-1.8800,24.0658
1759161384394,8.8168,-11.5577,18.6168
1759161384434,-8.8168,-14.9704,0.9832
1759161384474,-14.2658,-10.2682,-4.4658
1759161384514,-0.0000,-0.0000,9.8000
1759161384554,14.2658,10.2682,24.0658
1759161384594,8.8168,14.9704,18.6168
1759161384634,-8.8168,11.5577,0.9832
1759161384674,-14.2658,1.8800,-4.4658
1759161384714,-0.0000,-8.8168,9.8000
1759161384754,14.2658,-14.7343,24.0658
1759161384794,8.8168,-12.6649,18.6168
1759161384834,-8.8168,-3.7303,0.9832
1759161384874,-14.2658,7.2263,-4.4658
1759161384914,-0.0000,14.2658,9.8000
1759161384954,14.2658,13.5724,24.0658
1759161384994,8.8168,5.5219,18.6168
1759161385034,-8.8168,-5.5219,0.9832
1759161385074,-14.2658,-13.5724,-4.4658
1759161385114,-0.0000,-14.2658,9.8000
1759161385154,14.2658,-7.2263,24.0658
1759161385194,8.8168,3.7303,18.6168
1759161385234,-8.8168,12.6649,0.9832
1759161385274,-14.2658,14.7343,-4.4658
1759161385314,0.0000,8.8168,9.8000
1759161385354,14.2658,-1.8800,24.0658
1759161385394,8.8168,-11.5577,18.6168
1759161385434,-8.8168,-14.9704,0.9832
1759161385474,-14.2658,-10.2682,-4.4658
1759161385514,-0.0000,0.0000,9.8000
1759161385554,14.2658,10.2682,24.0658
1759161385594,8.8168,14.9704,18.6168
1759161385634,-8.8168,11.5577,0.9832
1759161385674,-14.2658,1.8800,-4.4658
1759161385714,-0.0000,-8.8168,9.8000
1759161385754,14.2658,-14.7343,24.0658
1759161385794,8.8168,-12.6649,18.6168
1759161385834,-8.8168,-3.7303,0.9832
1759161385874,-14.2658,7.2263,-4.4658
1759161385914,-0.0000,14.2658,9.8000
1759161385954,14.2658,13.5724,24.0658
1759161385994,8.8168,5.5219,18.6168
1759161386034,-8.8168,-5.5219,0.9832
1759161386074,-14.2658,-13.5724,-4.4658
1759161386114,-0.0000,-14.2658,9.8000
1759161386154,14.2658,-7.2263,24.0658
1759161386194,8.8168,3.7303,18.6168
1759161386234,-8.8168,12.6649,0.9832
1759161386274,-14.2658,14.7343,-4.4658
1759161386314,0.0000,8.8168,9.8000
1759161386354,14.2658,-1.8800,24.0658
1759161386394,8.8168,-11.5577,18.6168
1759161386434,-8.8168,-14.9704,0.9832
1759161386474,-14.2658,-10.2682,-4.4658
1759161386514,-0.0000,-0.0000,9.8000
1759161386554,14.2658,10.2682,24.0658
1759161386594,8.8168,14.9704,18.6168
1759161386634,-8.8168,11.5577,0.9832
1759161386674,-14.2658,1.8800,-4.4658
1759161386714,-0.0000,-8.8168,9.8000
1759161386754,14.2658,-14.7343,24.0658
1759161386794,8.8168,-12.6649,18.6168
1759161386834,-8.8168,-3.7303,0.9832
1759161386874,-14.2658,7.2263,-4.4658
1759161386914,-0.0000,14.2658,9.8000
1759161386954,14.2658,13.5724,24.0658
1759161386994,8.8168,5.5219,18.6168
1759161387034,-8.8168,-5.5219,0.9832
1759161387074,-14.2658,-13.5724,-4.4658
1759161387114,0.0000,-14.2658,9.8000
1759161387154,14.2658,-7.2263,24.0658
1759161387194,8.8168,3.7303,18.6168
1759161387234,-8.8168,12.6649,0.9832
1759161387274,-14.2658,14.7343,-4.4658
1759161387314,-0.0000,8.8168,9.8000
1759161387354,14.2658,-1.8800,24.0658
1759161387394,8.8168,-11.5577,18.6168
1759161387434,-8.8168,-14.9704,0.9832
1759161387474,-14.2658,-10.2682,-4.4658
1759161387514,-0.0000,-0.0000,9.8000
1759161387554,14.2658,10.2682,24.0658
1759161387594,8.8168,14.9704,18.6168
1759161387634,-8.8168,11.5577,0.9832
1759161387674,-14.2658,1.8800,-4.4658
1759161387714,-0.0000,-8.8168,9.8000
1759161387754,14.2658,-14.7343,24.0658
1759161387794,8.8168,-12.6649,18.6168
1759161387834,-8.8168,-3.7303,0.9832
1759161387874,-14.2658,7.2263,-4.4658
1759161387914,-0.0000,14.2658,9.8000
1759161387954,14.2658,13.5724,24.0658
1759161387994,8.8168,5.5219,18.6168
1759161388034,-8.8168,-5.5219,0.9832
1759161388074,-14.2658,-13.5724,-4.4658
1759161388114,0.0000,-14.2658,9.8000
1759161388154,14.2658,-7.2263,24.0658
1759161388194,8.8168,3.7303,18.6168
1759161388234,-8.8168,12.6649,0.9832
1759161388274,-14.2658,14.7343,-4.4658
1759161388314,-0.0000,8.8168,9.8000
1759161388354,14.2658,-1.8800,24.0658
1759161388394,8.8168,-11.5577,18.6168
1759161388434,-8.8168,-14.9704,0.9832
1759161388474,-14.2658,-10.2682,-4.4658
1759161388514,0.0000,-0.0000,9.8000
1759161388554,14.2658,10.2682,24.0658
1759161388594,8.8168,14.9704,18.6168
1759161388634,-8.8168,11.5577,0.9832
1759161388674,-14.2658,1.8800,-4.4658
1759161388714,-0.0000,-8.8168,9.8000
1759161388754,14.2658,-14.7343,24.0658
1759161388794,8.8168,-12.6649,18.6168
1759161388834,-8.8168,-3.7303,0.9832
1759161388874,-14.2658,7.2263,-4.4658
1759161388914,-0.0000,14.2658,9.8000
1759161388954,14.2658,13.5724,24.0658
1759161388994,8.8168,5.5219,18.6168
1759161389034,-8.8168,-5.5219,0.9832
1759161389074,-14.2658,-13.5724,-4.4658
1759161389114,0.0000,-14.2658,9.8000
1759161389154,14.2658,-7.2263,24.0658
1759161389194,8.8168,3.7303,18.6168
1759161389234,-8.8168,12.6649,0.9832
1759161389274,-14.2658,14.7343,-4.4658
1759161389314,-0.0000,8.8168,9.8000
1759161389354,14.2658,-1.8800,24.0658
1759161389394,8.8168,-11.5577,18.6168
1759161389434,-8.8168,-14.9704,0.9832
1759161389474,-14.2658,-10.2682,-4.4658
1759161389514,-0.0000,-0.0000,9.8000
1759161389554,14.2658,10.2682,24.0658
1759161389594,8.8168,14.9704,18.6168
1759161389634,-8.8168,11.5577,0.9832
1759161389674,-14.2658,1.8800,-4.4658
1759161389714,-0.0000,-8.8168,9.8000
1759161389754,14.2658,-14.7343,24.0658
1759161389794,8.8168,-12.6649,18.6168
1759161389834,-8.8168,-3.7303,0.9832
1759161389874,-14.2658,7.2263,-4.4658
1759161389914,-0.0000,14.2658,9.8000
1759161389954,14.2658,13.5724,24.0658
1759161389994,8.8168,5.5219,18.6168
1759161390034,-8.8168,-5.5219,0.9832
1759161390074,-14.2658,-13.5724,-4.4658
1759161390114,-0.0000,-14.2658,9.8000
1759161390154,14.2658,-7.2263,24.0658
1759161390194,8.8168,3.7303,18.6168
1759161390234,-8.8168,12.6649,0.9832
1759161390274,-14.2658,14.7343,-4.4658
1759161390314,0.0000,8.8168,9.8000
1759161390354,14.2658,-1.8800,24.0658
1759161390394,8.8168,-11.5577,18.6168
1759161390434,-8.8168,-14.9704,0.9832
1759161390474,-14.2658,-10.2682,-4.4658
1759161390514,-0.0000,0.0000,9.8000
1759161390554,14.2658,10.2682,24.0658
1759161390594,8.8168,14.9704,18.6168
1759161390634,-8.8168,11.5577,0.9832
1759161390674,-14.2658,1.8800,-4.4658
1759161390714,-0.0000,-8.8168,9.8000
1759161390754,14.2658,-14.7343,24.0658
1759161390794,8.8168,-12.6649,18.6168
1759161390834,-8.8168,-3.7303,0.9832
1759161390874,-14.2658,7.2263,-4.4658
1759161390914,-0.0000,14.2658,9.8000
1759161390954,14.2658,13.5724,24.0658
1759161390994,8.8168,5.5219,18.6168
1759161391034,-8.8168,-5.5219,0.9832
1759161391074,-14.2658,-13.5724,-4.4658
1759161391114,-0.0000,-14.2658,9.8000
1759161391154,14.2658,-7.2263,24.0658
1759161391194,8.8168,3.7303,18.6168
1759161391234,-8.8168,12.6649,0.9832
1759161391274,-14.2658,14.7343,-4.4658
1759161391314,0.0000,8.8168,9.8000
1759161391354,14.2658,-1.8800,24.0658
1759161391394,8.8168,-11.5577,18.6168
1759161391434,-8.8168,-14.9704,0.9832
1759161391474,-14.2658,-10.2682,-4.4658
1759161391514,-0.0000,-0.0000,9.8000
1759161391554,14.2658,10.2682,24.0658
1759161391594,8.8168,14.9704,18.6168
1759161391634,-8.8168,11.5577,0.9832
1759161391674,-14.2658,1.8800,-4.4658
1759161391714,-0.0000,-8.8168,9.8000
1759161391754,14.2658,-14.7343,24.0658
1759161391794,8.8168,-12.6649,18.6168
1759161391834,-8.8168,-3.7303,0.9832
1759161391874,-14.2658,7.2263,-4.4658
1759161391914,-0.0000,14.2658,9.8000
1759161391954,14.2658,13.5724,24.0658
1759161391994,8.8168,5.5219,18.6168
1759161392034,-8.8168,-5.5219,0.9832
1759161392074,-14.2658,-13.5724,-4.4658
1759161392114,-0.0000,-14.2658,9.8000
1759161392154,14.2658,-7.2263,24.0658
1759161392194,8.8168,3.7303,18.6168
1759161392234,-8.8168,12.6649,0.9832
1759161392274,-14.2658,14.7343,-4.4658
1759161392314,-0.0000,8.8168,9.8000
1759161392354,14.2658,-1.8800,24.0658
1759161392394,8.8168,-11.5577,18.6168
1759161392434,-8.8168,-14.9704,0.9832
1759161392474,-14.2658,-10.2682,-4.4658
1759161392514,-0.0000,-0.0000,9.8000
1759161392554,14.2658,10.2682,24.0658
1759161392594,8.8168,14.9704,18.6168
1759161392634,-8.8168,11.5577,0.9832
1759161392674,-14.2658,1.8800,-4.4658
1759161392714,-0.0000,-8.8168,9.8000
1759161392754,14.2658,-14.7343,24.0658
1759161392794,8.8168,-12.6649,18.6168
1759161392834,-8.8168,-3.7303,0.9832
1759161392874,-14.2658,7.2263,-4.4658
1759161392914,-0.0000,14.2658,9.8000
1759161392954,14.2658,13.5724,24.0658
1759161392994,8.8168,5.5219,18.6168
1759161393034,-8.8168,-5.5219,0.9832
1759161393074,-14.2658,-13.5724,-4.4658
1759161393114,0.0000,-14.2658,9.8000
1759161393154,14.2658,-7.2263,24.0658
1759161393194,8.8168,3.7303,18.6168
1759161393234,-8.8168,12.6649,0.9832
1759161393274,-14.2658,14.7343,-4.4658
1759161393314,-0.0000,8.8168,9.8000
1759161393354,14.2658,-1.8800,24.0658
1759161393394,8.8168,-11.5577,18.6168
1759161393434,-8.8168,-14.9704,0.9832
1759161393474,-14.2658,-10.2682,-4.4658
1759161393514,0.0000,-0.0000,9.8000
1759161393554,14.2658,10.2682,24.0658
1759161393594,8.8168,14.9704,18.6168
1759161393634,-8.8168,11.5577,0.9832
1759161393674,-14.2658,1.8800,-4.4658
1759161393714,-0.0000,-8.8168,9.8000
1759161393754,14.2658,-14.7343,24.0658
1759161393794,8.8168,-12.6649,18.6168
1759161393834,-8.8168,-3.7303,0.9832
1759161393874,-14.2658,7.2263,-4.4658
1759161393914,-0.0000,14.2658,9.8000
1759161393954,14.2658,13.5724,24.0658
1759161393994,8.8168,5.5219,18.6168
1759161394034,-8.8168,-5.5219,0.9832
1759161394074,-14.2658,-13.5724,-4.4658
1759161394114,0.0000,-14.2658,9.8000
1759161394154,14.2658,-7.2263,24.0658
1759161394194,8.8168,3.7303,18.6168
1759161394234,-8.8168,12.6649,0.9832
1759161394274,-14.2658,14.7343,-4.4658
1759161394314,-0.0000,8.8168,9.8000
1759161394354,14.2658,-1.8800,24.0658
1759161394394,8.8168,-11.5577,18.6168
1759161394434,-8.8168,-14.9704,0.9832
1759161394474,-14.2658,-10.2682,-4.4658
1759161394514,-0.0000,-0.0000,9.8000
1759161394554,14.2658,10.2682,24.0658
1759161394594,8.8168,14.9704,18.6168
1759161394634,-8.8168,11.5577,0.9832
1759161394674,-14.2658,1.8800,-4.4658
1759161394714,-0.0000,-8.8168,9.8000
1759161394754,14.2658,-14.7343,24.0658
1759161394794,8.8168,-12.6649,18.6168
1759161394834,-8.8168,-3.7303,0.9832
1759161394874,-14.2658,7.2263,-4.4658
1759161394914,-0.0000,14.2658,9.8000
1759161394954,14.2658,13.5724,24.0658
1759161394994,8.8168,5.5219,18.6168
1759161395034,-8.8168,-5.5219,0.9832
1759161395074,-14.2658,-13.5724,-4.4658
1759161395114,0.0000,-14.2658,9.8000
1759161395154,14.2658,-7.2263,24.0658
1759161395194,8.8168,3.7303,18.6168
1759161395234,-8.8168,12.6649,0.9832
1759161395274,-14.2658,14.7343,-4.4658
1759161395314,-0.0000,8.8168,9.8000
1759161395354,14.2658,-1.8800,24.0658
1759161395394,8.8168,-11.5577,18.6168
1759161395434,-8.8168,-14.9704,0.9832
1759161395474,-14.2658,-10.2682,-4.4658
1759161395514,-0.0000,-0.0000,9.8000
1759161395554,14.2658,10.2682,24.0658
1759161395594,8.8168,14.9704,18.6168
1759161395634,-8.8168,11.5577,0.9832
1759161395674,-14.2658,1.8800,-4.4658
1759161395714,-0.0000,-8.8168,9.8000
1759161395754,14.2658,-14.7343,24.0658
1759161395794,8.8168,-12.6649,18.6168
1759161395834,-8.8168,-3.7303,0.9832
1759161395874,-14.2658,7.2263,-4.4658
1759161395914,-0.0000,14.2658,9.8000
1759161395954,14.2658,13.5724,24.0658
1759161395994,8.8168,5.5219,18.6168
1759161396034,-8.8168,-5.5219,0.9832
1759161396074,-14.2658,-13.5724,-4.4658
1759161396114,-0.0000,-14.2658,9.8000
1759161396154,14.2658,-7.2263,24.0658
1759161396194,8.8168,3.7303,18.6168
1759161396234,-8.8168,12.6649,0.9832
1759161396274,-14.2658,14.7343,-4.4658
1759161396314,0.0000,8.8168,9.8000
1759161396354,14.2658,-1.8800,24.0658
1759161396394,8.8168,-11.5577,18.6168
1759161396434,-8.8168,-14.9704,0.9832
1759161396474,-14.2658,-10.2682,-4.4658
1759161396514,-0.0000,0.0000,9.8000
1759161396554,14.2658,10.2682,24.0658
1759161396594,8.8168,14.9704,18.6168
1759161396634,-8.8168,11.5577,0.9832
1759161396674,-14.2658,1.8800,-4.4658
1759161396714,-0.0000,-8.8168,9.8000
1759161396754,14.2658,-14.7343,24.0658
1759161396794,8.8168,-12.6649,18.6168
1759161396834,-8.8168,-3.7303,0.9832
1759161396874,-14.2658,7.2263,-4.4658
1759161396914,-0.0000,14.2658,9.8000
1759161396954,14.2658,13.5724,24.0658
1759161396994,8.8168,5.5219,18.6168
1759161397034,-8.8168,-5.5219,0.9832
1759161397074,-14.2658,-13.5724,-4.4658
1759161397114,-0.0000,-14.2658,9.8000
1759161397154,14.2658,-7.2263,24.0658
1759161397194,8.8168,3.7303,18.6168
1759161397234,-8.8168,12.6649,0.9832
1759161397274,-14.2658,14.7343,-4.4658
1759161397314,0.0000,8.8168,9.8000
1759161397354,14.2658,-1.8800,24.0658
1759161397394,8.8168,-11.5577,18.6168
1759161397434,-8.8168,-14.9704,0.9832
1759161397474,-14.2658,-10.2682,-4.4658
1759161397514,-0.0000,-0.0000,9.8000
1759161397554,14.2658,10.2682,24.0658
1759161397594,8.8168,14.9704,18.6168
1759161397634,-8.8168,11.5577,0.9832
1759161397674,-14.2658,1.8800,-4.4658
1759161397714,-0.0000,-8.8168,9.8000
1759161397754,14.2658,-14.7343,24.0658
1759161397794,8.8168,-12.6649,18.6168
1759161397834,-8.8168,-3.7303,0.9832
1759161397874,-14.2658,7.2263,-4.4658
1759161397914,-0.0000,14.2658,9.8000
1759161397954,14.2658,13.5724,24.0658
1759161397994,8.8168,5.5219,18.6168
1759161398034,-8.8168,-5.5219,0.9832
1759161398074,-14.2658,-13.5724,-4.4658
1759161398114,0.0000,-14.2658,9.8000
1759161398154,14.2658,-7.2263,24.0658
1759161398194,8.8168,3.7303,18.6168
1759161398234,-8.8168,12.6649,0.9832
1759161398274,-14.2658,14.7343,-4.4658
1759161398314,-0.0000,8.8168,9.8000
1759161398354,14.2658,-1.8800,24.0658
1759161398394,8.8168,-11.5577,18.6168
1759161398434,-8.8168,-14.9704,0.9832
1759161398474,-14.2658,-10.2682,-4.4658
1759161398514,-0.0000,-0.0000,9.8000
1759161398554,14.2658,10.2682,24.0658
1759161398594,8.8168,14.9704,18.6168
1759161398634,-8.8168,11.5577,0.9832
1759161398674,-14.2658,1.8800,-4.4658
1759161398714,-0.0000,-8.8168,9.8000
1759161398754,14.2658,-14.7343,24.0658
1759161398794,8.8168,-12.6649,18.6168
1759161398834,-8.8168,-3.7303,0.9832
1759161398874,-14.2658,7.2263,-4.4658
1759161398914,-0.0000,14.2658,9.8000
1759161398954,14.2658,13.5724,24.0658
1759161398994,8.8168,5.5219,18.6168
1759161399034,-8.8168,-5.5219,0.9832
1759161399074,-14.2658,-13.5724,-4.4658
1759161399114,0.0000,-14.2658,9.8000
1759161399154,14.2658,-7.2263,24.0658
1759161399194,8.8168,3.7303,18.6168
1759161399234,-8.8168,12.6649,0.9832
1759161399274,-14.2658,14.7343,-4.4658
1759161399314,-0.0000,8.8168,9.8000
1759161399354,14.2658,-1.8800,24.0658
1759161399394,8.8168,-11.5577,18.6168
1759161399434,-8.8168,-14.9704,0.9832
1759161399474,-14.2658,-10.2682,-4.4658
1759161399514,0.0000,-0.0000,9.8000
1759161399554,14.2658,10.2682,24.0658
1759161399594,8.8168,14.9704,18.6168
1759161399634,-8.8168,11.5577,0.9832
1759161399674,-14.2658,1.8800,-4.4658
1759161399714,-0.0000,-8.8168,9.8000
1759161399754,14.2658,-14.7343,24.0658
1759161399794,8.8168,-12.6649,18.6168
1759161399834,-8.8168,-3.7303,0.9832
1759161399874,-14.2658,7.2263,-4.4658
1759161399914,-0.0000,14.2658,9.8000
1759161399954,14.2658,13.5724,24.0658
1759161399994,8.8168,5.5219,18.6168
1759161400034,-8.8168,-5.5219,0.9832
1759161400074,-14.2658,-13.5724,-4.4658
1759161400114,0.0000,-14.2658,9.8000
1759161400154,14.2658,-7.2263,24.0658
1759161400194,8.8168,3.7303,18.6168
1759161400234,-8.8168,12.6649,0.9832
1759161400274,-14.2658,14.7343,-4.4658
1759161400314,-0.0000,8.8168,9.8000
1759161400354,14.2658,-1.8800,24.0658
1759161400394,8.8168,-11.5577,18.6168
1759161400434,-8.8168,-14.9704,0.9832
1759161400474,-14.2658,-10.2682,-4.4658
1759161400514,-0.0000,-0.0000,9.8000
1759161400554,14.2658,10.2682,24.0658
1759161400594,8.8168,14.9704,18.6168
1759161400634,-8.8168,11.5577,0.9832
1759161400674,-14.2658,1.8800,-4.4658
1759161400714,-0.0000,-8.8168,9.8000
1759161400754,14.2658,-14.7343,24.0658
1759161400794,8.8168,-12.6649,18.6168
1759161400834,-8.8168,-3.7303,0.9832
1759161400874,-14.2658,7.2263,-4.4658
1759161400914,-0.0000,14.2658,9.8000
1759161400954,14.2658,13.5724,24.0658
1759161400994,8.8168,5.5219,18.6168
1759161401034,-8.8168,-5.5219,0.9832
1759161401074,-14.2658,-13.5724,-4.4658
1759161401114,-0.0000,-14.2658,9.8000
1759161401154,14.2658,-7.2263,24.0658
1759161401194,8.8168,3.7303,18.6168
1759161401234,-8.8168,12.6649,0.9832
1759161401274,-14.2658,14.7343,-4.4658
1759161401314,0.0000,8.8168,9.8000
1759161401354,14.2658,-1.8800,24.0658
1759161401394,8.8168,-11.5577,18.6168
1759161401434,-8.8168,-14.9704,0.9832
1759161401474,-14.2658,-10.2682,-4.4658
1759161401514,-0.0000,0.0000,9.8000
1759161401554,14.2658,10.2682,24.0658
1759161401594,8.8168,14.9704,18.6168
1759161401634,-8.8168,11.5577,0.9832
1759161401674,-14.2658,1.8800,-4.4658
1759161401714,-0.0000,-8.8168,9.8000
1759161401754,14.2658,-14.7343,24.0658
1759161401794,8.8168,-12.6649,18.6168
1759161401834,-8.8168,-3.7303,0.9832
1759161401874,-14.2658,7.2263,-4.4658
1759161401914,-0.0000,14.2658,9.8000
1759161401954,14.2658,13.5724,24.0658
1759161401994,8.8168,5.5219,18.6168
1759161402034,-8.8168,-5.5219,0.9832
1759161402074,-14.2658,-13.5724,-4.4658
1759161402114,-0.0000,-14.2658,9.8000
1759161402154,14.2658,-7.2263,24.0658
1759161402194,8.8168,3.7303,18.6168
1759161402234,-8.8168,12.6649,0.9832
1759161402274,-14.2658,14.7343,-4.4658
1759161402314,0.0000,8.8168,9.8000
1759161402354,14.2658,-1.8800,24.0658
1759161402394,8.8168,-11.5577,18.6168
1759161402434,-8.8168,-14.9704,0.9832
1759161402474,-14.2658,-10.2682,-4.4658
1759161402514,-0.0000,-0.0000,9.8000
1759161402554,14.2658,10.2682,24.0658
1759161402594,8.8168,14.9704,18.6168
1759161402634,-8.8168,11.5577,0.9832
1759161402674,-14.2658,1.8800,-4.4658
1759161402714,-0.0000,-8.8168,9.8000
1759161402754,14.2658,-14.7343,24.0658
1759161402794,8.8168,-12.6649,18.6168
1759161402834,-8.8168,-3.7303,0.9832
1759161402874,-14.2658,7.2263,-4.4658
1759161402914,-0.0000,14.2658,9.8000
1759161402954,14.2658,13.5724,24.0658
1759161402994,8.8168,5.5219,18.6168
1759161403034,-8.8168,-5.5219,0.9832
1759161403074,-14.2658,-13.5724,-4.4658
1759161403114,0.0000,-14.2658,9.8000
1759161403154,14.2658,-7.2263,24.0658
1759161403194,8.8168,3.7303,18.6168
1759161403234,-8.8168,12.6649,0.9832
1759161403274,-14.2658,14.7343,-4.4658
1759161403314,-0.0000,8.8168,9.8000
1759161403354,14.2658,-1.8800,24.0658
1759161403394,8.8168,-11.5577,18.6168
1759161403434,-8.8168,-14.9704,0.9832
1759161403474,-14.2658,-10.2682,-4.4658
1759161403514,-0.0000,-0.0000,9.8000
1759161403554,14.2658,10.2682,24.0658
1759161403594,8.8168,14.9704,18.6168
1759161403634,-8.8168,11.5577,0.9832
1759161403674,-14.2658,1.8800,-4.4658
1759161403714,-0.0000,-8.8168,9.8000
1759161403754,14.2658,-14.7343,24.0658
1759161403794,8.8168,-12.6649,18.6168
1759161403834,-8.8168,-3.7303,0.9832
1759161403874,-14.2658,7.2263,-4.4658
1759161403914,-0.0000,14.2658,9.8000
1759161403954,14.2658,13.5724,24.0658
1759161403994,8.8168,5.5219,18.6168
1759161404034,-8.8168,-5.5219,0.9832
1759161404074,-14.2658,-13.5724,-4.4658
1759161404114,0.0000,-14.2658,9.8000
1759161404154,14.2658,-7.2263,24.0658
1759161404194,8.8168,3.7303,18.6168
1759161404234,-8.8168,12.6649,0.9832
1759161404274,-14.2658,14.7343,-4.4658
1759161404314,-0.0000,8.8168,9.8000
1759161404354,14.2658,-1.8800,24.0658
1759161404394,8.8168,-11.5577,18.6168
1759161404434,-8.8168,-14.9704,0.9832
1759161404474,-14.2658,-10.2682,-4.4658
1759161404514,0.0000,-0.0000,9.8000
1759161404554,14.2658,10.2682,24.0658
1759161404594,8.8168,14.9704,18.6168
1759161404634,-8.8168,11.5577,0.9832
1759161404674,-14.2658,1.8800,-4.4658
1759161404714,-0.0000,-8.8168,9.8000
1759161404754,14.2658,-14.7343,24.0658
1759161404794,8.8168,-12.6649,18.6168
1759161404834,-8.8168,-3.7303,0.9832
1759161404874,-14.2658,7.2263,-4.4658
1759161404914,-0.0000,14.2658,9.8000
1759161404954,14.2658,13.5724,24.0658
1759161404994,8.8168,5.5219,18.6168
1759161405034,-8.8168,-5.5219,0.9832
1759161405074,-14.2658,-13.5724,-4.4658
1759161405114,0.0000,-14.2658,9.8000
1759161405154,14.2658,-7.2263,24.0658
1759161405194,8.8168,3.7303,18.6168
1759161405234,-8.8168,12.6649,0.9832
1759161405274,-14.2658,14.7343,-4.4658
1759161405314,-0.0000,8.8168,9.8000
1759161405354,14.2658,-1.8800,24.0658
1759161405394,8.8168,-11.5577,18.6168
1759161405434,-8.8168,-14.9704,0.9832
1759161405474,-14.2658,-10.2682,-4.4658
1759161405514,-0.0000,-0.0000,9.8000
1759161405554,14.2658,10.2682,24.0658
1759161405594,8.8168,14.9704,18.6168
1759161405634,-8.8168,11.5577,0.9832
1759161405674,-14.2658,1.8800,-4.4658
1759161405714,-0.0000,-8.8168,9.8000
1759161405754,14.2658,-14.7343,24.0658
1759161405794,8.8168,-12.6649,18.6168
1759161405834,-8.8168,-3.7303,0.9832
1759161405874,-14.2658,7.2263,-4.4658
1759161405914,-0.0000,14.2658,9.8000
1759161405954,14.2658,13.5724,24.0658
1759161405994,8.8168,5.5219,18.6168
1759161406034,-8.8168,-5.5219,0.9832
1759161406074,-14.2658,-13.5724,-4.4658
1759161406114,0.0000,-14.2658,9.8000
1759161406154,14.2658,-7.2263,24.0658
1759161406194,8.8168,3.7303,18.6168
1759161406234,-8.8168,12.6649,0.9832
1759161406274,-14.2658,14.7343,-4.4658
1759161406314,0.0000,8.8168,9.8000
1759161406354,14.2658,-1.8800,24.0658
1759161406394,8.8168,-11.5577,18.6168
1759161406434,-8.8168,-14.9704,0.9832
1759161406474,-14.2658,-10.2682,-4.4658
1759161406514,-0.0000,-0.0000,9.8000
1759161406554,14.2658,10.2682,24.0658
1759161406594,8.8168,14.9704,18.6168
1759161406634,-8.8168,11.5577,0.9832
1759161406674,-14.2658,1.8800,-4.4658
1759161406714,-0.0000,-8.8168,9.8000
1759161406754,14.2658,-14.7343,24.0658
1759161406794,8.8168,-12.6649,18.6168
1759161406834,-8.8168,-3.7303,0.9832
1759161406874,-14.2658,7.2263,-4.4658
1759161406914,-0.0000,14.2658,9.8000
1759161406954,14.2658,13.5724,24.0658
1759161406994,8.8168,5.5219,18.6168
1759161407034,-8.8168,-5.5219,0.9832
1759161407074,-14.2658,-13.5724,-4.4658
1759161407114,-0.0000,-14.2658,9.8000
1759161407154,14.2658,-7.2263,24.0658
1759161407194,8.8168,3.7303,18.6168
1759161407234,-8.8168,12.6649,0.9832
1759161407274,-14.2658,14.7343,-4.4658
1759161407314,0.0000,8.8168,9.8000
1759161407354,14.2658,-1.8800,24.0658
1759161407394,8.8168,-11.5577,18.6168
1759161407434,-8.8168,-14.9704,0.9832
1759161407474,-14.2658,-10.2682,-4.4658
1759161407514,-0.0000,0.0000,9.8000
1759161407554,14.2658,10.2682,24.0658
1759161407594,8.8168,14.9704,18.6168
1759161407634,-8.8168,11.5577,0.9832
1759161407674,-14.2658,1.8800,-4.4658
1759161407714,-0.0000,-8.8168,9.8000
1759161407754,14.2658,-14.7343,24.0658
1759161407794,8.8168,-12.6649,18.6168
1759161407834,-8.8168,-3.7303,0.9832
1759161407874,-14.2658,7.2263,-4.4658
1759161407914,-0.0000,14.2658,9.8000
1759161407954,14.2658,13.5724,24.0658
1759161407994,8.8168,5.5219,18.6168
1759161408034,-8.8168,-5.5219,0.9832
1759161408074,-14.2658,-13.5724,-4.4658
1759161408114,-0.0000,-14.2658,9.8000
1759161408154,14.2658,-7.2263,24.0658
1759161408194,8.8168,3.7303,18.6168
1759161408234,-8.8168,12.6649,0.9832
1759161408274,-14.2658,14.7343,-4.4658
1759161408314,0.0000,8.8168,9.8000
1759161408354,14.2658,-1.8800,24.0658
1759161408394,8.8168,-11.5577,18.6168
1759161408434,-8.8168,-14.9704,0.9832
1759161408474,-14.2658,-10.2682,-4.4658
1759161408514,-0.0000,-0.0000,9.8000
1759161408554,14.2658,10.2682,24.0658
1759161408594,8.8168,14.9704,18.6168
1759161408634,-8.8168,11.5577,0.9832
1759161408674,-14.2658,1.8800,-4.4658
1759161408714,-0.0000,-8.8168,9.8000
1759161408754,14.2658,-14.7343,24.0658
1759161408794,8.8168,-12.6649,18.6168
1759161408834,-8.8168,-3.7303,0.9832
1759161408874,-14.2658,7.2263,-4.4658
1759161408914,-0.0000,14.2658,9.8000
1759161408954,14.2658,13.5724,24.0658
1759161408994,8.8168,5.5219,18.6168
1759161409034,-8.8168,-5.5219,0.9832
1759161409074,-14.2658,-13.5724,-4.4658
1759161409114,0.0000,-14.2658,9.8000
1759161409154,14.2658,-7.2263,24.0658
1759161409194,8.8168,3.7303,18.6168
1759161409234,-8.8168,12.6649,0.9832
1759161409274,-14.2658,14.7343,-4.4658
1759161409314,-0.0000,8.8168,9.8000
1759161409354,14.2658,-1.8800,24.0658
1759161409394,8.8168,-11.5577,18.6168
1759161409434,-8.8168,-14.9704,0.9832
1759161409474,-14.2658,-10.2682,-4.4658
1759161409514,-0.0000,-0.0000,9.8000
1759161409554,14.2658,10.2682,24.0658
1759161409594,8.8168,14.9704,18.6168
1759161409634,-8.8168,11.5577,0.9832
1759161409674,-14.2658,1.8800,-4.4658
1759161409714,-0.0000,-8.8168,9.8000
1759161409754,14.2658,-14.7343,24.0658
1759161409794,8.8168,-12.6649,18.6168
1759161409834,-8.8168,-3.7303,0.9832
1759161409874,-14.2658,7.2263,-4.4658
1759161409914,-0.0000,14.2658,9.8000
1759161409954,14.2658,13.5724,24.0658
1759161409994,8.8168,5.5219,18.6168
1759161410034,-8.8168,-5.5219,0.9832
1759161410074,-14.2658,-13.5724,-4.4658
1759161410114,0.0000,-14.2658,9.8000
1759161410154,14.2658,-7.2263,24.0658
1759161410194,8.8168,3.7303,18.6168
1759161410234,-8.8168,12.6649,0.9832
1759161410274,-14.2658,14.7343,-4.4658
1759161410314,-0.0000,8.8168,9.8000
1759161410354,14.2658,-1.8800,24.0658
1759161410394,8.8168,-11.5577,18.6168
1759161410434,-8.8168,-14.9704,0.9832
1759161410474,-14.2658,-10.2682,-4.4658
1759161410514,0.0000,-0.0000,9.8000
1759161410554,14.2658,10.2682,24.0658
1759161410594,8.8168,14.9704,18.6168
1759161410634,-8.8168,11.5577,0.9832
1759161410674,-14.2658,1.8800,-4.4658
1759161410714,-0.0000,-8.8168,9.8000
1759161410754,14.2658,-14.7343,24.0658
1759161410794,8.8168,-12.6649,18.6168
1759161410834,-8.8168,-3.7303,0.9832
1759161410874,-14.2658,7.2263,-4.4658
1759161410914,-0.0000,14.2658,9.8000
1759161410954,14.2658,13.5724,24.0658
1759161410994,8.8168,5.5219,18.6168
1759161411034,-8.8168,-5.5219,0.9832
1759161411074,-14.2658,-13.5724,-4.4658
1759161411114,0.0000,-14.2658,9.8000
1759161411154,14.2658,-7.2263,24.0658
1759161411194,8.8168,3.7303,18.6168
1759161411234,-8.8168,12.6649,0.9832
1759161411274,-14.2658,14.7343,-4.4658
1759161411314,-0.0000,8.8168,9.8000
1759161411354,14.2658,-1.8800,24.0658
1759161411394,8.8168,-11.5577,18.6168
1759161411434,-8.8168,-14.9704,0.9832
1759161411474,-14.2658,-10.2682,-4.4658
1759161411514,-0.0000,-0.0000,9.8000
1759161411554,14.2658,10.2682,24.0658
1759161411594,8.8168,14.9704,18.6168
1759161411634,-8.8168,11.5577,0.9832
1759161411674,-14.2658,1.8800,-4.4658
1759161411714,-0.0000,-8.8168,9.8000
1759161411754,14.2658,-14.7343,24.0658
1759161411794,8.8168,-12.6649,18.6168
1759161411834,-8.8168,-3.7303,0.9832
1759161411874,-14.2658,7.2263,-4.4658
1759161411914,-0.0000,14.2658,9.8000
1759161411954,14.2658,13.5724,24.0658
1759161411994,8.8168,5.5219,18.6168
1759161412034,-8.8168,-5.5219,0.9832
1759161412074,-14.2658,-13.5724,-4.4658
1759161412114,-0.0000,-14.2658,9.8000
1759161412154,14.2658,-7.2263,24.0658
1759161412194,8.8168,3.7303,18.6168
1759161412234,-8.8168,12.6649,0.9832
1759161412274,-14.2658,14.7343,-4.4658
1759161412314,0.0000,8.8168,9.8000
1759161412354,14.2658,-1.8800,24.0658
1759161412394,8.8168,-11.5577,18.6168
1759161412434,-8.8168,-14.9704,0.9832
1759161412474,-14.2658,-10.2682,-4.4658
1759161412514,-0.0000,-0.0000,9.8000
1759161412554,14.2658,10.2682,24.0658
1759161412594,8.8168,14.9704,18.6168
1759161412634,-8.8168,11.5577,0.9832
1759161412674,-14.2658,1.8800,-4.4658
1759161412714,-0.0000,-8.8168,9.8000
1759161412754,14.2658,-14.7343,24.0658
1759161412794,8.8168,-12.6649,18.6168
1759161412834,-8.8168,-3.7303,0.9832
1759161412874,-14.2658,7.2263,-4.4658
1759161412914,-0.0000,14.2658,9.8000
1759161412954,14.2658,13.5724,24.0658
1759161412994,8.8168,5.5219,18.6168
1759161413034,-8.8168,-5.5219,0.9832
1759161413074,-14.2658,-13.5724,-4.4658
1759161413114,-0.0000,-14.2658,9.8000
1759161413154,14.2658,-7.2263,24.0658
1759161413194,8.8168,3.7303,18.6168
1759161413234,-8.8168,12.6649,0.9832
1759161413274,-14.2658,14.7343,-4.4658
1759161413314,0.0000,8.8168,9.8000
1759161413354,14.2658,-1.8800,24.0658
1759161413394,8.8168,-11.5577,18.6168
1759161413434,-8.8168,-14.9704,0.9832
1759161413474,-14.2658,-10.2682,-4.4658
1759161413514,-0.0000,0.0000,9.8000
1759161413554,14.2658,10.2682,24.0658
1759161413594,8.8168,14.9704,18.6168
1759161413634,-8.8168,11.5577,0.9832
1759161413674,-14.2658,1.8800,-4.4658
1759161413714,-0.0000,-8.8168,9.8000
1759161413754,14.2658,-14.7343,24.0658
1759161413794,8.8168,-12.6649,18.6168
1759161413834,-8.8168,-3.7303,0.9832
1759161413874,-14.2658,7.2263,-4.4658
1759161413914,-0.0000,14.2658,9.8000
1759161413954,14.2658,13.5724,24.0658
1759161413994,8.8168,5.5219,18.6168
1759161414034,-8.8168,-5.5219,0.9832
1759161414074,-14.2658,-13.5724,-4.4658
1759161414114,0.0000,-14.2658,9.8000
1759161414154,14.2658,-7.2263,24.0658
1759161414194,8.8168,3.7303,18.6168
1759161414234,-8.8168,12.6649,0.9832
1759161414274,-14.2658,14.7343,-4.4658
1759161414314,-0.0000,8.8168,9.8000
1759161414354,14.2658,-1.8800,24.0658
1759161414394,8.8168,-11.5577,18.6168
1759161414434,-8.8168,-14.9704,0.9832
1759161414474,-14.2658,-10.2682,-4.4658
1759161414514,-0.0000,0.0000,9.8000
1759161414554,14.2658,10.2682,24.0658
1759161414594,8.8168,14.9704,18.6168
1759161414634,-8.8168,11.5577,0.9832
1759161414674,-14.2658,1.8800,-4.4658
1759161414714,-0.0000,-8.8168,9.8000
1759161414754,14.2658,-14.7343,24.0658
1759161414794,8.8168,-12.6649,18.6168
1759161414834,-8.8168,-3.7303,0.9832
1759161414874,-14.2658,7.2263,-4.4658
1759161414914,-0.0000,14.2658,9.8000
1759161414954,14.2658,13.5724,24.0658
1759161414994,8.8168,5.5219,18.6168
1759161415034,-8.8168,-5.5219,0.9832
1759161415074,-14.2658,-13.5724,-4.4658
1759161415114,0.0000,-14.2658,9.8000
1759161415154,14.2658,-7.2263,24.0658
1759161415194,8.8168,3.7303,18.6168
1759161415234,-8.8168,12.6649,0.9832
1759161415274,-14.2658,14.7343,-4.4658
1759161415314,-0.0000,8.8168,9.8000
1759161415354,14.2658,-1.8800,24.0658
1759161415394,8.8168,-11.5577,18.6168
1759161415434,-8.8168,-14.9704,0.9832
1759161415474,-14.2658,-10.2682,-4.4658
1759161415514,0.0000,0.0000,9.8000
1759161415554,14.2658,10.2682,24.0658
1759161415594,8.8168,14.9704,18.6168
1759161415634,-8.8168,11.5577,0.9832
1759161415674,-14.2658,1.8800,-4.4658
1759161415714,-0.0000,-8.8168,9.8000
1759161415754,14.2658,-14.7343,24.0658
1759161415794,8.8168,-12.6649,18.6168
1759161415834,-8.8168,-3.7303,0.9832
1759161415874,-14.2658,7.2263,-4.4658
1759161415914,-0.0000,14.2658,9.8000
1759161415954,14.2658,13.5724,24.0658
1759161415994,8.8168,5.5219,18.6168
1759161416034,-8.8168,-5.5219,0.9832
1759161416074,-14.2658,-13.5724,-4.4658
1759161416114,0.0000,-14.2658,9.8000
1759161416154,14.2658,-7.2263,24.0658
1759161416194,8.8168,3.7303,18.6168
1759161416234,-8.8168,12.6649,0.9832
1759161416274,-14.2658,14.7343,-4.4658
1759161416314,-0.0000,8.8168,9.8000
1759161416354,14.2658,-1.8800,24.0658
1759161416394,8.8168,-11.5577,18.6168
1759161416434,-8.8168,-14.9704,0.9832
1759161416474,-14.2658,-10.2682,-4.4658
1759161416514,-0.0000,-0.0000,9.8000
1759161416554,14.2658,10.2682,24.0658
1759161416594,8.8168,14.9704,18.6168
1759161416634,-8.8168,11.5577,0.9832
1759161416674,-14.2658,1.8800,-4.4658
1759161416714,-0.0000,-8.8168,9.8000
1759161416754,14.2658,-14.7343,24.0658
1759161416794,8.8168,-12.6649,18.6168
1759161416834,-8.8168,-3.7303,0.9832
1759161416874,-14.2658,7.2263,-4.4658
1759161416914,-0.0000,14.2658,9.8000
1759161416954,14.2658,13.5724,24.0658
1759161416994,8.8168,5.5219,18.6168
1759161417034,-8.8168,-5.5219,0.9832
1759161417074,-14.2658,-13.5724,-4.4658
1759161417114,0.0000,-14.2658,9.8000
1759161417154,14.2658,-7.2263,24.0658
1759161417194,8.8168,3.7303,18.6168
1759161417234,-8.8168,12.6649,0.9832
1759161417274,-14.2658,14.7343,-4.4658
1759161417314,0.0000,8.8168,9.8000
1759161417354,14.2658,-1.8800,24.0658
1759161417394,8.8168,-11.5577,18.6168
1759161417434,-8.8168,-14.9704,0.9832
1759161417474,-14.2658,-10.2682,-4.4658
1759161417514,-0.0000,-0.0000,9.8000
1759161417554,14.2658,10.2682,24.0658
1759161417594,8.8168,14.9704,18.6168
1759161417634,-8.8168,11.5577,0.9832
1759161417674,-14.2658,1.8800,-4.4658
1759161417714,-0.0000,-8.8168,9.8000
1759161417754,14.2658,-14.7343,24.0658
1759161417794,8.8168,-12.6649,18.6168
1759161417834,-8.8168,-3.7303,0.9832
1759161417874,-14.2658,7.2263,-4.4658
1759161417914,-0.0000,14.2658,9.8000
1759161417954,14.2658,13.5724,24.0658
1759161417994,8.8168,5.5219,18.6168
1759161418034,-8.8168,-5.5219,0.9832
1759161418074,-14.2658,-13.5724,-4.4658
1759161418114,-0.0000,-14.2658,9.8000
1759161418154,14.2658,-7.2263,24.0658
1759161418194,8.8168,3.7303,18.6168
1759161418234,-8.8168,12.6649,0.9832
1759161418274,-14.2658,14.7343,-4.4658
1759161418314,0.0000,8.8168,9.8000
1759161418354,14.2658,-1.8800,24.0658
1759161418394,8.8168,-11.5577,18.6168
1759161418434,-8.8168,-14.9704,0.9832
1759161418474,-14.2658,-10.2682,-4.4658
1759161418514,-0.0000,-0.0000,9.8000
1759161418554,14.2658,10.2682,24.0658
1759161418594,8.8168,14.9704,18.6168
1759161418634,-8.8168,11.5577,0.9832
1759161418674,-14.2658,1.8800,-4.4658
1759161418714,-0.0000,-8.8168,9.8000
1759161418754,14.2658,-14.7343,24.0658
1759161418794,8.8168,-12.6649,18.6168
1759161418834,-8.8168,-3.7303,0.9832
1759161418874,-14.2658,7.2263,-4.4658
1759161418914,-0.0000,14.2658,9.8000
1759161418954,14.2658,13.5724,24.0658
1759161418994,8.8168,5.5219,18.6168
1759161419034,-8.8168,-5.5219,0.9832
1759161419074,-14.2658,-13.5724,-4.4658
1759161419114,-0.0000,-14.2658,9.8000
1759161419154,14.2658,-7.2263,24.0658
1759161419194,8.8168,3.7303,18.6168
1759161419234,-8.8168,12.6649,0.9832
1759161419274,-14.2658,14.7343,-4.4658
1759161419314,0.0000,8.8168,9.8000
1759161419354,14.2658,-1.8800,24.0658
1759161419394,8.8168,-11.5577,18.6168
1759161419434,-8.8168,-14.9704,0.9832
1759161419474,-14.2658,-10.2682,-4.4658
1759161419514,-0.0000,-0.0000,9.8000
1759161419554,14.2658,10.2682,24.0658
1759161419594,8.8168,14.9704,18.6168
1759161419634,-8.8168,11.5577,0.9832
1759161419674,-14.2658,1.8800,-4.4658
1759161419714,-0.0000,-8.8168,9.8000
1759161419754,14.2658,-14.7343,24.0658
1759161419794,8.8168,-12.6649,18.6168
1759161419834,-8.8168,-3.7303,0.9832
1759161419874,-14.2658,7.2263,-4.4658
1759161419914,-0.0000,14.2658,9.8000
1759161419954,14.2658,13.5724,24.0658
1759161419994,8.8168,5.5219,18.6168
1759161420034,-8.8168,-5.5219,0.9832
1759161420074,-14.2658,-13.5724,-4.4658
1759161420114,0.0000,-14.2658,9.8000
1759161420154,14.2658,-7.2263,24.0658
1759161420194,8.8168,3.7303,18.6168
1759161420234,-8.8168,12.6649,0.9832
1759161420274,-14.2658,14.7343,-4.4658
1759161420314,-0.0000,8.8168,9.8000
1759161420354,14.2658,-1.8800,24.0658
1759161420394,8.8168,-11.5577,18.6168
1759161420434,-8.8168,-14.9704,0.9832
1759161420474,-14.2658,-10.2682,-4.4658
1759161420514,0.0000,-0.0000,9.8000
1759161420554,14.2658,10.2682,24.0658
1759161420594,8.8168,14.9704,18.6168
1759161420634,-8.8168,11.5577,0.9832
1759161420674,-14.2658,1.8800,-4.4658
1759161420714,-0.0000,-8.8168,9.8000
1759161420754,14.2658,-14.7343,24.0658
1759161420794,8.8168,-12.6649,18.6168
1759161420834,-8.8168,-3.7303,0.9832
1759161420874,-14.2658,7.2263,-4.4658
1759161420914,-0.0000,14.2658,9.8000
1759161420954,14.2658,13.5724,24.0658
1759161420994,8.8168,5.5219,18.6168
1759161421034,-8.8168,-5.5219,0.9832
1759161421074,-14.2658,-13.5724,-4.4658
1759161421114,0.0000,-14.2658,9.8000
1759161421154,14.2658,-7.2263,24.0658
1759161421194,8.8168,3.7303,18.6168
1759161421234,-8.8168,12.6649,0.9832
1759161421274,-14.2658,14.7343,-4.4658
1759161421314,-0.0000,8.8168,9.8000
1759161421354,14.2658,-1.8800,24.0658
1759161421394,8.8168,-11.5577,18.6168
1759161421434,-8.8168,-14.9704,0.9832
1759161421474,-14.2658,-10.2682,-4.4658
1759161421514,0.0000,-0.0000,9.8000
1759161421554,14.2658,10.2682,24.0658
1759161421594,8.8168,14.9704,18.6168
1759161421634,-8.8168,11.5577,0.9832
1759161421674,-14.2658,1.8800,-4.4658
1759161421714,-0.0000,-8.8168,9.8000
1759161421754,14.2658,-14.7343,24.0658
1759161421794,8.8168,-12.6649,18.6168
1759161421834,-8.8168,-3.7303,0.9832
1759161421874,-14.2658,7.2263,-4.4658
1759161421914,-0.0000,14.2658,9.8000
1759161421954,14.2658,13.5724,24.0658
1759161421994,8.8168,5.5219,18.6168
1759161422034,-8.8168,-5.5219,0.9832
1759161422074,-14.2658,-13.5724,-4.4658
1759161422114,0.0000,-14.2658,9.8000
1759161422154,14.2658,-7.2263,24.0658
1759161422194,8.8168,3.7303,18.6168
1759161422234,-8.8168,12.6649,0.9832
1759161422274,-14.2658,14.7343,-4.4658
1759161422314,-0.0000,8.8168,9.8000
1759161422354,14.2658,-1.8800,24.0658
1759161422394,8.8168,-11.5577,18.6168
1759161422434,-8.8168,-14.9704,0.9832
1759161422474,-14.2658,-10.2682,-4.4658
1759161422514,-0.0000,-0.0000,9.8000
1759161422554,14.2658,10.2682,24.0658
1759161422594,8.8168,14.9704,18.6168
1759161422634,-8.8168,11.5577,0.9832
1759161422674,-14.2658,1.8800,-4.4658
1759161422714,-0.0000,-8.8168,9.8000
1759161422754,14.2658,-14.7343,24.0658
1759161422794,8.8168,-12.6649,18.6168
1759161422834,-8.8168,-3.7303,0.9832
1759161422874,-14.2658,7.2263,-4.4658
1759161422914,-0.0000,14.2658,9.8000
1759161422954,14.2658,13.5724,24.0658
1759161422994,8.8168,5.5219,18.6168
1759161423034,-8.8168,-5.5219,0.9832
1759161423074,-14.2658,-13.5724,-4.4658
1759161423114,-0.0000,-14.2658,9.8000
1759161423154,14.2658,-7.2263,24.0658
1759161423194,8.8168,3.7303,18.6168
1759161423234,-8.8168,12.6649,0.9832
1759161423274,-14.2658,14.7343,-4.4658
1759161423314,0.0000,8.8168,9.8000
1759161423354,14.2658,-1.8800,24.0658
1759161423394,8.8168,-11.5577,18.6168
1759161423434,-8.8168,-14.9704,0.9832
1759161423474,-14.2658,-10.2682,-4.4658
1759161423514,-0.0000,-0.0000,9.8000
1759161423554,14.2658,10.2682,24.0658
1759161423594,8.8168,14.9704,18.6168
1759161423634,-8.8168,11.5577,0.9832
1759161423674,-14.2658,1.8800,-4.4658
1759161423714,-0.0000,-8.8168,9.8000
1759161423754,14.2658,-14.7343,24.0658
1759161423794,8.8168,-12.6649,18.6168
1759161423834,-8.8168,-3.7303,0.9832
1759161423874,-14.2658,7.2263,-4.4658
1759161423914,-0.0000,14.2658,9.8000
1759161423954,14.2658,13.5724,24.0658
1759161423994,8.8168,5.5219,18.6168
1759161424034,-8.8168,-5.5219,0.9832
1759161424074,-14.2658,-13.5724,-4.4658
1759161424114,-0.0000,-14.2658,9.8000
1759161424154,14.2658,-7.2263,24.0658
1759161424194,8.8168,3.7303,18.6168
1759161424234,-8.8168,12.6649,0.9832
1759161424274,-14.2658,14.7343,-4.4658
1759161424314,0.0000,8.8168,9.8000
1759161424354,14.2658,-1.8800,24.0658
1759161424394,8.8168,-11.5577,18.6168
1759161424434,-8.8168,-14.9704,0.9832
1759161424474,-14.2658,-10.2682,-4.4658
1759161424514,-0.0000,0.0000,9.8000
1759161424554,14.2658,10.2682,24.0658
1759161424594,8.8168,14.9704,18.6168
1759161424634,-8.8168,11.5577,0.9832
1759161424674,-14.2658,1.8800,-4.4658
1759161424714,-0.0000,-8.8168,9.8000
1759161424754,14.2658,-14.7343,24.0658
1759161424794,8.8168,-12.6649,18.6168
1759161424834,-8.8168,-3.7303,0.9832
1759161424874,-14.2658,7.2263,-4.4658
1759161424914,-0.0000,14.2658,9.8000
1759161424954,14.2658,13.5724,24.0658
1759161424994,8.8168,5.5219,18.6168
1759161425034,-8.8168,-5.5219,0.9832
1759161425074,-14.2658,-13.5724,-4.4658
1759161425114,0.0000,-14.2658,9.8000
1759161425154,14.2658,-7.2263,24.0658
1759161425194,8.8168,3.7303,18.6168
1759161425234,-8.8168,12.6649,0.9832
1759161425274,-14.2658,14.7343,-4.4658
1759161425314,-0.0000,8.8168,9.8000
1759161425354,14.2658,-1.8800,24.0658
1759161425394,8.8168,-11.5577,18.6168
1759161425434,-8.8168,-14.9704,0.9832
1759161425474,-14.2658,-10.2682,-4.4658
1759161425514,-0.0000,0.0000,9.8000
1759161425554,14.2658,10.2682,24.0658
1759161425594,8.8168,14.9704,18.6168
1759161425634,-8.8168,11.5577,0.9832
1759161425674,-14.2658,1.8800,-4.4658
1759161425714,-0.0000,-8.8168,9.8000
1759161425754,14.2658,-14.7343,24.0658
1759161425794,8.8168,-12.6649,18.6168
1759161425834,-8.8168,-3.7303,0.9832
1759161425874,-14.2658,7.2263,-4.4658
1759161425914,-0.0000,14.2658,9.8000
1759161425954,14.2658,13.5724,24.0658
1759161425994,8.8168,5.5219,18.6168
1759161426034,-8.8168,-5.5219,0.9832
1759161426074,-14.2658,-13.5724,-4.4658
1759161426114,0.0000,-14.2658,9.8000
1759161426154,14.2658,-7.2263,24.0658
1759161426194,8.8168,3.7303,18.6168
1759161426234,-8.8168,12.6649,0.9832
1759161426274,-14.2658,14.7343,-4.4658
1759161426314,-0.0000,8.8168,9.8000
1759161426354,14.2658,-1.8800,24.0658
1759161426394,8.8168,-11.5577,18.6168
1759161426434,-8.8168,-14.9704,0.9832
1759161426474,-14.2658,-10.2682,-4.4658
1759161426514,0.0000,0.0000,9.8000
1759161426554,14.2658,10.2682,24.0658
1759161426594,8.8168,14.9704,18.6168
1759161426634,-8.8168,11.5577,0.9832
1759161426674,-14.2658,1.8800,-4.4658
1759161426714,-0.0000,-8.8168,9.8000
1759161426754,14.2658,-14.7343,24.0658
1759161426794,8.8168,-12.6649,18.6168
1759161426834,-8.8168,-3.7303,0.9832
1759161426874,-14.2658,7.2263,-4.4658
1759161426914,-0.0000,14.2658,9.8000
1759161426954,14.2658,13.5724,24.0658
1759161426994,8.8168,5.5219,18.6168
1759161427034,-8.8168,-5.5219,0.9832
1759161427074,-14.2658,-13.5724,-4.4658
1759161427114,0.0000,-14.2658,9.8000
1759161427154,14.2658,-7.2263,24.0658
1759161427194,8.8168,3.7303,18.6168
1759161427234,-8.8168,12.6649,0.9832
1759161427274,-14.2658,14.7343,-4.4658
1759161427314,-0.0000,8.8168,9.8000
1759161427354,14.2658,-1.8800,24.0658
1759161427394,8.8168,-11.5577,18.6168
1759161427434,-8.8168,-14.9704,0.9832
1759161427474,-14.2658,-10.2682,-4.4658
1759161427514,-0.0000,-0.0000,9.8000
1759161427554,14.2658,10.2682,24.0658
1759161427594,8.8168,14.9704,18.6168
1759161427634,-8.8168,11.5577,0.9832
1759161427674,-14.2658,1.8800,-4.4658
1759161427714,-0.0000,-8.8168,9.8000
1759161427754,14.2658,-14.7343,24.0658
1759161427794,8.8168,-12.6649,18.6168
1759161427834,-8.8168,-3.7303,0.9832
1759161427874,-14.2658,7.2263,-4.4658
1759161427914,-0.0000,14.2658,9.8000
1759161427954,14.2658,13.5724,24.0658
1759161427994,8.8168,5.5219,18.6168
1759161428034,-8.8168,-5.5219,0.9832
1759161428074,-14.2658,-13.5724,-4.4658
1759161428114,-0.0000,-14.2658,9.8000
1759161428154,14.2658,-7.2263,24.0658
1759161428194,8.8168,3.7303,18.6168
1759161428234,-8.8168,12.6649,0.9832
1759161428274,-14.2658,14.7343,-4.4658
1759161428314,0.0000,8.8168,9.8000
1759161428354,14.2658,-1.8800,24.0658
1759161428394,8.8168,-11.5577,18.6168
1759161428434,-8.8168,-14.9704,0.9832
1759161428474,-14.2658,-10.2682,-4.4658
1759161428514,-0.0000,-0.0000,9.8000
1759161428554,14.2658,10.2682,24.0658
1759161428594,8.8168,14.9704,18.6168
1759161428634,-8.8168,11.5577,0.9832
1759161428674,-14.2658,1.8800,-4.4658
1759161428714,-0.0000,-8.8168,9.8000
1759161428754,14.2658,-14.7343,24.0658
1759161428794,8.8168,-12.6649,18.6168
1759161428834,-8.8168,-3.7303,0.9832
1759161428874,-14.2658,7.2263,-4.4658
1759161428914,-0.0000,14.2658,9.8000
1759161428954,14.2658,13.5724,24.0658
1759161428994,8.8168,5.5219,18.6168
1759161429034,-8.8168,-5.5219,0.9832
1759161429074,-14.2658,-13.5724,-4.4658
1759161429114,-0.0000,-14.2658,9.8000
1759161429154,14.2658,-7.2263,24.0658
1759161429194,8.8168,3.7303,18.6168
1759161429234,-8.8168,12.6649,0.9832
1759161429274,-14.2658,14.7343,-4.4658
1759161429314,0.0000,8.8168,9.8000
1759161429354,14.2658,-1.8800,24.0658
1759161429394,8.8168,-11.5577,18.6168
1759161429434,-8.8168,-14.9704,0.9832
1759161429474,-14.2658,-10.2682,-4.4658
1759161429514,-0.0000,-0.0000,9.8000
1759161429554,14.2658,10.2682,24.0658
1759161429594,8.8168,14.9704,18.6168
1759161429634,-8.8168,11.5577,0.9832
1759161429674,-14.2658,1.8800,-4.4658
1759161429714,-0.0000,-8.8168,9.8000
1759161429754,14.2658,-14.7343,24.0658
1759161429794,8.8168,-12.6649,18.6168
1759161429834,-8.8168,-3.7303,0.9832
1759161429874,-14.2658,7.2263,-4.4658
1759161429914,-0.0000,14.2658,9.8000
1759161429954,14.2658,13.5724,24.0658
1759161429994,8.8168,5.5219,18.6168
1759161430034,-8.8168,-5.5219,0.9832
1759161430074,-14.2658,-13.5724,-4.4658
1759161430114,-0.0000,-14.2658,9.8000
1759161430154,14.2658,-7.2263,24.0658
1759161430194,8.8168,3.7303,18.6168
1759161430234,-8.8168,12.6649,0.9832
1759161430274,-14.2658,14.7343,-4.4658
1759161430314,-0.0000,8.8168,9.8000
1759161430354,14.2658,-1.8800,24.0658
1759161430394,8.8168,-11.5577,18.6168
1759161430434,-8.8168,-14.9704,0.9832
1759161430474,-14.2658,-10.2682,-4.4658
1759161430514,-0.0000,-0.0000,9.8000
1759161430554,14.2658,10.2682,24.0658
1759161430594,8.8168,14.9704,18.6168
1759161430634,-8.8168,11.5577,0.9832
1759161430674,-14.2658,1.8800,-4.4658
1759161430714,-0.0000,-8.8168,9.8000
1759161430754,14.2658,-14.7343,24.0658
1759161430794,8.8168,-12.6649,18.6168
1759161430834,-8.8168,-3.7303,0.9832
1759161430874,-14.2658,7.2263,-4.4658
1759161430914,-0.0000,14.2658,9.8000
1759161430954,14.2658,13.5724,24.0658
1759161430994,8.8168,5.5219,18.6168
1759161431034,-8.8168,-5.5219,0.9832
1759161431074,-14.2658,-13.5724,-4.4658
1759161431114,0.0000,-14.2658,9.8000
1759161431154,14.2658,-7.2263,24.0658
1759161431194,8.8168,3.7303,18.6168
1759161431234,-8.8168,12.6649,0.9832
1759161431274,-14.2658,14.7343,-4.4658
1759161431314,-0.0000,8.8168,9.8000
1759161431354,14.2658,-1.8800,24.0658
1759161431394,8.8168,-11.5577,18.6168
1759161431434,-8.8168,-14.9704,0.9832
1759161431474,-14.2658,-10.2682,-4.4658
1759161431514,0.0000,-0.0000,9.8000
1759161431554,14.2658,10.2682,24.0658
1759161431594,8.8168,14.9704,18.6168
1759161431634,-8.8168,11.5577,0.9832
1759161431674,-14.2658,1.8800,-4.4658
1759161431714,-0.0000,-8.8168,9.8000
1759161431754,14.2658,-14.7343,24.0658
1759161431794,8.8168,-12.6649,18.6168
1759161431834,-8.8168,-3.7303,0.9832
1759161431874,-14.2658,7.2263,-4.4658
1759161431914,-0.0000,14.2658,9.8000
1759161431954,14.2658,13.5724,24.0658
1759161431994,8.8168,5.5219,18.6168
1759161432034,-8.8168,-5.5219,0.9832
1759161432074,-14.2658,-13.5724,-4.4658
1759161432114,0.0000,-14.2658,9.8000
1759161432154,14.2658,-7.2263,24.0658
1759161432194,8.8168,3.7303,18.6168
1759161432234,-8.8168,12.6649,0.9832
1759161432274,-14.2658,14.7343,-4.4658
1759161432314,-0.0000,8.8168,9.8000
1759161432354,14.2658,-1.8800,24.0658
1759161432394,8.8168,-11.5577,18.6168
1759161432434,-8.8168,-14.9704,0.9832
1759161432474,-14.2658,-10.2682,-4.4658
1759161432514,-0.0000,-0.0000,9.8000
1759161432554,14.2658,10.2682,24.0658
1759161432594,8.8168,14.9704,18.6168
1759161432634,-8.8168,11.5577,0.9832
1759161432674,-14.2658,1.8800,-4.4658
1759161432714,-0.0000,-8.8168,9.8000
1759161432754,14.2658,-14.7343,24.0658
1759161432794,8.8168,-12.6649,18.6168
1759161432834,-8.8168,-3.7303,0.9832
1759161432874,-14.2658,7.2263,-4.4658
1759161432914,-0.0000,14.2658,9.8000
1759161432954,14.2658,13.5724,24.0658
1759161432994,8.8168,5.5219,18.6168
1759161433034,-8.8168,-5.5219,0.9832
1759161433074,-14.2658,-13.5724,-4.4658
1759161433114,0.0000,-14.2658,9.8000
1759161433154,14.2658,-7.2263,24.0658
1759161433194,8.8168,3.7303,18.6168
1759161433234,-8.8168,12.6649,0.9832
1759161433274,-14.2658,14.7343,-4.4658
1759161433314,-0.0000,8.8168,9.8000
1759161433354,14.2658,-1.8800,24.0658
1759161433394,8.8168,-11.5577,18.6168
1759161433434,-8.8168,-14.9704,0.9832
1759161433474,-14.2658,-10.2682,-4.4658
1759161433514,-0.0000,-0.0000,9.8000
1759161433554,14.2658,10.2682,24.0658
1759161433594,8.8168,14.9704,18.6168
1759161433634,-8.8168,11.5577,0.9832
1759161433674,-14.2658,1.8800,-4.4658
1759161433714,-0.0000,-8.8168,9.8000
1759161433754,14.2658,-14.7343,24.0658
1759161433794,8.8168,-12.6649,18.6168
1759161433834,-8.8168,-3.7303,0.9832
1759161433874,-14.2658,7.2263,-4.4658
1759161433914,-0.0000,14.2658,9.8000
1759161433954,14.2658,13.5724,24.0658
1759161433994,8.8168,5.5219,18.6168
1759161434034,-8.8168,-5.5219,0.9832
1759161434074,-14.2658,-13.5724,-4.4658
1759161434114,-0.0000,-14.2658,9.8000
1759161434154,14.2658,-7.2263,24.0658
1759161434194,8.8168,3.7303,18.6168
1759161434234,-8.8168,12.6649,0.9832
1759161434274,-14.2658,14.7343,-4.4658
1759161434314,0.0000,8.8168,9.8000
1759161434354,14.2658,-1.8800,24.0658
1759161434394,8.8168,-11.5577,18.6168
1759161434434,-8.8168,-14.9704,0.9832
1759161434474,-14.2658,-10.2682,-4.4658
1759161434514,-0.0000,-0.0000,9.8000
1759161434554,14.2658,10.2682,24.0658
1759161434594,8.8168,14.9704,18.6168
1759161434634,-8.8168,11.5577,0.9832
1759161434674,-14.2658,1.8800,-4.4658
1759161434714,-0.0000,-8.8168,9.8000
1759161434754,14.2658,-14.7343,24.0658
1759161434794,8.8168,-12.6649,18.6168
1759161434834,-8.8168,-3.7303,0.9832
1759161434874,-14.2658,7.2263,-4.4658
1759161434914,-0.0000,14.2658,9.8000
1759161434954,14.2658,13.5724,24.0658
1759161434994,8.8168,5.5219,18.6168
1759161435034,-8.8168,-5.5219,0.9832
1759161435074,-14.2658,-13.5724,-4.4658
1759161435114,-0.0000,-14.2658,9.8000
1759161435154,14.2658,-7.2263,24.0658
1759161435194,8.8168,3.7303,18.6168
1759161435234,-8.8168,12.6649,0.9832
1759161435274,-14.2658,14.7343,-4.4658
1759161435314,0.0000,8.8168,9.8000
1759161435354,14.2658,-1.8800,24.0658
1759161435394,8.8168,-11.5577,18.6168
1759161435434,-8.8168,-14.9704,0.9832
1759161435474,-14.2658,-10.2682,-4.4658
1759161435514,-0.0000,0.0000,9.8000
1759161435554,14.2658,10.2682,24.0658
1759161435594,8.8168,14.9704,18.6168
1759161435634,-8.8168,11.5577,0.9832
1759161435674,-14.2658,1.8800,-4.4658
1759161435714,-0.0000,-8.8168,9.8000
1759161435754,14.2658,-14.7343,24.0658
1759161435794,8.8168,-12.6649,18.6168
1759161435834,-8.8168,-3.7303,0.9832
1759161435874,-14.2658,7.2263,-4.4658
1759161435914,-0.0000,14.2658,9.8000
1759161435954,14.2658,13.5724,24.0658
1759161435994,8.8168,5.5219,18.6168
1759161436034,-8.8168,-5.5219,0.9832
1759161436074,-14.2658,-13.5724,-4.4658
1759161436114,0.0000,-14.2658,9.8000
1759161436154,14.2658,-7.2263,24.0658
1759161436194,8.8168,3.7303,18.6168
1759161436234,-8.8168,12.6649,0.9832
1759161436274,-14.2658,14.7343,-4.4658
1759161436314,-0.0000,8.8168,9.8000
1759161436354,14.2658,-1.8800,24.0658
1759161436394,8.8168,-11.5577,18.6168
1759161436434,-8.8168,-14.9704,0.9832
1759161436474,-14.2658,-10.2682,-4.4658
1759161436514,-0.0000,0.0000,9.8000
1759161436554,14.2658,10.2682,24.0658
1759161436594,8.8168,14.9704,18.6168
1759161436634,-8.8168,11.5577,0.9832
1759161436674,-14.2658,1.8800,-4.4658
1759161436714,-0.0000,-8.8168,9.8000
1759161436754,14.2658,-14.7343,24.0658
1759161436794,8.8168,-12.6649,18.6168
1759161436834,-8.8168,-3.7303,0.9832
1759161436874,-14.2658,7.2263,-4.4658
1759161436914,-0.0000,14.2658,9.8000
1759161436954,14.2658,13.5724,24.0658
1759161436994,8.8168,5.5219,18.6168
1759161437034,-8.8168,-5.5219,0.9832
1759161437074,-14.2658,-13.5724,-4.4658
1759161437114,0.0000,-14.2658,9.8000
1759161437154,14.2658,-7.2263,24.0658
1759161437194,8.8168,3.7303,18.6168
1759161437234,-8.8168,12.6649,0.9832
1759161437274,-14.2658,14.7343,-4.4658
1759161437314,-0.0000,8.8168,9.8000
1759161437354,14.2658,-1.8800,24.0658
1759161437394,8.8168,-11.5577,18.6168
1759161437434,-8.8168,-14.9704,0.9832
1759161437474,-14.2658,-10.2682,-4.4658
1759161437514,0.0000,0.0000,9.8000
1759161437554,14.2658,10.2682,24.0658
1759161437594,8.8168,14.9704,18.6168
1759161437634,-8.8168,11.5577,0.9832
1759161437674,-14.2658,1.8800,-4.4658
1759161437714,-0.0000,-8.8168,9.8000
1759161437754,14.2658,-14.7343,24.0658
1759161437794,8.8168,-12.6649,18.6168
1759161437834,-8.8168,-3.7303,0.9832
1759161437874,-14.2658,7.2263,-4.4658
1759161437914,-0.0000,14.2658,9.8000
1759161437954,14.2658,13.5724,24.0658
1759161437994,8.8168,5.5219,18.6168
1759161438034,-8.8168,-5.5219,0.9832
1759161438074,-14.2658,-13.5724,-4.4658
1759161438114,0.0000,-14.2658,9.8000
1759161438154,14.2658,-7.2263,24.0658
1759161438194,8.8168,3.7303,18.6168
1759161438234,-8.8168,12.6649,0.9832
1759161438274,-14.2658,14.7343,-4.4658
1759161438314,-0.0000,8.8168,9.8000
1759161438354,14.2658,-1.8800,24.0658
1759161438394,8.8168,-11.5577,18.6168
1759161438434,-8.8168,-14.9704,0.9832
1759161438474,-14.2658,-10.2682,-4.4658
1759161438514,-0.0000,-0.0000,9.8000
1759161438554,14.2658,10.2682,24.0658
1759161438594,8.8168,14.9704,18.6168
1759161438634,-8.8168,11.5577,0.9832
1759161438674,-14.2658,1.8800,-4.4658
1759161438714,-0.0000,-8.8168,9.8000
1759161438754,14.2658,-14.7343,24.0658
1759161438794,8.8168,-12.6649,18.6168
1759161438834,-8.8168,-3.7303,0.9832
1759161438874,-14.2658,7.2263,-4.4658
1759161438914,-0.0000,14.2658,9.8000
1759161438954,14.2658,13.5724,24.0658
1759161438994,8.8168,5.5219,18.6168
1759161439034,-8.8168,-5.5219,0.9832
1759161439074,-14.2658,-13.5724,-4.4658
1759161439114,-0.0000,-14.2658,9.8000
1759161439154,14.2658,-7.2263,24.0658
1759161439194,8.8168,3.7303,18.6168
1759161439234,-8.8168,12.6649,0.9832
1759161439274,-14.2658,14.7343,-4.4658
1759161439314,0.0000,8.8168,9.8000
1759161439354,14.2658,-1.8800,24.0658
1759161439394,8.8168,-11.5577,18.6168
1759161439434,-8.8168,-14.9704,0.9832
1759161439474,-14.2658,-10.2682,-4.4658
1759161439514,-0.0000,-0.0000,9.8000
1759161439554,14.2658,10.2682,24.0658
1759161439594,8.8168,14.9704,18.6168
1759161439634,-8.8168,11.5577,0.9832
1759161439674,-14.2658,1.8800,-4.4658
1759161439714,-0.0000,-8.8168,9.8000
1759161439754,14.2658,-14.7343,24.0658
1759161439794,8.8168,-12.6649,18.6168
1759161439834,-8.8168,-3.7303,0.9832
1759161439874,-14.2658,7.2263,-4.4658
1759161439914,-0.0000,14.2658,9.8000
1759161439954,14.2658,13.5724,24.0658
1759161439994,8.8168,5.5219,18.6168
1759161440034,-8.8168,-5.5219,0.9832
1759161440074,-14.2658,-13.5724,-4.4658
1759161440114,-0.0000,-14.2658,9.8000
1759161440154,14.2658,-7.2263,24.0658
1759161440194,8.8168,3.7303,18.6168
1759161440234,-8.8168,12.6649,0.9832
1759161440274,-14.2658,14.7343,-4.4658
1759161440314,0.0000,8.8168,9.8000
1759161440354,14.2658,-1.8800,24.0658
1759161440394,8.8168,-11.5577,18.6168
1759161440434,-8.8168,-14.9704,0.9832
1759161440474,-14.2658,-10.2682,-4.4658
1759161440514,-0.0000,-0.0000,9.8000
1759161440554,14.2658,10.2682,24.0658
1759161440594,8.8168,14.9704,18.6168
1759161440634,-8.8168,11.5577,0.9832
1759161440674,-14.2658,1.8800,-4.4658
1759161440714,-0.0000,-8.8168,9.8000
1759161440754,14.2658,-14.7343,24.0658
1759161440794,8.8168,-12.6649,18.6168
1759161440834,-8.8168,-3.7303,0.9832
1759161440874,-14.2658,7.2263,-4.4658
1759161440914,-0.0000,14.2658,9.8000
1759161440954,14.2658,13.5724,24.0658
1759161440994,8.8168,5.5219,18.6168
1759161441034,-8.8168,-5.5219,0.9832
1759161441074,-14.2658,-13.5724,-4.4658
1759161441114,-0.0000,-14.2658,9.8000
1759161441154,14.2658,-7.2263,24.0658
1759161441194,8.8168,3.7303,18.6168
1759161441234,-8.8168,12.6649,0.9832
1759161441274,-14.2658,14.7343,-4.4658
1759161441314,-0.0000,8.8168,9.8000
1759161441354,14.2658,-1.8800,24.0658
1759161441394,8.8168,-11.5577,18.6168
1759161441434,-8.8168,-14.9704,0.9832
1759161441474,-14.2658,-10.2682,-4.4658
1759161441514,-0.0000,-0.0000,9.8000
1759161441554,14.2658,10.2682,24.0658
1759161441594,8.8168,14.9704,18.6168
1759161441634,-8.8168,11.5577,0.9832
1759161441674,-14.2658,1.8800,-4.4658
1759161441714,-0.0000,-8.8168,9.8000
1759161441754,14.2658,-14.7343,24.0658
1759161441794,8.8168,-12.6649,18.6168
1759161441834,-8.8168,-3.7303,0.9832
1759161441874,-14.2658,7.2263,-4.4658
1759161441914,-0.0000,14.2658,9.8000
1759161441954,14.2658,13.5724,24.0658
1759161441994,8.8168,5.5219,18.6168
1759161442034,-8.8168,-5.5219,0.9832
1759161442074,-14.2658,-13.5724,-4.4658
1759161442114,0.0000,-14.2658,9.8000
1759161442154,14.2658,-7.2263,24.0658
1759161442194,8.8168,3.7303,18.6168
1759161442234,-8.8168,12.6649,0.9832
1759161442274,-14.2658,14.7343,-4.4658
1759161442314,-0.0000,8.8168,9.8000
1759161442354,14.2658,-1.8800,24.0658
1759161442394,8.8168,-11.5577,18.6168
1759161442434,-8.8168,-14.9704,0.9832
1759161442474,-14.2658,-10.2682,-4.4658
1759161442514,0.0000,-0.0000,9.8000
1759161442554,14.2658,10.2682,24.0658
1759161442594,8.8168,14.9704,18.6168
1759161442634,-8.8168,11.5577,0.9832
1759161442674,-14.2658,1.8800,-4.4658
1759161442714,-0.0000,-8.8168,9.8000
1759161442754,14.2658,-14.7343,24.0658
1759161442794,8.8168,-12.6649,18.6168
1759161442834,-8.8168,-3.7303,0.9832
1759161442874,-14.2658,7.2263,-4.4658
1759161442914,-0.0000,14.2658,9.8000
1759161442954,14.2658,13.5724,24.0658
1759161442994,8.8168,5.5219,18.6168
1759161443034,-8.8168,-5.5219,0.9832
1759161443074,-14.2658,-13.5724,-4.4658
1759161443114,0.0000,-14.2658,9.8000
1759161443154,14.2658,-7.2263,24.0658
1759161443194,8.8168,3.7303,18.6168
1759161443234,-8.8168,12.6649,0.9832
1759161443274,-14.2658,14.7343,-4.4658
1759161443314,-0.0000,8.8168,9.8000
1759161443354,14.2658,-1.8800,24.0658
1759161443394,8.8168,-11.5577,18.6168
1759161443434,-8.8168,-14.9704,0.9832
1759161443474,-14.2658,-10.2682,-4.4658
1759161443514,-0.0000,-0.0000,9.8000
1759161443554,14.2658,10.2682,24.0658
1759161443594,8.8168,14.9704,18.6168
1759161443634,-8.8168,11.5577,0.9832
1759161443674,-14.2658,1.8800,-4.4658
1759161443714,-0.0000,-8.8168,9.8000
1759161443754,14.2658,-14.7343,24.0658
1759161443794,8.8168,-12.6649,18.6168
1759161443834,-8.8168,-3.7303,0.9832
1759161443874,-14.2658,7.2263,-4.4658
1759161443914,-0.0000,14.2658,9.8000
1759161443954,14.2658,13.5724,24.0658
1759161443994,8.8168,5.5219,18.6168
1759161444034,-8.8168,-5.5219,0.9832
1759161444074,-14.2658,-13.5724,-4.4658
1759161444114,0.0000,-14.2658,9.8000
1759161444154,14.2658,-7.2263,24.0658
1759161444194,8.8168,3.7303,18.6168
1759161444234,-8.8168,12.6649,0.9832
1759161444274,-14.2658,14.7343,-4.4658
1759161444314,-0.0000,8.8168,9.8000
1759161444354,14.2658,-1.8800,24.0658
1759161444394,8.8168,-11.5577,18.6168
1759161444434,-8.8168,-14.9704,0.9832
1759161444474,-14.2658,-10.2682,-4.4658
1759161444514,-0.0000,-0.0000,9.8000
1759161444554,14.2658,10.2682,24.0658
1759161444594,8.8168,14.9704,18.6168
1759161444634,-8.8168,11.5577,0.9832
1759161444674,-14.2658,1.8800,-4.4658
1759161444714,-0.0000,-8.8168,9.8000
1759161444754,14.2658,-14.7343,24.0658
1759161444794,8.8168,-12.6649,18.6168
1759161444834,-8.8168,-3.7303,0.9832
1759161444874,-14.2658,7.2263,-4.4658
1759161444914,-0.0000,14.2658,9.8000
1759161444954,14.2658,13.5724,24.0658
1759161444994,8.8168,5.5219,18.6168
1759161445034,-8.8168,-5.5219,0.9832
1759161445074,-14.2658,-13.5724,-4.4658
1759161445114,-0.0000,-14.2658,9.8000
1759161445154,14.2658,-7.2263,24.0658
1759161445194,8.8168,3.7303,18.6168
1759161445234,-8.8168,12.6649,0.9832
1759161445274,-14.2658,14.7343,-4.4658
1759161445314,0.0000,8.8168,9.8000
1759161445354,14.2658,-1.8800,24.0658
1759161445394,8.8168,-11.5577,18.6168
1759161445434,-8.8168,-14.9704,0.9832
1759161445474,-14.2658,-10.2682,-4.4658
1759161445514,-0.0000,-0.0000,9.8000
1759161445554,14.2658,10.2682,24.0658
1759161445594,8.8168,14.9704,18.6168
1759161445634,-8.8168,11.5577,0.9832
1759161445674,-14.2658,1.8800,-4.4658
1759161445714,-0.0000,-8.8168,9.8000
1759161445754,14.2658,-14.7343,24.0658
1759161445794,8.8168,-12.6649,18.6168
1759161445834,-8.8168,-3.7303,0.9832
1759161445874,-14.2658,7.2263,-4.4658
1759161445914,-0.0000,14.2658,9.8000
1759161445954,14.2658,13.5724,24.0658
1759161445994,8.8168,5.5219,18.6168
1759161446034,-8.8168,-5.5219,0.9832
1759161446074,-14.2658,-13.5724,-4.4658
1759161446114,-0.0000,-14.2658,9.8000
1759161446154,14.2658,-7.2263,24.0658
1759161446194,8.8168,3.7303,18.6168
1759161446234,-8.8168,12.6649,0.9832
1759161446274,-14.2658,14.7343,-4.4658
1759161446314,0.0000,8.8168,9.8000
1759161446354,14.2658,-1.8800,24.0658
1759161446394,8.8168,-11.5577,18.6168
1759161446434,-8.8168,-14.9704,0.9832
1759161446474,-14.2658,-10.2682,-4.4658
1759161446514,-0.0000,0.0000,9.8000
1759161446554,14.2658,10.2682,24.0658
1759161446594,8.8168,14.9704,18.6168
1759161446634,-8.8168,11.5577,0.9832
1759161446674,-14.2658,1.8800,-4.4658
1759161446714,-0.0000,-8.8168,9.8000
1759161446754,14.2658,-14.7343,24.0658
1759161446794,8.8168,-12.6649,18.6168
1759161446834,-8.8168,-3.7303,0.9832
1759161446874,-14.2658,7.2263,-4.4658
1759161446914,-0.0000,14.2658,9.8000
1759161446954,14.2658,13.5724,24.0658
1759161446994,8.8168,5.5219,18.6168
1759161447034,-8.8168,-5.5219,0.9832
1759161447074,-14.2658,-13.5724,-4.4658
1759161447114,0.0000,-14.2658,9.8000
1759161447154,14.2658,-7.2263,24.0658
1759161447194,8.8168,3.7303,18.6168
1759161447234,-8.8168,12.6649,0.9832
1759161447274,-14.2658,14.7343,-4.4658
1759161447314,-0.0000,8.8168,9.8000
1759161447354,14.2658,-1.8800,24.0658
1759161447394,8.8168,-11.5577,18.6168
1759161447434,-8.8168,-14.9704,0.9832
1759161447474,-14.2658,-10.2682,-4.4658
1759161447514,-0.0000,0.0000,9.8000
1759161447554,14.2658,10.2682,24.0658
1759161447594,8.8168,14.9704,18.6168
1759161447634,-8.8168,11.5577,0.9832
1759161447674,-14.2658,1.8800,-4.4658
1759161447714,-0.0000,-8.8168,9.8000
1759161447754,14.2658,-14.7343,24.0658
1759161447794,8.8168,-12.6649,18.6168
1759161447834,-8.8168,-3.7303,0.9832
1759161447874,-14.2658,7.2263,-4.4658
1759161447914,-0.0000,14.2658,9.8000
1759161447954,14.2658,13.5724,24.0658
1759161447994,8.8168,5.5219,18.6168
1759161448034,-8.8168,-5.5219,0.9832
1759161448074,-14.2658,-13.5724,-4.4658
1759161448114,0.0000,-14.2658,9.8000
1759161448154,14.2658,-7.2263,24.0658
1759161448194,8.8168,3.7303,18.6168
1759161448234,-8.8168,12.6649,0.9832
1759161448274,-14.2658,14.7343,-4.4658
1759161448314,-0.0000,8.8168,9.8000
1759161448354,14.2658,-1.8800,24.0658
1759161448394,8.8168,-11.5577,18.6168
1759161448434,-8.8168,-14.9704,0.9832
1759161448474,-14.2658,-10.2682,-4.4658
1759161448514,0.0000,0.0000,9.8000
1759161448554,14.2658,10.2682,24.0658
1759161448594,8.8168,14.9704,18.6168
1759161448634,-8.8168,11.5577,0.9832
1759161448674,-14.2658,1.8800,-4.4658
1759161448714,-0.0000,-8.8168,9.8000
1759161448754,14.2658,-14.7343,24.0658
1759161448794,8.8168,-12.6649,18.6168
1759161448834,-8.8168,-3.7303,0.9832
1759161448874,-14.2658,7.2263,-4.4658
1759161448914,-0.0000,14.2658,9.8000
1759161448954,14.2658,13.5724,24.0658
1759161448994,8.8168,5.5219,18.6168
1759161449034,-8.8168,-5.5219,0.9832
1759161449074,-14.2658,-13.5724,-4.4658
1759161449114,0.0000,-14.2658,9.8000
1759161449154,14.2658,-7.2263,24.0658
1759161449194,8.8168,3.7303,18.6168
1759161449234,-8.8168,12.6649,0.9832
1759161449274,-14.2658,14.7343,-4.4658
1759161449314,-0.0000,8.8168,9.8000
1759161449354,14.2658,-1.8800,24.0658
1759161449394,8.8168,-11.5577,18.6168
1759161449434,-8.8168,-14.9704,0.9832
1759161449474,-14.2658,-10.2682,-4.4658
1759161449514,-0.0000,0.0000,9.8000
1759161449554,14.2658,10.2682,24.0658
1759161449594,8.8168,14.9704,18.6168
1759161449634,-8.8168,11.5577,0.9832
1759161449674,-14.2658,1.8800,-4.4658
1759161449714,-0.0000,-8.8168,9.8000
1759161449754,14.2658,-14.7343,24.0658
1759161449794,8.8168,-12.6649,18.6168
1759161449834,-8.8168,-3.7303,0.9832
1759161449874,-14.2658,7.2263,-4.4658
1759161449914,-0.0000,14.2658,9.8000
1759161449954,14.2658,13.5724,24.0658
1759161449994,8.8168,5.5219,18.6168
1759161450034,-8.8168,-5.5219,0.9832
1759161450074,-14.2658,-13.5724,-4.4658
1759161450114,-0.0000,-14.2658,9.8000
1759161450154,14.2658,-7.2263,24.0658
1759161450194,8.8168,3.7303,18.6168
1759161450234,-8.8168,12.6649,0.9832
1759161450274,-14.2658,14.7343,-4.4658
1759161450314,0.0000,8.8168,9.8000
1759161450354,14.2658,-1.8800,24.0658
1759161450394,8.8168,-11.5577,18.6168
1759161450434,-8.8168,-14.9704,0.9832
1759161450474,-14.2658,-10.2682,-4.4658
1759161450514,-0.0000,-0.0000,9.8000
1759161450554,14.2658,10.2682,24.0658
1759161450594,8.8168,14.9704,18.6168
1759161450634,-8.8168,11.5577,0.9832
1759161450674,-14.2658,1.8800,-4.4658
1759161450714,-0.0000,-8.8168,9.8000
1759161450754,14.2658,-14.7343,24.0658
1759161450794,8.8168,-12.6649,18.6168
1759161450834,-8.8168,-3.7303,0.9832
1759161450874,-14.2658,7.2263,-4.4658
1759161450914,-0.0000,14.2658,9.8000
1759161450954,14.2658,13.5724,24.0658
1759161450994,8.8168,5.5219,18.6168
1759161451034,-8.8168,-5.5219,0.9832
1759161451074,-14.2658,-13.5724,-4.4658
1759161451114,-0.0000,-14.2658,9.8000
1759161451154,14.2658,-7.2263,24.0658
1759161451194,8.8168,3.7303,18.6168
1759161451234,-8.8168,12.6649,0.9832
1759161451274,-14.2658,14.7343,-4.4658
1759161451314,0.0000,8.8168,9.8000
1759161451354,14.2658,-1.8800,24.0658
1759161451394,8.8168,-11.5577,18.6168
1759161451434,-8.8168,-14.9704,0.9832
1759161451474,-14.2658,-10.2682,-4.4658
1759161451514,-0.0000,-0.0000,9.8000
1759161451554,14.2658,10.2682,24.0658
1759161451594,8.8168,14.9704,18.6168
1759161451634,-8.8168,11.5577,0.9832
1759161451674,-14.2658,1.8800,-4.4658
1759161451714,-0.0000,-8.8168,9.8000
1759161451754,14.2658,-14.7343,24.0658
1759161451794,8.8168,-12.6649,18.6168
1759161451834,-8.8168,-3.7303,0.9832
1759161451874,-14.2658,7.2263,-4.4658
1759161451914,-0.0000,14.2658,9.8000
1759161451954,14.2658,13.5724,24.0658
1759161451994,8.8168,5.5219,18.6168
1759161452034,-8.8168,-5.5219,0.9832
1759161452074,-14.2658,-13.5724,-4.4658
1759161452114,0.0000,-14.2658,9.8000
1759161452154,14.2658,-7.2263,24.0658
1759161452194,8.8168,3.7303,18.6168
1759161452234,-8.8168,12.6649,0.9832
1759161452274,-14.2658,14.7343,-4.4658
1759161452314,-0.0000,8.8168,9.8000
1759161452354,14.2658,-1.8800,24.0658
1759161452394,8.8168,-11.5577,18.6168
1759161452434,-8.8168,-14.9704,0.9832
1759161452474,-14.2658,-10.2682,-4.4658
1759161452514,-0.0000,-0.0000,9.8000
1759161452554,14.2658,10.2682,24.0658
1759161452594,8.8168,14.9704,18.6168
1759161452634,-8.8168,11.5577,0.9832
1759161452674,-14.2658,1.8800,-4.4658
1759161452714,-0.0000,-8.8168,9.8000
1759161452754,14.2658,-14.7343,24.0658
1759161452794,8.8168,-12.6649,18.6168
1759161452834,-8.8168,-3.7303,0.9832
1759161452874,-14.2658,7.2263,-4.4658
1759161452914,-0.0000,14.2658,9.8000
1759161452954,14.2658,13.5724,24.0658
1759161452994,8.8168,5.5219,18.6168
1759161453034,-8.8168,-5.5219,0.9832
1759161453074,-14.2658,-13.5724,-4.4658
1759161453114,0.0000,-14.2658,9.8000
1759161453154,14.2658,-7.2263,24.0658
1759161453194,8.8168,3.7303,18.6168
1759161453234,-8.8168,12.6649,0.9832
1759161453274,-14.2658,14.7343,-4.4658
1759161453314,-0.0000,8.8168,9.8000
1759161453354,14.2658,-1.8800,24.0658
1759161453394,8.8168,-11.5577,18.6168
1759161453434,-8.8168,-14.9704,0.9832
1759161453474,-14.2658,-10.2682,-4.4658
1759161453514,0.0000,-0.0000,9.8000
1759161453554,14.2658,10.2682,24.0658
1759161453594,8.8168,14.9704,18.6168
1759161453634,-8.8168,11.5577,0.9832
1759161453674,-14.2658,1.8800,-4.4658
1759161453714,-0.0000,-8.8168,9.8000
1759161453754,14.2658,-14.7343,24.0658
1759161453794,8.8168,-12.6649,18.6168
1759161453834,-8.8168,-3.7303,0.9832
1759161453874,-14.2658,7.2263,-4.4658
1759161453914,-0.0000,14.2658,9.8000
1759161453954,14.2658,13.5724,24.0658
1759161453994,8.8168,5.5219,18.6168
1759161454034,-8.8168,-5.5219,0.9832
1759161454074,-14.2658,-13.5724,-4.4658
1759161454114,0.0000,-14.2658,9.8000
1759161454154,14.2658,-7.2263,24.0658
1759161454194,8.8168,3.7303,18.6168
1759161454234,-8.8168,12.6649,0.9832
1759161454274,-14.2658,14.7343,-4.4658
1759161454314,-0.0000,8.8168,9.8000
1759161454354,14.2658,-1.8800,24.0658
1759161454394,8.8168,-11.5577,18.6168
1759161454434,-8.8168,-14.9704,0.9832
1759161454474,-14.2658,-10.2682,-4.4658
1759161454514,-0.0000,-0.0000,9.8000
1759161454554,14.2658,10.2682,24.0658
1759161454594,8.8168,14.9704,18.6168
1759161454634,-8.8168,11.5577,0.9832
1759161454674,-14.2658,1.8800,-4.4658
1759161454714,-0.0000,-8.8168,9.8000
1759161454754,14.2658,-14.7343,24.0658
1759161454794,8.8168,-12.6649,18.6168
1759161454834,-8.8168,-3.7303,0.9832
1759161454874,-14.2658,7.2263,-4.4658
1759161454914,-0.0000,14.2658,9.8000
1759161454954,14.2658,13.5724,24.0658
1759161454994,8.8168,5.5219,18.6168
1759161455034,-8.8168,-5.5219,0.9832
1759161455074,-14.2658,-13.5724,-4.4658
1759161455114,0.0000,-14.2658,9.8000
1759161455154,14.2658,-7.2263,24.0658
1759161455194,8.8168,3.7303,18.6168
1759161455234,-8.8168,12.6649,0.9832
1759161455274,-14.2658,14.7343,-4.4658
1759161455314,0.0000,8.8168,9.8000
1759161455354,14.2658,-1.8800,24.0658
1759161455394,8.8168,-11.5577,18.6168
1759161455434,-8.8168,-14.9704,0.9832
1759161455474,-14.2658,-10.2682,-4.4658
1759161455514,-0.0000,-0.0000,9.8000
1759161455554,14.2658,10.2682,24.0658
1759161455594,8.8168,14.9704,18.6168
1759161455634,-8.8168,11.5577,0.9832
1759161455674,-14.2658,1.8800,-4.4658
1759161455714,-0.0000,-8.8168,9.8000
1759161455754,14.2658,-14.7343,24.0658
1759161455794,8.8168,-12.6649,18.6168
1759161455834,-8.8168,-3.7303,0.9832
1759161455874,-14.2658,7.2263,-4.4658
1759161455914,-0.0000,14.2658,9.8000
1759161455954,14.2658,13.5724,24.0658
1759161455994,8.8168,5.5219,18.6168
1759161456034,-8.8168,-5.5219,0.9832
1759161456074,-14.2658,-13.5724,-4.4658
1759161456114,-0.0000,-14.2658,9.8000
1759161456154,14.2658,-7.2263,24.0658
1759161456194,8.8168,3.7303,18.6168
1759161456234,-8.8168,12.6649,0.9832
1759161456274,-14.2658,14.7343,-4.4658
1759161456314,0.0000,8.8168,9.8000
1759161456354,14.2658,-1.8800,24.0658
1759161456394,8.8168,-11.5577,18.6168
1759161456434,-8.8168,-14.9704,0.9832
1759161456474,-14.2658,-10.2682,-4.4658
1759161456514,-0.0000,-0.0000,9.8000
1759161456554,14.2658,10.2682,24.0658
1759161456594,8.8168,14.9704,18.6168
1759161456634,-8.8168,11.5577,0.9832
1759161456674,-14.2658,1.8800,-4.4658
1759161456714,-0.0000,-8.8168,9.8000
1759161456754,14.2658,-14.7343,24.0658
1759161456794,8.8168,-12.6649,18.6168
1759161456834,-8.8168,-3.7303,0.9832
1759161456874,-14.2658,7.2263,-4.4658
1759161456914,-0.0000,14.2658,9.8000
1759161456954,14.2658,13.5724,24.0658
1759161456994,8.8168,5.5219,18.6168
1759161457034,-8.8168,-5.5219,0.9832
1759161457074,-14.2658,-13.5724,-4.4658
1759161457114,-0.0000,-14.2658,9.8000
1759161457154,14.2658,-7.2263,24.0658
1759161457194,8.8168,3.7303,18.6168
1759161457234,-8.8168,12.6649,0.9832
1759161457274,-14.2658,14.7343,-4.4658
1759161457314,0.0000,8.8168,9.8000
1759161457354,14.2658,-1.8800,24.0658
1759161457394,8.8168,-11.5577,18.6168
1759161457434,-8.8168,-14.9704,0.9832
1759161457474,-14.2658,-10.2682,-4.4658
1759161457514,-0.0000,0.0000,9.8000
1759161457554,14.2658,10.2682,24.0658
1759161457594,8.8168,14.9704,18.6168
1759161457634,-8.8168,11.5577,0.9832
1759161457674,-14.2658,1.8800,-4.4658
1759161457714,-0.0000,-8.8168,9.8000
1759161457754,14.2658,-14.7343,24.0658
1759161457794,8.8168,-12.6649,18.6168
1759161457834,-8.8168,-3.7303,0.9832
1759161457874,-14.2658,7.2263,-4.4658
1759161457914,-0.0000,14.2658,9.8000
1759161457954,14.2658,13.5724,24.0658
1759161457994,8.8168,5.5219,18.6168
1759161458034,-8.8168,-5.5219,0.9832
1759161458074,-14.2658,-13.5724,-4.4658
1759161458114,0.0000,-14.2658,9.8000
1759161458154,14.2658,-7.2263,24.0658
1759161458194,8.8168,3.7303,18.6168
1759161458234,-8.8168,12.6649,0.9832
1759161458274,-14.2658,14.7343,-4.4658
1759161458314,-0.0000,8.8168,9.8000
1759161458354,14.2658,-1.8800,24.0658
1759161458394,8.8168,-11.5577,18.6168
1759161458434,-8.8168,-14.9704,0.9832
1759161458474,-14.2658,-10.2682,-4.4658
1759161458514,-0.0000,0.0000,9.8000
1759161458554,14.2658,10.2682,24.0658
1759161458594,8.8168,14.9704,18.6168
1759161458634,-8.8168,11.5577,0.9832
1759161458674,-14.2658,1.8800,-4.4658
1759161458714,-0.0000,-8.8168,9.8000
1759161458754,14.2658,-14.7343,24.0658
1759161458794,8.8168,-12.6649,18.6168
1759161458834,-8.8168,-3.7303,0.9832
1759161458874,-14.2658,7.2263,-4.4658
1759161458914,-0.0000,14.2658,9.8000
1759161458954,14.2658,13.5724,24.0658
1759161458994,8.8168,5.5219,18.6168
1759161459034,-8.8168,-5.5219,0.9832
1759161459074,-14.2658,-13.5724,-4.4658
1759161459114,0.0000,-14.2658,9.8000
1759161459154,14.2658,-7.2263,24.0658
1759161459194,8.8168,3.7303,18.6168
1759161459234,-8.8168,12.6649,0.9832
1759161459274,-14.2658,14.7343,-4.4658
1759161459314,-0.0000,8.8168,9.8000
1759161459354,14.2658,-1.8800,24.0658
1759161459394,8.8168,-11.5577,18.6168
1759161459434,-8.8168,-14.9704,0.9832
1759161459474,-14.2658,-10.2682,-4.4658
1759161459514,-0.0000,0.0000,9.8000
1759161459554,14.2658,10.2682,24.0658
1759161459594,8.8168,14.9704,18.6168
1759161459634,-8.8168,11.5577,0.9832
1759161459674,-14.2658,1.8800,-4.4658
1759161459714,-0.0000,-8.8168,9.8000
1759161459754,14.2658,-14.7343,24.0658
1759161459794,8.8168,-12.6649,18.6168
1759161459834,-8.8168,-3.7303,0.9832
1759161459874,-14.2658,7.2263,-4.4658
1759161459914,-0.0000,14.2658,9.8000
1759161459954,14.2658,13.5724,24.0658
1759161459994,8.8168,5.5219,18.6168
1759161460034,-8.8168,-5.5219,0.9832
1759161460074,-14.2658,-13.5724,-4.4658
1759161460114,0.0000,-14.2658,9.8000
1759161460154,14.2658,-7.2263,24.0658
1759161460194,8.8168,3.7303,18.6168
1759161460234,-8.8168,12.6649,0.9832
1759161460274,-14.2658,14.7343,-4.4658
1759161460314,-0.0000,8.8168,9.8000
1759161460354,14.2658,-1.8800,24.0658
1759161460394,8.8168,-11.5577,18.6168
1759161460434,-8.8168,-14.9704,0.9832
1759161460474,-14.2658,-10.2682,-4.4658
1759161460514,-0.0000,0.0000,9.8000
1759161460554,14.2658,10.2682,24.0658
1759161460594,8.8168,14.9704,18.6168
1759161460634,-8.8168,11.5577,0.9832
1759161460674,-14.2658,1.8800,-4.4658
1759161460714,-0.0000,-8.8168,9.8000
1759161460754,14.2658,-14.7343,24.0658
1759161460794,8.8168,-12.6649,18.6168
1759161460834,-8.8168,-3.7303,0.9832
1759161460874,-14.2658,7.2263,-4.4658
1759161460914,-0.0000,14.2658,9.8000
1759161460954,14.2658,13.5724,24.0658
1759161460994,8.8168,5.5219,18.6168
1759161461034,-8.8168,-5.5219,0.9832
1759161461074,-14.2658,-13.5724,-4.4658
1759161461114,-0.0000,-14.2658,9.8000
1759161461154,14.2658,-7.2263,24.0658
1759161461194,8.8168,3.7303,18.6168
1759161461234,-8.8168,12.6649,0.9832
1759161461274,-14.2658,14.7343,-4.4658
1759161461314,0.0000,8.8168,9.8000
1759161461354,14.2658,-1.8800,24.0658
1759161461394,8.8168,-11.5577,18.6168
1759161461434,-8.8168,-14.9704,0.9832
1759161461474,-14.2658,-10.2682,-4.4658
1759161461514,-0.0000,-0.0000,9.8000
1759161461554,14.2658,10.2682,24.0658
1759161461594,8.8168,14.9704,18.6168
1759161461634,-8.8168,11.5577,0.9832
1759161461674,-14.2658,1.8800,-4.4658
1759161461714,-0.0000,-8.8168,9.8000
1759161461754,14.2658,-14.7343,24.0658
1759161461794,8.8168,-12.6649,18.6168
1759161461834,-8.8168,-3.7303,0.9832
1759161461874,-14.2658,7.2263,-4.4658
1759161461914,-0.0000,14.2658,9.8000
1759161461954,14.2658,13.5724,24.0658
1759161461994,8.8168,5.5219,18.6168
1759161462034,-8.8168,-5.5219,0.9832
1759161462074,-14.2658,-13.5724,-4.4658
1759161462114,-0.0000,-14.2658,9.8000
1759161462154,14.2658,-7.2263,24.0658
1759161462194,8.8168,3.7303,18.6168
1759161462234,-8.8168,12.6649,0.9832
1759161462274,-14.2658,14.7343,-4.4658
1759161462314,0.0000,8.8168,9.8000
1759161462354,14.2658,-1.8800,24.0658
1759161462394,8.8168,-11.5577,18.6168
1759161462434,-8.8168,-14.9704,0.9832
1759161462474,-14.2658,-10.2682,-4.4658
1759161462514,-0.0000,-0.0000,9.8000
1759161462554,14.2658,10.2682,24.0658
1759161462594,8.8168,14.9704,18.6168
1759161462634,-8.8168,11.5577,0.9832
1759161462674,-14.2658,1.8800,-4.4658
1759161462714,-0.0000,-8.8168,9.8000
1759161462754,14.2658,-14.7343,24.0658
1759161462794,8.8168,-12.6649,18.6168
1759161462834,-8.8168,-3.7303,0.9832
1759161462874,-14.2658,7.2263,-4.4658
1759161462914,-0.0000,14.2658,9.8000
1759161462954,14.2658,13.5724,24.0658
1759161462994,8.8168,5.5219,18.6168
1759161463034,-8.8168,-5.5219,0.9832
1759161463074,-14.2658,-13.5724,-4.4658
1759161463114,0.0000,-14.2658,9.8000
1759161463154,14.2658,-7.2263,24.0658
1759161463194,8.8168,3.7303,18.6168
1759161463234,-8.8168,12.6649,0.9832
1759161463274,-14.2658,14.7343,-4.4658
1759161463314,-0.0000,8.8168,9.8000
1759161463354,14.2658,-1.8800,24.0658
1759161463394,8.8168,-11.5577,18.6168
1759161463434,-8.8168,-14.9704,0.9832
1759161463474,-14.2658,-10.2682,-4.4658
1759161463514,-0.0000,-0.0000,9.8000
1759161463554,14.2658,10.2682,24.0658
1759161463594,8.8168,14.9704,18.6168
1759161463634,-8.8168,11.5577,0.9832
1759161463674,-14.2658,1.8800,-4.4658
1759161463714,-0.0000,-8.8168,9.8000
1759161463754,14.2658,-14.7343,24.0658
1759161463794,8.8168,-12.6649,18.6168
1759161463834,-8.8168,-3.7303,0.9832
1759161463874,-14.2658,7.2263,-4.4658
1759161463914,-0.0000,14.2658,9.8000
1759161463954,14.2658,13.5724,24.0658
1759161463994,8.8168,5.5219,18.6168
1759161464034,-8.8168,-5.5219,0.9832
1759161464074,-14.2658,-13.5724,-4.4658
1759161464114,0.0000,-14.2658,9.8000
1759161464154,14.2658,-7.2263,24.0658
1759161464194,8.8168,3.7303,18.6168
1759161464234,-8.8168,12.6649,0.9832
1759161464274,-14.2658,14.7343,-4.4658
1759161464314,-0.0000,8.8168,9.8000
1759161464354,14.2658,-1.8800,24.0658
1759161464394,8.8168,-11.5577,18.6168
1759161464434,-8.8168,-14.9704,0.9832
1759161464474,-14.2658,-10.2682,-4.4658
1759161464514,0.0000,-0.0000,9.8000
1759161464554,14.2658,10.2682,24.0658
1759161464594,8.8168,14.9704,18.6168
1759161464634,-8.8168,11.5577,0.9832
1759161464674,-14.2658,1.8800,-4.4658
1759161464714,-0.0000,-8.8168,9.8000
1759161464754,14.2658,-14.7343,24.0658
1759161464794,8.8168,-12.6649,18.6168
1759161464834,-8.8168,-3.7303,0.9832
1759161464874,-14.2658,7.2263,-4.4658
1759161464914,-0.0000,14.2658,9.8000
1759161464954,14.2658,13.5724,24.0658
1759161464994,8.8168,5.5219,18.6168
1759161465034,-8.8168,-5.5219,0.9832
1759161465074,-14.2658,-13.5724,-4.4658
1759161465114,0.0000,-14.2658,9.8000
1759161465154,14.2658,-7.2263,24.0658
1759161465194,8.8168,3.7303,18.6168
1759161465234,-8.8168,12.6649,0.9832
1759161465274,-14.2658,14.7343,-4.4658
1759161465314,-0.0000,8.8168,9.8000
1759161465354,14.2658,-1.8800,24.0658
1759161465394,8.8168,-11.5577,18.6168
1759161465434,-8.8168,-14.9704,0.9832
1759161465474,-14.2658,-10.2682,-4.4658
1759161465514,-0.0000,-0.0000,9.8000
1759161465554,14.2658,10.2682,24.0658
1759161465594,8.8168,14.9704,18.6168
1759161465634,-8.8168,11.5577,0.9832
1759161465674,-14.2658,1.8800,-4.4658
1759161465714,-0.0000,-8.8168,9.8000
1759161465754,14.2658,-14.7343,24.0658
1759161465794,8.8168,-12.6649,18.6168
1759161465834,-8.8168,-3.7303,0.9832
1759161465874,-14.2658,7.2263,-4.4658
1759161465914,-0.0000,14.2658,9.8000
1759161465954,14.2658,13.5724,24.0658
1759161465994,8.8168,5.5219,18.6168
1759161466034,-8.8168,-5.5219,0.9832
1759161466074,-14.2658,-13.5724,-4.4658
1759161466114,-0.0000,-14.2658,9.8000
1759161466154,14.2658,-7.2263,24.0658
1759161466194,8.8168,3.7303,18.6168
1759161466234,-8.8168,12.6649,0.9832
1759161466274,-14.2658,14.7343,-4.4658
1759161466314,0.0000,8.8168,9.8000
1759161466354,14.2658,-1.8800,24.0658
1759161466394,8.8168,-11.5577,18.6168
1759161466434,-8.8168,-14.9704,0.9832
1759161466474,-14.2658,-10.2682,-4.4658
1759161466514,-0.0000,-0.0000,9.8000
1759161466554,14.2658,10.2682,24.0658
1759161466594,8.8168,14.9704,18.6168
1759161466634,-8.8168,11.5577,0.9832
1759161466674,-14.2658,1.8800,-4.4658
1759161466714,-0.0000,-8.8168,9.8000
1759161466754,14.2658,-14.7343,24.0658
1759161466794,8.8168,-12.6649,18.6168
1759161466834,-8.8168,-3.7303,0.9832
1759161466874,-14.2658,7.2263,-4.4658
1759161466914,-0.0000,14.2658,9.8000
1759161466954,14.2658,13.5724,24.0658
1759161466994,8.8168,5.5219,18.6168
1759161467034,-8.8168,-5.5219,0.9832
1759161467074,-14.2658,-13.5724,-4.4658
1759161467114,-0.0000,-14.2658,9.8000
1759161467154,14.2658,-7.2263,24.0658
1759161467194,8.8168,3.7303,18.6168
1759161467234,-8.8168,12.6649,0.9832
1759161467274,-14.2658,14.7343,-4.4658
1759161467314,0.0000,8.8168,9.8000
1759161467354,14.2658,-1.8800,24.0658
1759161467394,8.8168,-11.5577,18.6168
1759161467434,-8.8168,-14.9704,0.9832
1759161467474,-14.2658,-10.2682,-4.4658
1759161467514,-0.0000,-0.0000,9.8000
1759161467554,14.2658,10.2682,24.0658
1759161467594,8.8168,14.9704,18.6168
1759161467634,-8.8168,11.5577,0.9832
1759161467674,-14.2658,1.8800,-4.4658
1759161467714,-0.0000,-8.8168,9.8000
1759161467754,14.2658,-14.7343,24.0658
1759161467794,8.8168,-12.6649,18.6168
1759161467834,-8.8168,-3.7303,0.9832
1759161467874,-14.2658,7.2263,-4.4658
1759161467914,-0.0000,14.2658,9.8000
1759161467954,14.2658,13.5724,24.0658
1759161467994,8.8168,5.5219,18.6168
1759161468034,-8.8168,-5.5219,0.9832
1759161468074,-14.2658,-13.5724,-4.4658
1759161468114,-0.0000,-14.2658,9.8000
1759161468154,14.2658,-7.2263,24.0658
1759161468194,8.8168,3.7303,18.6168
1759161468234,-8.8168,12.6649,0.9832
1759161468274,-14.2658,14.7343,-4.4658
1759161468314,-0.0000,8.8168,9.8000
1759161468354,14.2658,-1.8800,24.0658
1759161468394,8.8168,-11.5577,18.6168
1759161468434,-8.8168,-14.9704,0.9832
1759161468474,-14.2658,-10.2682,-4.4658
1759161468514,-0.0000,0.0000,9.8000
1759161468554,14.2658,10.2682,24.0658
1759161468594,8.8168,14.9704,18.6168
1759161468634,-8.8168,11.5577,0.9832
1759161468674,-14.2658,1.8800,-4.4658
1759161468714,-0.0000,-8.8168,9.8000
1759161468754,14.2658,-14.7343,24.0658
1759161468794,8.8168,-12.6649,18.6168
1759161468834,-8.8168,-3.7303,0.9832
1759161468874,-14.2658,7.2263,-4.4658
1759161468914,-0.0000,14.2658,9.8000
1759161468954,14.2658,13.5724,24.0658
1759161468994,8.8168,5.5219,18.6168
1759161469034,-8.8168,-5.5219,0.9832
1759161469074,-14.2658,-13.5724,-4.4658
1759161469114,0.0000,-14.2658,9.8000
1759161469154,14.2658,-7.2263,24.0658
1759161469194,8.8168,3.7303,18.6168
1759161469234,-8.8168,12.6649,0.9832
1759161469274,-14.2658,14.7343,-4.4658
1759161469314,-0.0000,8.8168,9.8000
1759161469354,14.2658,-1.8800,24.0658
1759161469394,8.8168,-11.5577,18.6168
1759161469434,-8.8168,-14.9704,0.9832
1759161469474,-14.2658,-10.2682,-4.4658
1759161469514,0.0000,0.0000,9.8000
1759161469554,14.2658,10.2682,24.0658
1759161469594,8.8168,14.9704,18.6168
1759161469634,-8.8168,11.5577,0.9832
1759161469674,-14.2658,1.8800,-4.4658
1759161469714,-0.0000,-8.8168,9.8000
1759161469754,14.2658,-14.7343,24.0658
1759161469794,8.8168,-12.6649,18.6168
1759161469834,-8.8168,-3.7303,0.9832
1759161469874,-14.2658,7.2263,-4.4658
1759161469914,-0.0000,14.2658,9.8000
1759161469954,14.2658,13.5724,24.0658
1759161469994,8.8168,5.5219,18.6168
1759161470034,-8.8168,-5.5219,0.9832
1759161470074,-14.2658,-13.5724,-4.4658
1759161470114,0.0000,-14.2658,9.8000
1759161470154,14.2658,-7.2263,24.0658
1759161470194,8.8168,3.7303,18.6168
1759161470234,-8.8168,12.6649,0.9832
1759161470274,-14.2658,14.7343,-4.4658
1759161470314,-0.0000,8.8168,9.8000
1759161470354,14.2658,-1.8800,24.0658
1759161470394,8.8168,-11.5577,18.6168
1759161470434,-8.8168,-14.9704,0.9832
1759161470474,-14.2658,-10.2682,-4.4658
1759161470514,-0.0000,0.0000,9.8000
1759161470554,14.2658,10.2682,24.0658
1759161470594,8.8168,14.9704,18.6168
1759161470634,-8.8168,11.5577,0.9832
1759161470674,-14.2658,1.8800,-4.4658
1759161470714,-0.0000,-8.8168,9.8000
1759161470754,14.2658,-14.7343,24.0658
1759161470794,8.8168,-12.6649,18.6168
1759161470834,-8.8168,-3.7303,0.9832
1759161470874,-14.2658,7.2263,-4.4658
1759161470914,-0.0000,14.2658,9.8000
1759161470954,14.2658,13.5724,24.0658
1759161470994,8.8168,5.5219,18.6168
1759161471034,-8.8168,-5.5219,0.9832
1759161471074,-14.2658,-13.5724,-4.4658
1759161471114,0.0000,-14.2658,9.8000
1759161471154,14.2658,-7.2263,24.0658
1759161471194,8.8168,3.7303,18.6168
1759161471234,-8.8168,12.6649,0.9832
1759161471274,-14.2658,14.7343,-4.4658
1759161471314,-0.0000,8.8168,9.8000
1759161471354,14.2658,-1.8800,24.0658
1759161471394,8.8168,-11.5577,18.6168
1759161471434,-8.8168,-14.9704,0.9832
1759161471474,-14.2658,-10.2682,-4.4658
1759161471514,-0.0000,0.0000,9.8000
1759161471554,14.2658,10.2682,24.0658
1759161471594,8.8168,14.9704,18.6168
1759161471634,-8.8168,11.5577,0.9832
1759161471674,-14.2658,1.8800,-4.4658
1759161471714,-0.0000,-8.8168,9.8000
1759161471754,14.2658,-14.7343,24.0658
1759161471794,8.8168,-12.6649,18.6168
1759161471834,-8.8168,-3.7303,0.9832
1759161471874,-14.2658,7.2263,-4.4658
1759161471914,-0.0000,14.2658,9.8000
1759161471954,14.2658,13.5724,24.0658
1759161471994,8.8168,5.5219,18.6168
1759161472034,-8.8168,-5.5219,0.9832
1759161472074,-14.2658,-13.5724,-4.4658
1759161472114,-0.0000,-14.2658,9.8000
1759161472154,14.2658,-7.2263,24.0658
1759161472194,8.8168,3.7303,18.6168
1759161472234,-8.8168,12.6649,0.9832
1759161472274,-14.2658,14.7343,-4.4658
1759161472314,0.0000,8.8168,9.8000
1759161472354,14.2658,-1.8800,24.0658
1759161472394,8.8168,-11.5577,18.6168
1759161472434,-8.8168,-14.9704,0.9832
1759161472474,-14.2658,-10.2682,-4.4658
1759161472514,-0.0000,-0.0000,9.8000
1759161472554,14.2658,10.2682,24.0658
1759161472594,8.8168,14.9704,18.6168
1759161472634,-8.8168,11.5577,0.9832
1759161472674,-14.2658,1.8800,-4.4658
1759161472714,-0.0000,-8.8168,9.8000
1759161472754,14.2658,-14.7343,24.0658
1759161472794,8.8168,-12.6649,18.6168
1759161472834,-8.8168,-3.7303,0.9832
1759161472874,-14.2658,7.2263,-4.4658
1759161472914,-0.0000,14.2658,9.8000
1759161472954,14.2658,13.5724,24.0658
1759161472994,8.8168,5.5219,18.6168
1759161473034,-8.8168,-5.5219,0.9832
1759161473074,-14.2658,-13.5724,-4.4658
1759161473114,-0.0000,-14.2658,9.8000
1759161473154,14.2658,-7.2263,24.0658
1759161473194,8.8168,3.7303,18.6168
1759161473234,-8.8168,12.6649,0.9832
1759161473274,-14.2658,14.7343,-4.4658
1759161473314,0.0000,8.8168,9.8000
1759161473354,14.2658,-1.8800,24.0658
1759161473394,8.8168,-11.5577,18.6168
1759161473434,-8.8168,-14.9704,0.9832
1759161473474,-14.2658,-10.2682,-4.4658
1759161473514,-0.0000,-0.0000,9.8000
1759161473554,14.2658,10.2682,24.0658
1759161473594,8.8168,14.9704,18.6168
1759161473634,-8.8168,11.5577,0.9832
1759161473674,-14.2658,1.8800,-4.4658
1759161473714,-0.0000,-8.8168,9.8000
1759161473754,14.2658,-14.7343,24.0658
1759161473794,8.8168,-12.6649,18.6168
1759161473834,-8.8168,-3.7303,0.9832
1759161473874,-14.2658,7.2263,-4.4658
1759161473914,-0.0000,14.2658,9.8000
1759161473954,14.2658,13.5724,24.0658
1759161473994,8.8168,5.5219,18.6168
1759161474034,-8.8168,-5.5219,0.9832
1759161474074,-14.2658,-13.5724,-4.4658
1759161474114,0.0000,-14.2658,9.8000
1759161474154,14.2658,-7.2263,24.0658
1759161474194,8.8168,3.7303,18.6168
1759161474234,-8.8168,12.6649,0.9832
1759161474274,-14.2658,14.7343,-4.4658
1759161474314,-0.0000,8.8168,9.8000
1759161474354,14.2658,-1.8800,24.0658
1759161474394,8.8168,-11.5577,18.6168
1759161474434,-8.8168,-14.9704,0.9832
1759161474474,-14.2658,-10.2682,-4.4658
1759161474514,-0.0000,-0.0000,9.8000
1759161474554,14.2658,10.2682,24.0658
1759161474594,8.8168,14.9704,18.6168
1759161474634,-8.8168,11.5577,0.9832
1759161474674,-14.2658,1.8800,-4.4658
1759161474714,-0.0000,-8.8168,9.8000
1759161474754,14.2658,-14.7343,24.0658
1759161474794,8.8168,-12.6649,18.6168
1759161474834,-8.8168,-3.7303,0.9832
1759161474874,-14.2658,7.2263,-4.4658
1759161474914,-0.0000,14.2658,9.8000
1759161474954,14.2658,13.5724,24.0658
1759161474994,8.8168,5.5219,18.6168
1759161475034,-8.8168,-5.5219,0.9832
1759161475074,-14.2658,-13.5724,-4.4658
1759161475114,0.0000,-14.2658,9.8000
1759161475154,14.2658,-7.2263,24.0658
1759161475194,8.8168,3.7303,18.6168
1759161475234,-8.8168,12.6649,0.9832
1759161475274,-14.2658,14.7343,-4.4658
1759161475314,-0.0000,8.8168,9.8000
1759161475354,14.2658,-1.8800,24.0658
1759161475394,8.8168,-11.5577,18.6168
1759161475434,-8.8168,-14.9704,0.9832
1759161475474,-14.2658,-10.2682,-4.4658
1759161475514,0.0000,-0.0000,9.8000
1759161475554,14.2658,10.2682,24.0658
1759161475594,8.8168,14.9704,18.6168
1759161475634,-8.8168,11.5577,0.9832
1759161475674,-14.2658,1.8800,-4.4658
1759161475714,-0.0000,-8.8168,9.8000
1759161475754,14.2658,-14.7343,24.0658
1759161475794,8.8168,-12.6649,18.6168
1759161475834,-8.8168,-3.7303,0.9832
1759161475874,-14.2658,7.2263,-4.4658
1759161475914,-0.0000,14.2658,9.8000
1759161475954,14.2658,13.5724,24.0658
1759161475994,8.8168,5.5219,18.6168
1759161476034,-8.8168,-5.5219,0.9832
1759161476074,-14.2658,-13.5724,-4.4658
1759161476114,0.0000,-14.2658,9.8000
1759161476154,14.2658,-7.2263,24.0658
1759161476194,8.8168,3.7303,18.6168
1759161476234,-8.8168,12.6649,0.9832
1759161476274,-14.2658,14.7343,-4.4658
1759161476314,-0.0000,8.8168,9.8000
1759161476354,14.2658,-1.8800,24.0658
1759161476394,8.8168,-11.5577,18.6168
1759161476434,-8.8168,-14.9704,0.9832
1759161476474,-14.2658,-10.2682,-4.4658
1759161476514,-0.0000,-0.0000,9.8000
1759161476554,14.2658,10.2682,24.0658
1759161476594,8.8168,14.9704,18.6168
1759161476634,-8.8168,11.5577,0.9832
1759161476674,-14.2658,1.8800,-4.4658
1759161476714,-0.0000,-8.8168,9.8000
1759161476754,14.2658,-14.7343,24.0658
1759161476794,8.8168,-12.6649,18.6168
1759161476834,-8.8168,-3.7303,0.9832
1759161476874,-14.2658,7.2263,-4.4658
1759161476914,-0.0000,14.2658,9.8000
1759161476954,14.2658,13.5724,24.0658
1759161476994,8.8168,5.5219,18.6168
1759161477034,-8.8168,-5.5219,0.9832
1759161477074,-14.2658,-13.5724,-4.4658
1759161477114,-0.0000,-14.2658,9.8000
1759161477154,14.2658,-7.2263,24.0658
1759161477194,8.8168,3.7303,18.6168
1759161477234,-8.8168,12.6649,0.9832
1759161477274,-14.2658,14.7343,-4.4658
1759161477314,0.0000,8.8168,9.8000
1759161477354,14.2658,-1.8800,24.0658
1759161477394,8.8168,-11.5577,18.6168
1759161477434,-8.8168,-14.9704,0.9832
1759161477474,-14.2658,-10.2682,-4.4658
1759161477514,-0.0000,-0.0000,9.8000
1759161477554,14.2658,10.2682,24.0658
1759161477594,8.8168,14.9704,18.6168
1759161477634,-8.8168,11.5577,0.9832
1759161477674,-14.2658,1.8800,-4.4658
1759161477714,-0.0000,-8.8168,9.8000
1759161477754,14.2658,-14.7343,24.0658
1759161477794,8.8168,-12.6649,18.6168
1759161477834,-8.8168,-3.7303,0.9832
1759161477874,-14.2658,7.2263,-4.4658
1759161477914,-0.0000,14.2658,9.8000
1759161477954,14.2658,13.5724,24.0658
1759161477994,8.8168,5.5219,18.6168
1759161478034,-8.8168,-5.5219,0.9832
1759161478074,-14.2658,-13.5724,-4.4658
1759161478114,-0.0000,-14.2658,9.8000
1759161478154,14.2658,-7.2263,24.0658
1759161478194,8.8168,3.7303,18.6168
1759161478234,-8.8168,12.6649,0.9832
1759161478274,-14.2658,14.7343,-4.4658
1759161478314,0.0000,8.8168,9.8000
1759161478354,14.2658,-1.8800,24.0658
1759161478394,8.8168,-11.5577,18.6168
1759161478434,-8.8168,-14.9704,0.9832
1759161478474,-14.2658,-10.2682,-4.4658
1759161478514,-0.0000,-0.0000,9.8000
1759161478554,14.2658,10.2682,24.0658
1759161478594,8.8168,14.9704,18.6168
1759161478634,-8.8168,11.5577,0.9832
1759161478674,-14.2658,1.8800,-4.4658
1759161478714,-0.0000,-8.8168,9.8000
1759161478754,14.2658,-14.7343,24.0658
1759161478794,8.8168,-12.6649,18.6168
1759161478834,-8.8168,-3.7303,0.9832
1759161478874,-14.2658,7.2263,-4.4658
1759161478914,-0.0000,14.2658,9.8000
1759161478954,14.2658,13.5724,24.0658
1759161478994,8.8168,5.5219,18.6168
1759161479034,-8.8168,-5.5219,0.9832
1759161479074,-14.2658,-13.5724,-4.4658
1759161479114,-0.0000,-14.2658,9.8000
1759161479154,14.2658,-7.2263,24.0658
1759161479194,8.8168,3.7303,18.6168
1759161479234,-8.8168,12.6649,0.9832
1759161479274,-14.2658,14.7343,-4.4658
1759161479314,-0.0000,8.8168,9.8000
1759161479354,14.2658,-1.8800,24.0658
1759161479394,8.8168,-11.5577,18.6168
1759161479434,-8.8168,-14.9704,0.9832
1759161479474,-14.2658,-10.2682,-4.4658
1759161479514,-0.0000,-0.0000,9.8000
1759161479554,14.2658,10.2682,24.0658
1759161479594,8.8168,14.9704,18.6168
1759161479634,-8.8168,11.5577,0.9832
1759161479674,-14.2658,1.8800,-4.4658
1759161479714,-0.0000,-8.8168,9.8000
1759161479754,14.2658,-14.7343,24.0658
1759161479794,8.8168,-12.6649,18.6168
1759161479834,-8.8168,-3.7303,0.9832
1759161479874,-14.2658,7.2263,-4.4658
1759161479914,-0.0000,14.2658,9.8000
1759161479954,14.2658,13.5724,24.0658
1759161479994,8.8168,5.5219,18.6168
1759161480034,-8.8168,-5.5219,0.9832
1759161480074,-14.2658,-13.5724,-4.4658
1759161480114,0.0000,-14.2658,9.8000
1759161480154,14.2658,-7.2263,24.0658
1759161480194,8.8168,3.7303,18.6168
1759161480234,-8.8168,12.6649,0.9832
1759161480274,-14.2658,14.7343,-4.4658
1759161480314,-0.0000,8.8168,9.8000
1759161480354,14.2658,-1.8800,24.0658
1759161480394,8.8168,-11.5577,18.6168
1759161480434,-8.8168,-14.9704,0.9832
1759161480474,-14.2658,-10.2682,-4.4658
1759161480514,0.0000,0.0000,9.8000
1759161480554,14.2658,10.2682,24.0658
1759161480594,8.8168,14.9704,18.6168
1759161480634,-8.8168,11.5577,0.9832
1759161480674,-14.2658,1.8800,-4.4658
1759161480714,-0.0000,-8.8168,9.8000
1759161480754,14.2658,-14.7343,24.0658
1759161480794,8.8168,-12.6649,18.6168
1759161480834,-8.8168,-3.7303,0.9832
1759161480874,-14.2658,7.2263,-4.4658
1759161480914,-0.0000,14.2658,9.8000
1759161480954,14.2658,13.5724,24.0658
1759161480994,8.8168,5.5219,18.6168
1759161481034,-8.8168,-5.5219,0.9832
1759161481074,-14.2658,-13.5724,-4.4658
1759161481114,0.0000,-14.2658,9.8000
1759161481154,14.2658,-7.2263,24.0658
1759161481194,8.8168,3.7303,18.6168
1759161481234,-8.8168,12.6649,0.9832
1759161481274,-14.2658,14.7343,-4.4658
1759161481314,-0.0000,8.8168,9.8000
1759161481354,14.2658,-1.8800,24.0658
1759161481394,8.8168,-11.5577,18.6168
1759161481434,-8.8168,-14.9704,0.9832
1759161481474,-14.2658,-10.2682,-4.4658
1759161481514,-0.0000,0.0000,9.8000
1759161481554,14.2658,10.2682,24.0658
1759161481594,8.8168,14.9704,18.6168
1759161481634,-8.8168,11.5577,0.9832
1759161481674,-14.2658,1.8800,-4.4658
1759161481714,-0.0000,-8.8168,9.8000
1759161481754,14.2658,-14.7343,24.0658
1759161481794,8.8168,-12.6649,18.6168
1759161481834,-8.8168,-3.7303,0.9832
1759161481874,-14.2658,7.2263,-4.4658
1759161481914,-0.0000,14.2658,9.8000
1759161481954,14.2658,13.5724,24.0658
1759161481994,8.8168,5.5219,18.6168
1759161482034,-8.8168,-5.5219,0.9832
1759161482074,-14.2658,-13.5724,-4.4658
1759161482114,0.0000,-14.2658,9.8000
1759161482154,14.2658,-7.2263,24.0658
1759161482194,8.8168,3.7303,18.6168
1759161482234,-8.8168,12.6649,0.9832
1759161482274,-14.2658,14.7343,-4.4658
1759161482314,-0.0000,8.8168,9.8000
1759161482354,14.2658,-1.8800,24.0658
1759161482394,8.8168,-11.5577,18.6168
1759161482434,-8.8168,-14.9704,0.9832
1759161482474,-14.2658,-10.2682,-4.4658
1759161482514,-0.0000,0.0000,9.8000
1759161482554,14.2658,10.2682,24.0658
1759161482594,8.8168,14.9704,18.6168
1759161482634,-8.8168,11.5577,0.9832
1759161482674,-14.2658,1.8800,-4.4658
1759161482714,-0.0000,-8.8168,9.8000
1759161482754,14.2658,-14.7343,24.0658
1759161482794,8.8168,-12.6649,18.6168
1759161482834,-8.8168,-3.7303,0.9832
1759161482874,-14.2658,7.2263,-4.4658
1759161482914,-0.0000,14.2658,9.8000
1759161482954,14.2658,13.5724,24.0658
1759161482994,8.8168,5.5219,18.6168
1759161483034,-8.8168,-5.5219,0.9832
1759161483074,-14.2658,-13.5724,-4.4658
1759161483114,-0.0000,-14.2658,9.8000
1759161483154,14.2658,-7.2263,24.0658
1759161483194,8.8168,3.7303,18.6168
1759161483234,-8.8168,12.6649,0.9832
1759161483274,-14.2658,14.7343,-4.4658
1759161483314,0.0000,8.8168,9.8000
1759161483354,14.2658,-1.8800,24.0658
1759161483394,8.8168,-11.5577,18.6168
1759161483434,-8.8168,-14.9704,0.9832
1759161483474,-14.2658,-10.2682,-4.4658
1759161483514,-0.0000,-0.0000,9.8000
1759161483554,14.2658,10.2682,24.0658
1759161483594,8.8168,14.9704,18.6168
1759161483634,-8.8168,11.5577,0.9832
1759161483674,-14.2658,1.8800,-4.4658
1759161483714,-0.0000,-8.8168,9.8000
1759161483754,14.2658,-14.7343,24.0658
1759161483794,8.8168,-12.6649,18.6168
1759161483834,-8.8168,-3.7303,0.9832
1759161483874,-14.2658,7.2263,-4.4658
1759161483914,-0.0000,14.2658,9.8000
1759161483954,14.2658,13.5724,24.0658
1759161483994,8.8168,5.5219,18.6168
1759161484034,-8.8168,-5.5219,0.9832
1759161484074,-14.2658,-13.5724,-4.4658
1759161484114,-0.0000,-14.2658,9.8000
1759161484154,14.2658,-7.2263,24.0658
1759161484194,8.8168,3.7303,18.6168
1759161484234,-8.8168,12.6649,0.9832
1759161484274,-14.2658,14.7343,-4.4658
1759161484314,0.0000,8.8168,9.8000
1759161484354,14.2658,-1.8800,24.0658
1759161484394,8.8168,-11.5577,18.6168
1759161484434,-8.8168,-14.9704,0.9832
1759161484474,-14.2658,-10.2682,-4.4658
1759161484514,-0.0000,-0.0000,9.8000
1759161484554,14.2658,10.2682,24.0658
1759161484594,8.8168,14.9704,18.6168
1759161484634,-8.8168,11.5577,0.9832
1759161484674,-14.2658,1.8800,-4.4658
1759161484714,-0.0000,-8.8168,9.8000
1759161484754,14.2658,-14.7343,24.0658
1759161484794,8.8168,-12.6649,18.6168
1759161484834,-8.8168,-3.7303,0.9832
1759161484874,-14.2658,7.2263,-4.4658
1759161484914,-0.0000,14.2658,9.8000
1759161484954,14.2658,13.5724,24.0658
1759161484994,8.8168,5.5219,18.6168
1759161485034,-8.8168,-5.5219,0.9832
1759161485074,-14.2658,-13.5724,-4.4658
1759161485114,0.0000,-14.2658,9.8000
1759161485154,14.2658,-7.2263,24.0658
1759161485194,8.8168,3.7303,18.6168
1759161485234,-8.8168,12.6649,0.9832
1759161485274,-14.2658,14.7343,-4.4658
1759161485314,-0.0000,8.8168,9.8000
1759161485354,14.2658,-1.8800,24.0658
1759161485394,8.8168,-11.5577,18.6168
1759161485434,-8.8168,-14.9704,0.9832
1759161485474,-14.2658,-10.2682,-4.4658
1759161485514,-0.0000,-0.0000,9.8000
1759161485554,14.2658,10.2682,24.0658
1759161485594,8.8168,14.9704,18.6168
1759161485634,-8.8168,11.5577,0.9832
1759161485674,-14.2658,1.8800,-4.4658
1759161485714,-0.0000,-8.8168,9.8000
1759161485754,14.2658,-14.7343,24.0658
1759161485794,8.8168,-12.6649,18.6168
1759161485834,-8.8168,-3.7303,0.9832
1759161485874,-14.2658,7.2263,-4.4658
1759161485914,-0.0000,14.2658,9.8000
1759161485954,14.2658,13.5724,24.0658
1759161485994,8.8168,5.5219,18.6168
1759161486034,-8.8168,-5.5219,0.9832
1759161486074,-14.2658,-13.5724,-4.4658
1759161486114,0.0000,-14.2658,9.8000
1759161486154,14.2658,-7.2263,24.0658
1759161486194,8.8168,3.7303,18.6168
1759161486234,-8.8168,12.6649,0.9832
1759161486274,-14.2658,14.7343,-4.4658
1759161486314,-0.0000,8.8168,9.8000
1759161486354,14.2658,-1.8800,24.0658
1759161486394,8.8168,-11.5577,18.6168
1759161486434,-8.8168,-14.9704,0.9832
1759161486474,-14.2658,-10.2682,-4.4658
1759161486514,0.0000,-0.0000,9.8000
1759161486554,14.2658,10.2682,24.0658
1759161486594,8.8168,14.9704,18.6168
1759161486634,-8.8168,11.5577,0.9832
1759161486674,-14.2658,1.8800,-4.4658
1759161486714,-0.0000,-8.8168,9.8000
1759161486754,14.2658,-14.7343,24.0658
1759161486794,8.8168,-12.6649,18.6168
1759161486834,-8.8168,-3.7303,0.9832
1759161486874,-14.2658,7.2263,-4.4658
1759161486914,-0.0000,14.2658,9.8000
1759161486954,14.2658,13.5724,24.0658
1759161486994,8.8168,5.5219,18.6168
1759161487034,-8.8168,-5.5219,0.9832
1759161487074,-14.2658,-13.5724,-4.4658
1759161487114,0.0000,-14.2658,9.8000
1759161487154,14.2658,-7.2263,24.0658
1759161487194,8.8168,3.7303,18.6168
1759161487234,-8.8168,12.6649,0.9832
1759161487274,-14.2658,14.7343,-4.4658
1759161487314,-0.0000,8.8168,9.8000
1759161487354,14.2658,-1.8800,24.0658
1759161487394,8.8168,-11.5577,18.6168
1759161487434,-8.8168,-14.9704,0.9832
1759161487474,-14.2658,-10.2682,-4.4658
1759161487514,-0.0000,-0.0000,9.8000
1759161487554,14.2658,10.2682,24.0658
1759161487594,8.8168,14.9704,18.6168
1759161487634,-8.8168,11.5577,0.9832
1759161487674,-14.2658,1.8800,-4.4658
1759161487714,-0.0000,-8.8168,9.8000
1759161487754,14.2658,-14.7343,24.0658
1759161487794,8.8168,-12.6649,18.6168
1759161487834,-8.8168,-3.7303,0.9832
1759161487874,-14.2658,7.2263,-4.4658
1759161487914,-0.0000,14.2658,9.8000
1759161487954,14.2658,13.5724,24.0658
1759161487994,8.8168,5.5219,18.6168
1759161488034,-8.8168,-5.5219,0.9832
1759161488074,-14.2658,-13.5724,-4.4658
1759161488114,-0.0000,-14.2658,9.8000
1759161488154,14.2658,-7.2263,24.0658
1759161488194,8.8168,3.7303,18.6168
1759161488234,-8.8168,12.6649,0.9832
1759161488274,-14.2658,14.7343,-4.4658
1759161488314,0.0000,8.8168,9.8000
1759161488354,14.2658,-1.8800,24.0658
1759161488394,8.8168,-11.5577,18.6168
1759161488434,-8.8168,-14.9704,0.9832
1759161488474,-14.2658,-10.2682,-4.4658
1759161488514,-0.0000,-0.0000,9.8000
1759161488554,14.2658,10.2682,24.0658
1759161488594,8.8168,14.9704,18.6168
1759161488634,-8.8168,11.5577,0.9832
1759161488674,-14.2658,1.8800,-4.4658
1759161488714,0.0000,-8.8168,9.8000
1759161488754,14.2658,-14.7343,24.0658
1759161488794,8.8168,-12.6649,18.6168
1759161488834,-8.8168,-3.7303,0.9832
1759161488874,-14.2658,7.2263,-4.4658
1759161488914,-0.0000,14.2658,9.8000
1759161488954,14.2658,13.5724,24.0658
1759161488994,8.8168,5.5219,18.6168
1759161489034,-8.8168,-5.5219,0.9832
1759161489074,-14.2658,-13.5724,-4.4658
1759161489114,-0.0000,-14.2658,9.8000
1759161489154,14.2658,-7.2263,24.0658
1759161489194,8.8168,3.7303,18.6168
1759161489234,-8.8168,12.6649,0.9832
1759161489274,-14.2658,14.7343,-4.4658
1759161489314,-0.0000,8.8168,9.8000
1759161489354,14.2658,-1.8800,24.0658
1759161489394,8.8168,-11.5577,18.6168
1759161489434,-8.8168,-14.9704,0.9832
1759161489474,-14.2658,-10.2682,-4.4658
1759161489514,-0.0000,-0.0000,9.8000
1759161489554,14.2658,10.2682,24.0658
1759161489594,8.8168,14.9704,18.6168
1759161489634,-8.8168,11.5577,0.9832
1759161489674,-14.2658,1.8800,-4.4658
1759161489714,0.0000,-8.8168,9.8000
1759161489754,14.2658,-14.7343,24.0658
1759161489794,8.8168,-12.6649,18.6168
1759161489834,-8.8168,-3.7303,0.9832
1759161489874,-14.2658,7.2263,-4.4658
1759161489914,-0.0000,14.2658,9.8000
1759161489954,14.2658,13.5724,24.0658
1759161489994,8.8168,5.5219,18.6168
1759161490034,-8.8168,-5.5219,0.9832
1759161490074,-14.2658,-13.5724,-4.4658
1759161490114,-0.0000,-14.2658,9.8000
1759161490154,14.2658,-7.2263,24.0658
1759161490194,8.8168,3.7303,18.6168
1759161490234,-8.8168,12.6649,0.9832
1759161490274,-14.2658,14.7343,-4.4658
1759161490314,-0.0000,8.8168,9.8000
1759161490354,14.2658,-1.8800,24.0658
1759161490394,8.8168,-11.5577,18.6168
1759161490434,-8.8168,-14.9704,0.9832
1759161490474,-14.2658,-10.2682,-4.4658
1759161490514,-0.0000,-0.0000,9.8000
1759161490554,14.2658,10.2682,24.0658
1759161490594,8.8168,14.9704,18.6168
1759161490634,-8.8168,11.5577,0.9832
1759161490674,-14.2658,1.8800,-4.4658
1759161490714,0.0000,-8.8168,9.8000
1759161490754,14.2658,-14.7343,24.0658
1759161490794,8.8168,-12.6649,18.6168
1759161490834,-8.8168,-3.7303,0.9832
1759161490874,-14.2658,7.2263,-4.4658
1759161490914,-0.0000,14.2658,9.8000
1759161490954,14.2658,13.5724,24.0658
1759161490994,8.8168,5.5219,18.6168
1759161491034,-8.8168,-5.5219,0.9832
1759161491074,-14.2658,-13.5724,-4.4658
1759161491114,0.0000,-14.2658,9.8000
1759161491154,14.2658,-7.2263,24.0658
1759161491194,8.8168,3.7303,18.6168
1759161491234,-8.8168,12.6649,0.9832
1759161491274,-14.2658,14.7343,-4.4658
1759161491314,-0.0000,8.8168,9.8000
1759161491354,14.2658,-1.8800,24.0658
1759161491394,8.8168,-11.5577,18.6168
1759161491434,-8.8168,-14.9704,0.9832
1759161491474,-14.2658,-10.2682,-4.4658
1759161491514,0.0000,0.0000,9.8000
1759161491554,14.2658,10.2682,24.0658
1759161491594,8.8168,14.9704,18.6168
1759161491634,-8.8168,11.5577,0.9832
1759161491674,-14.2658,1.8800,-4.4658
1759161491714,0.0000,-8.8168,9.8000
1759161491754,14.2658,-14.7343,24.0658
1759161491794,8.8168,-12.6649,18.6168
1759161491834,-8.8168,-3.7303,0.9832
1759161491874,-14.2658,7.2263,-4.4658
1759161491914,-0.0000,14.2658,9.8000
1759161491954,14.2658,13.5724,24.0658
1759161491994,8.8168,5.5219,18.6168
1759161492034,-8.8168,-5.5219,0.9832
1759161492074,-14.2658,-13.5724,-4.4658
1759161492114,0.0000,-14.2658,9.8000
1759161492154,14.2658,-7.2263,24.0658
1759161492194,8.8168,3.7303,18.6168
1759161492234,-8.8168,12.6649,0.9832
1759161492274,-14.2658,14.7343,-4.4658
1759161492314,-0.0000,8.8168,9.8000
1759161492354,14.2658,-1.8800,24.0658
1759161492394,8.8168,-11.5577,18.6168
1759161492434,-8.8168,-14.9704,0.9832
1759161492474,-14.2658,-10.2682,-4.4658
1759161492514,-0.0000,0.0000,9.8000
1759161492554,14.2658,10.2682,24.0658
1759161492594,8.8168,14.9704,18.6168
1759161492634,-8.8168,11.5577,0.9832
1759161492674,-14.2658,1.8800,-4.4658
1759161492714,0.0000,-8.8168,9.8000
1759161492754,14.2658,-14.7343,24.0658
1759161492794,8.8168,-12.6649,18.6168
1759161492834,-8.8168,-3.7303,0.9832
1759161492874,-14.2658,7.2263,-4.4658
1759161492914,-0.0000,14.2658,9.8000
1759161492954,14.2658,13.5724,24.0658
1759161492994,8.8168,5.5219,18.6168
1759161493034,-8.8168,-5.5219,0.9832
1759161493074,-14.2658,-13.5724,-4.4658
1759161493114,0.0000,-14.2658,9.8000
1759161493154,14.2658,-7.2263,24.0658
1759161493194,8.8168,3.7303,18.6168
1759161493234,-8.8168,12.6649,0.9832
1759161493274,-14.2658,14.7343,-4.4658
1759161493314,-0.0000,8.8168,9.8000
1759161493354,14.2658,-1.8800,24.0658
1759161493394,8.8168,-11.5577,18.6168
1759161493434,-8.8168,-14.9704,0.9832
1759161493474,-14.2658,-10.2682,-4.4658
1759161493514,-0.0000,0.0000,9.8000
1759161493554,14.2658,10.2682,24.0658
1759161493594,8.8168,14.9704,18.6168
1759161493634,-8.8168,11.5577,0.9832
1759161493674,-14.2658,1.8800,-4.4658
1759161493714,0.0000,-8.8168,9.8000
1759161493754,14.2658,-14.7343,24.0658
1759161493794,8.8168,-12.6649,18.6168
1759161493834,-8.8168,-3.7303,0.9832
1759161493874,-14.2658,7.2263,-4.4658
1759161493914,-0.0000,14.2658,9.8000
1759161493954,14.2658,13.5724,24.0658
1759161493994,8.8168,5.5219,18.6168
1759161494034,-8.8168,-5.5219,0.9832
1759161494074,-14.2658,-13.5724,-4.4658
1759161494114,-0.0000,-14.2658,9.8000
1759161494154,14.2658,-7.2263,24.0658
1759161494194,8.8168,3.7303,18.6168
1759161494234,-8.8168,12.6649,0.9832
1759161494274,-14.2658,14.7343,-4.4658
1759161494314,-0.0000,8.8168,9.8000
1759161494354,14.2658,-1.8800,24.0658
1759161494394,8.8168,-11.5577,18.6168
1759161494434,-8.8168,-14.9704,0.9832
1759161494474,-14.2658,-10.2682,-4.4658
1759161494514,-0.0000,-0.0000,9.8000
1759161494554,14.2658,10.2682,24.0658
1759161494594,8.8168,14.9704,18.6168
1759161494634,-8.8168,11.5577,0.9832
1759161494674,-14.2658,1.8800,-4.4658
1759161494714,0.0000,-8.8168,9.8000
1759161494754,14.2658,-14.7343,24.0658
1759161494794,8.8168,-12.6649,18.6168
1759161494834,-8.8168,-3.7303,0.9832
1759161494874,-14.2658,7.2263,-4.4658
1759161494914,-0.0000,14.2658,9.8000
1759161494954,14.2658,13.5724,24.0658
1759161494994,8.8168,5.5219,18.6168
1759161495034,-8.8168,-5.5219,0.9832
1759161495074,-14.2658,-13.5724,-4.4658
1759161495114,-0.0000,-14.2658,9.8000
1759161495154,14.2658,-7.2263,24.0658
1759161495194,8.8168,3.7303,18.6168
1759161495234,-8.8168,12.6649,0.9832
1759161495274,-14.2658,14.7343,-4.4658
1759161495314,-0.0000,8.8168,9.8000
1759161495354,14.2658,-1.8800,24.0658
1759161495394,8.8168,-11.5577,18.6168
1759161495434,-8.8168,-14.9704,0.9832
1759161495474,-14.2658,-10.2682,-4.4658
1759161495514,-0.0000,-0.0000,9.8000
1759161495554,14.2658,10.2682,24.0658
1759161495594,8.8168,14.9704,18.6168
1759161495634,-8.8168,11.5577,0.9832
1759161495674,-14.2658,1.8800,-4.4658
1759161495714,0.0000,-8.8168,9.8000
1759161495754,14.2658,-14.7343,24.0658
1759161495794,8.8168,-12.6649,18.6168
1759161495834,-8.8168,-3.7303,0.9832
1759161495874,-14.2658,7.2263,-4.4658
1759161495914,-0.0000,14.2658,9.8000
1759161495954,14.2658,13.5724,24.0658
1759161495994,8.8168,5.5219,18.6168
1759161496034,-8.8168,-5.5219,0.9832
1759161496074,-14.2658,-13.5724,-4.4658
1759161496114,0.0000,-14.2658,9.8000
1759161496154,14.2658,-7.2263,24.0658
1759161496194,8.8168,3.7303,18.6168
1759161496234,-8.8168,12.6649,0.9832
1759161496274,-14.2658,14.7343,-4.4658
1759161496314,-0.0000,8.8168,9.8000
1759161496354,14.2658,-1.8800,24.0658
1759161496394,8.8168,-11.5577,18.6168
1759161496434,-8.8168,-14.9704,0.9832
1759161496474,-14.2658,-10.2682,-4.4658
1759161496514,-0.0000,-0.0000,9.8000
1759161496554,14.2658,10.2682,24.0658
1759161496594,8.8168,14.9704,18.6168
1759161496634,-8.8168,11.5577,0.9832
1759161496674,-14.2658,1.8800,-4.4658
1759161496714,0.0000,-8.8168,9.8000
1759161496754,14.2658,-14.7343,24.0658
1759161496794,8.8168,-12.6649,18.6168
1759161496834,-8.8168,-3.7303,0.9832
1759161496874,-14.2658,7.2263,-4.4658
1759161496914,-0.0000,14.2658,9.8000
1759161496954,14.2658,13.5724,24.0658
1759161496994,8.8168,5.5219,18.6168
1759161497034,-8.8168,-5.5219,0.9832
1759161497074,-14.2658,-13.5724,-4.4658
1759161497114,0.0000,-14.2658,9.8000
1759161497154,14.2658,-7.2263,24.0658
1759161497194,8.8168,3.7303,18.6168
1759161497234,-8.8168,12.6649,0.9832
1759161497274,-14.2658,14.7343,-4.4658
1759161497314,-0.0000,8.8168,9.8000
1759161497354,14.2658,-1.8800,24.0658
1759161497394,8.8168,-11.5577,18.6168
1759161497434,-8.8168,-14.9704,0.9832
1759161497474,-14.2658,-10.2682,-4.4658
1759161497514,-0.0000,-0.0000,9.8000
1759161497554,14.2658,10.2682,24.0658
1759161497594,8.8168,14.9704,18.6168
1759161497634,-8.8168,11.5577,0.9832
1759161497674,-14.2658,1.8800,-4.4658
1759161497714,0.0000,-8.8168,9.8000
1759161497754,14.2658,-14.7343,24.0658
1759161497794,8.8168,-12.6649,18.6168
1759161497834,-8.8168,-3.7303,0.9832
1759161497874,-14.2658,7.2263,-4.4658
1759161497914,-0.0000,14.2658,9.8000
1759161497954,14.2658,13.5724,24.0658
1759161497994,8.8168,5.5219,18.6168
1759161498034,-8.8168,-5.5219,0.9832
1759161498074,-14.2658,-13.5724,-4.4658
1759161498114,-0.0000,-14.2658,9.8000
1759161498154,14.2658,-7.2263,24.0658
1759161498194,8.8168,3.7303,18.6168
1759161498234,-8.8168,12.6649,0.9832
1759161498274,-14.2658,14.7343,-4.4658
1759161498314,-0.0000,8.8168,9.8000
1759161498354,14.2658,-1.8800,24.0658
1759161498394,8.8168,-11.5577,18.6168
1759161498434,-8.8168,-14.9704,0.9832
1759161498474,-14.2658,-10.2682,-4.4658
1759161498514,-0.0000,-0.0000,9.8000
1759161498554,14.2658,10.2682,24.0658
1759161498594,8.8168,14.9704,18.6168
1759161498634,-8.8168,11.5577,0.9832
1759161498674,-14.2658,1.8800,-4.4658
1759161498714,0.0000,-8.8168,9.8000
1759161498754,14.2658,-14.7343,24.0658
1759161498794,8.8168,-12.6649,18.6168
1759161498834,-8.8168,-3.7303,0.9832
1759161498874,-14.2658,7.2263,-4.4658
1759161498914,-0.0000,14.2658,9.8000
1759161498954,14.2658,13.5724,24.0658
1759161498994,8.8168,5.5219,18.6168
1759161499034,-8.8168,-5.5219,0.9832
1759161499074,-14.2658,-13.5724,-4.4658
1759161499114,0.0000,-14.2658,9.8000
1759161499154,14.2658,-7.2263,24.0658
1759161499194,8.8168,3.7303,18.6168
1759161499234,-8.8168,12.6649,0.9832
1759161499274,-14.2658,14.7343,-4.4658
1759161499314,-0.0000,8.8168,9.8000
1759161499354,14.2658,-1.8800,24.0658
1759161499394,8.8168,-11.5577,18.6168
1759161499434,-8.8168,-14.9704,0.9832
1759161499474,-14.2658,-10.2682,-4.4658
1759161499514,-0.0000,-0.0000,9.8000
1759161499554,14.2658,10.2682,24.0658
1759161499594,8.8168,14.9704,18.6168
1759161499634,-8.8168,11.5577,0.9832
1759161499674,-14.2658,1.8800,-4.4658
1759161499714,-0.0000,-8.8168,9.8000
1759161499754,14.2658,-14.7343,24.0658
1759161499794,8.8168,-12.6649,18.6168
1759161499834,-8.8168,-3.7303,0.9832
1759161499874,-14.2658,7.2263,-4.4658
1759161499914,-0.0000,14.2658,9.8000
1759161499954,14.2658,13.5724,24.0658
1759161499994,8.8168,5.5219,18.6168
1759161500034,-8.8168,-5.5219,0.9832
1759161500074,-14.2658,-13.5724,-4.4658
1759161500114,0.0000,-14.2658,9.8000
1759161500154,14.2658,-7.2263,24.0658
1759161500194,8.8168,3.7303,18.6168
1759161500234,-8.8168,12.6649,0.9832
1759161500274,-14.2658,14.7343,-4.4658
1759161500314,-0.0000,8.8168,9.8000
1759161500354,14.2658,-1.8800,24.0658
1759161500394,8.8168,-11.5577,18.6168
1759161500434,-8.8168,-14.9704,0.9832
1759161500474,-14.2658,-10.2682,-4.4658
1759161500514,-0.0000,-0.0000,9.8000
1759161500554,14.2658,10.2682,24.0658
1759161500594,8.8168,14.9704,18.6168
1759161500634,-8.8168,11.5577,0.9832
1759161500674,-14.2658,1.8800,-4.4658
1759161500714,-0.0000,-8.8168,9.8000
1759161500754,14.2658,-14.7343,24.0658
1759161500794,8.8168,-12.6649,18.6168
1759161500834,-8.8168,-3.7303,0.9832
1759161500874,-14.2658,7.2263,-4.4658
1759161500914,0.0000,14.2658,9.8000
1759161500954,14.2658,13.5724,24.0658
1759161500994,8.8168,5.5219,18.6168
1759161501034,-8.8168,-5.5219,0.9832
1759161501074,-14.2658,-13.5724,-4.4658
1759161501114,0.0000,-14.2658,9.8000
1759161501154,14.2658,-7.2263,24.0658
1759161501194,8.8168,3.7303,18.6168
1759161501234,-8.8168,12.6649,0.9832
1759161501274,-14.2658,14.7343,-4.4658
1759161501314,-0.0000,8.8168,9.8000
1759161501354,14.2658,-1.8800,24.0658
1759161501394,8.8168,-11.5577,18.6168
1759161501434,-8.8168,-14.9704,0.9832
1759161501474,-14.2658,-10.2682,-4.4658
1759161501514,-0.0000,-0.0000,9.8000
1759161501554,14.2658,10.2682,24.0658
1759161501594,8.8168,14.9704,18.6168
1759161501634,-8.8168,11.5577,0.9832
1759161501674,-14.2658,1.8800,-4.4658
1759161501714,-0.0000,-8.8168,9.8000
1759161501754,14.2658,-14.7343,24.0658
1759161501794,8.8168,-12.6649,18.6168
1759161501834,-8.8168,-3.7303,0.9832
1759161501874,-14.2658,7.2263,-4.4658
1759161501914,-0.0000,14.2658,9.8000
1759161501954,14.2658,13.5724,24.0658
1759161501994,8.8168,5.5219,18.6168
1759161502034,-8.8168,-5.5219,0.9832
1759161502074,-14.2658,-13.5724,-4.4658
1759161502114,0.0000,-14.2658,9.8000
1759161502154,14.2658,-7.2263,24.0658
1759161502194,8.8168,3.7303,18.6168
1759161502234,-8.8168,12.6649,0.9832
1759161502274,-14.2658,14.7343,-4.4658
1759161502314,-0.0000,8.8168,9.8000
1759161502354,14.2658,-1.8800,24.0658
1759161502394,8.8168,-11.5577,18.6168
1759161502434,-8.8168,-14.9704,0.9832
1759161502474,-14.2658,-10.2682,-4.4658
1759161502514,-0.0000,0.0000,9.8000
1759161502554,14.2658,10.2682,24.0658
1759161502594,8.8168,14.9704,18.6168
1759161502634,-8.8168,11.5577,0.9832
1759161502674,-14.2658,1.8800,-4.4658
1759161502714,-0.0000,-8.8168,9.8000
1759161502754,14.2658,-14.7343,24.0658
1759161502794,8.8168,-12.6649,18.6168
1759161502834,-8.8168,-3.7303,0.9832
1759161502874,-14.2658,7.2263,-4.4658
1759161502914,-0.0000,14.2658,9.8000
1759161502954,14.2658,13.5724,24.0658
1759161502994,8.8168,5.5219,18.6168
1759161503034,-8.8168,-5.5219,0.9832
1759161503074,-14.2658,-13.5724,-4.4658
1759161503114,0.0000,-14.2658,9.8000
1759161503154,14.2658,-7.2263,24.0658
1759161503194,8.8168,3.7303,18.6168
1759161503234,-8.8168,12.6649,0.9832
1759161503274,-14.2658,14.7343,-4.4658
1759161503314,-0.0000,8.8168,9.8000
1759161503354,14.2658,-1.8800,24.0658
1759161503394,8.8168,-11.5577,18.6168
1759161503434,-8.8168,-14.9704,0.9832
1759161503474,-14.2658,-10.2682,-4.4658
1759161503514,-0.0000,0.0000,9.8000
1759161503554,14.2658,10.2682,24.0658
1759161503594,8.8168,14.9704,18.6168
1759161503634,-8.8168,11.5577,0.9832
1759161503674,-14.2658,1.8800,-4.4658
1759161503714,0.0000,-8.8168,9.8000
1759161503754,14.2658,-14.7343,24.0658
1759161503794,8.8168,-12.6649,18.6168
1759161503834,-8.8168,-3.7303,0.9832
1759161503874,-14.2658,7.2263,-4.4658
1759161503914,-0.0000,14.2658,9.8000
1759161503954,14.2658,13.5724,24.0658
1759161503994,8.8168,5.5219,18.6168
1759161504034,-8.8168,-5.5219,0.9832
1759161504074,-14.2658,-13.5724,-4.4658
1759161504114,-0.0000,-14.2658,9.8000
1759161504154,14.2658,-7.2263,24.0658
1759161504194,8.8168,3.7303,18.6168
1759161504234,-8.8168,12.6649,0.9832
1759161504274,-14.2658,14.7343,-4.4658
1759161504314,-0.0000,8.8168,9.8000
1759161504354,14.2658,-1.8800,24.0658
1759161504394,8.8168,-11.5577,18.6168
1759161504434,-8.8168,-14.9704,0.9832
1759161504474,-14.2658,-10.2682,-4.4658
1759161504514,-0.0000,0.0000,9.8000
1759161504554,14.2658,10.2682,24.0658
1759161504594,8.8168,14.9704,18.6168
1759161504634,-8.8168,11.5577,0.9832
1759161504674,-14.2658,1.8800,-4.4658
1759161504714,0.0000,-8.8168,9.8000
1759161504754,14.2658,-14.7343,24.0658
1759161504794,8.8168,-12.6649,18.6168
1759161504834,-8.8168,-3.7303,0.9832
1759161504874,-14.2658,7.2263,-4.4658
1759161504914,-0.0000,14.2658,9.8000
1759161504954,14.2658,13.5724,24.0658
1759161504994,8.8168,5.5219,18.6168
1759161505034,-8.8168,-5.5219,0.9832
1759161505074,-14.2658,-13.5724,-4.4658
1759161505114,-0.0000,-14.2658,9.8000
1759161505154,14.2658,-7.2263,24.0658
1759161505194,8.8168,3.7303,18.6168
1759161505234,-8.8168,12.6649,0.9832
1759161505274,-14.2658,14.7343,-4.4658
1759161505314,-0.0000,8.8168,9.8000
1759161505354,14.2658,-1.8800,24.0658
1759161505394,8.8168,-11.5577,18.6168
1759161505434,-8.8168,-14.9704,0.9832
1759161505474,-14.2658,-10.2682,-4.4658
1759161505514,0.0000,-0.0000,9.8000
1759161505554,14.2658,10.2682,24.0658
1759161505594,8.8168,14.9704,18.6168
1759161505634,-8.8168,11.5577,0.9832
1759161505674,-14.2658,1.8800,-4.4658
1759161505714,0.0000,-8.8168,9.8000
1759161505754,14.2658,-14.7343,24.0658
1759161505794,8.8168,-12.6649,18.6168
1759161505834,-8.8168,-3.7303,0.9832
1759161505874,-14.2658,7.2263,-4.4658
1759161505914,-0.0000,14.2658,9.8000
1759161505954,14.2658,13.5724,24.0658
1759161505994,8.8168,5.5219,18.6168
1759161506034,-8.8168,-5.5219,0.9832
1759161506074,-14.2658,-13.5724,-4.4658
1759161506114,-0.0000,-14.2658,9.8000
1759161506154,14.2658,-7.2263,24.0658
1759161506194,8.8168,3.7303,18.6168
1759161506234,-8.8168,12.6649,0.9832
1759161506274,-14.2658,14.7343,-4.4658
1759161506314,-0.0000,8.8168,9.8000
1759161506354,14.2658,-1.8800,24.0658
1759161506394,8.8168,-11.5577,18.6168
1759161506434,-8.8168,-14.9704,0.9832
1759161506474,-14.2658,-10.2682,-4.4658
1759161506514,0.0000,-0.0000,9.8000
1759161506554,14.2658,10.2682,24.0658
1759161506594,8.8168,14.9704,18.6168
1759161506634,-8.8168,11.5577,0.9832
1759161506674,-14.2658,1.8800,-4.4658
1759161506714,0.0000,-8.8168,9.8000
1759161506754,14.2658,-14.7343,24.0658
1759161506794,8.8168,-12.6649,18.6168
1759161506834,-8.8168,-3.7303,0.9832
1759161506874,-14.2658,7.2263,-4.4658
1759161506914,-0.0000,14.2658,9.8000
1759161506954,14.2658,13.5724,24.0658
1759161506994,8.8168,5.5219,18.6168
1759161507034,-8.8168,-5.5219,0.9832
1759161507074,-14.2658,-13.5724,-4.4658
1759161507114,-0.0000,-14.2658,9.8000
1759161507154,14.2658,-7.2263,24.0658
1759161507194,8.8168,3.7303,18.6168
1759161507234,-8.8168,12.6649,0.9832
1759161507274,-14.2658,14.7343,-4.4658
1759161507314,-0.0000,8.8168,9.8000
1759161507354,14.2658,-1.8800,24.0658
1759161507394,8.8168,-11.5577,18.6168
1759161507434,-8.8168,-14.9704,0.9832
1759161507474,-14.2658,-10.2682,-4.4658
1759161507514,0.0000,-0.0000,9.8000
1759161507554,14.2658,10.2682,24.0658
1759161507594,8.8168,14.9704,18.6168
1759161507634,-8.8168,11.5577,0.9832
1759161507674,-14.2658,1.8800,-4.4658
1759161507714,0.0000,-8.8168,9.8000
1759161507754,14.2658,-14.7343,24.0658
1759161507794,8.8168,-12.6649,18.6168
1759161507834,-8.8168,-3.7303,0.9832
1759161507874,-14.2658,7.2263,-4.4658
1759161507914,-0.0000,14.2658,9.8000
1759161507954,14.2658,13.5724,24.0658
1759161507994,8.8168,5.5219,18.6168
1759161508034,-8.8168,-5.5219,0.9832
1759161508074,-14.2658,-13.5724,-4.4658
1759161508114,-0.0000,-14.2658,9.8000
1759161508154,14.2658,-7.2263,24.0658
1759161508194,8.8168,3.7303,18.6168
1759161508234,-8.8168,12.6649,0.9832
1759161508274,-14.2658,14.7343,-4.4658
1759161508314,-0.0000,8.8168,9.8000
1759161508354,14.2658,-1.8800,24.0658
1759161508394,8.8168,-11.5577,18.6168
1759161508434,-8.8168,-14.9704,0.9832
1759161508474,-14.2658,-10.2682,-4.4658
1759161508514,-0.0000,-0.0000,9.8000
1759161508554,14.2658,10.2682,24.0658
1759161508594,8.8168,14.9704,18.6168
1759161508634,-8.8168,11.5577,0.9832
1759161508674,-14.2658,1.8800,-4.4658
1759161508714,0.0000,-8.8168,9.8000
1759161508754,14.2658,-14.7343,24.0658
1759161508794,8.8168,-12.6649,18.6168
1759161508834,-8.8168,-3.7303,0.9832
1759161508874,-14.2658,7.2263,-4.4658
1759161508914,-0.0000,14.2658,9.8000
1759161508954,14.2658,13.5724,24.0658
1759161508994,8.8168,5.5219,18.6168
1759161509034,-8.8168,-5.5219,0.9832
1759161509074,-14.2658,-13.5724,-4.4658
1759161509114,-0.0000,-14.2658,9.8000
1759161509154,14.2658,-7.2263,24.0658
1759161509194,8.8168,3.7303,18.6168
1759161509234,-8.8168,12.6649,0.9832
1759161509274,-14.2658,14.7343,-4.4658
1759161509314,-0.0000,8.8168,9.8000
1759161509354,14.2658,-1.8800,24.0658
1759161509394,8.8168,-11.5577,18.6168
1759161509434,-8.8168,-14.9704,0.9832
1759161509474,-14.2658,-10.2682,-4.4658
1759161509514,-0.0000,-0.0000,9.8000
1759161509554,14.2658,10.2682,24.0658
1759161509594,8.8168,14.9704,18.6168
1759161509634,-8.8168,11.5577,0.9832
1759161509674,-14.2658,1.8800,-4.4658
1759161509714,0.0000,-8.8168,9.8000
1759161509754,14.2658,-14.7343,24.0658
1759161509794,8.8168,-12.6649,18.6168
1759161509834,-8.8168,-3.7303,0.9832
1759161509874,-14.2658,7.2263,-4.4658
1759161509914,-0.0000,14.2658,9.8000
1759161509954,14.2658,13.5724,24.0658
1759161509994,8.8168,5.5219,18.6168
1759161510034,-8.8168,-5.5219,0.9832
1759161510074,-14.2658,-13.5724,-4.4658
1759161510114,0.0000,-14.2658,9.8000
1759161510154,14.2658,-7.2263,24.0658
1759161510194,8.8168,3.7303,18.6168
1759161510234,-8.8168,12.6649,0.9832
1759161510274,-14.2658,14.7343,-4.4658
1759161510314,-0.0000,8.8168,9.8000
1759161510354,14.2658,-1.8800,24.0658
1759161510394,8.8168,-11.5577,18.6168
1759161510434,-8.8168,-14.9704,0.9832
1759161510474,-14.2658,-10.2682,-4.4658
1759161510514,-0.0000,-0.0000,9.8000
1759161510554,14.2658,10.2682,24.0658
1759161510594,8.8168,14.9704,18.6168
1759161510634,-8.8168,11.5577,0.9832
1759161510674,-14.2658,1.8800,-4.4658
1759161510714,-0.0000,-8.8168,9.8000
1759161510754,14.2658,-14.7343,24.0658
1759161510794,8.8168,-12.6649,18.6168
1759161510834,-8.8168,-3.7303,0.9832
1759161510874,-14.2658,7.2263,-4.4658
1759161510914,-0.0000,14.2658,9.8000
1759161510954,14.2658,13.5724,24.0658
1759161510994,8.8168,5.5219,18.6168
1759161511034,-8.8168,-5.5219,0.9832
1759161511074,-14.2658,-13.5724,-4.4658
1759161511114,0.0000,-14.2658,9.8000
1759161511154,14.2658,-7.2263,24.0658
1759161511194,8.8168,3.7303,18.6168
1759161511234,-8.8168,12.6649,0.9832
1759161511274,-14.2658,14.7343,-4.4658
1759161511314,-0.0000,8.8168,9.8000
1759161511354,14.2658,-1.8800,24.0658
1759161511394,8.8168,-11.5577,18.6168
1759161511434,-8.8168,-14.9704,0.9832
1759161511474,-14.2658,-10.2682,-4.4658
1759161511514,-0.0000,-0.0000,9.8000
1759161511554,14.2658,10.2682,24.0658
1759161511594,8.8168,14.9704,18.6168
1759161511634,-8.8168,11.5577,0.9832
1759161511674,-14.2658,1.8800,-4.4658
1759161511714,-0.0000,-8.8168,9.8000
1759161511754,14.2658,-14.7343,24.0658
1759161511794,8.8168,-12.6649,18.6168
1759161511834,-8.8168,-3.7303,0.9832
1759161511874,-14.2658,7.2263,-4.4658
1759161511914,0.0000,14.2658,9.8000
1759161511954,14.2658,13.5724,24.0658
1759161511994,8.8168,5.5219,18.6168
1759161512034,-8.8168,-5.5219,0.9832
1759161512074,-14.2658,-13.5724,-4.4658
1759161512114,0.0000,-14.2658,9.8000
1759161512154,14.2658,-7.2263,24.0658
1759161512194,8.8168,3.7303,18.6168
1759161512234,-8.8168,12.6649,0.9832
1759161512274,-14.2658,14.7343,-4.4658
1759161512314,-0.0000,8.8168,9.8000
1759161512354,14.2658,-1.8800,24.0658
1759161512394,8.8168,-11.5577,18.6168
1759161512434,-8.8168,-14.9704,0.9832
1759161512474,-14.2658,-10.2682,-4.4658
1759161512514,-0.0000,-0.0000,9.8000
1759161512554,14.2658,10.2682,24.0658
1759161512594,8.8168,14.9704,18.6168
1759161512634,-8.8168,11.5577,0.9832
1759161512674,-14.2658,1.8800,-4.4658
1759161512714,-0.0000,-8.8168,9.8000
1759161512754,14.2658,-14.7343,24.0658
1759161512794,8.8168,-12.6649,18.6168
1759161512834,-8.8168,-3.7303,0.9832
1759161512874,-14.2658,7.2263,-4.4658
1759161512914,-0.0000,14.2658,9.8000
1759161512954,14.2658,13.5724,24.0658
1759161512994,8.8168,5.5219,18.6168
1759161513034,-8.8168,-5.5219,0.9832
1759161513074,-14.2658,-13.5724,-4.4658
1759161513114,0.0000,-14.2658,9.8000
1759161513154,14.2658,-7.2263,24.0658
1759161513194,8.8168,3.7303,18.6168
1759161513234,-8.8168,12.6649,0.9832
1759161513274,-14.2658,14.7343,-4.4658
1759161513314,-0.0000,8.8168,9.8000
1759161513354,14.2658,-1.8800,24.0658
1759161513394,8.8168,-11.5577,18.6168
1759161513434,-8.8168,-14.9704,0.9832
1759161513474,-14.2658,-10.2682,-4.4658
1759161513514,-0.0000,0.0000,9.8000
1759161513554,14.2658,10.2682,24.0658
1759161513594,8.8168,14.9704,18.6168
1759161513634,-8.8168,11.5577,0.9832
1759161513674,-14.2658,1.8800,-4.4658
1759161513714,0.0000,-8.8168,9.8000
1759161513754,14.2658,-14.7343,24.0658
1759161513794,8.8168,-12.6649,18.6168
1759161513834,-8.8168,-3.7303,0.9832
1759161513874,-14.2658,7.2263,-4.4658
1759161513914,-0.0000,14.2658,9.8000
1759161513954,14.2658,13.5724,24.0658
1759161513994,8.8168,5.5219,18.6168
1759161514034,-8.8168,-5.5219,0.9832
1759161514074,-14.2658,-13.5724,-4.4658
1759161514114,0.0000,-14.2658,9.8000
1759161514154,14.2658,-7.2263,24.0658
1759161514194,8.8168,3.7303,18.6168
1759161514234,-8.8168,12.6649,0.9832
1759161514274,-14.2658,14.7343,-4.4658
1759161514314,-0.0000,8.8168,9.8000
1759161514354,14.2658,-1.8800,24.0658
1759161514394,8.8168,-11.5577,18.6168
1759161514434,-8.8168,-14.9704,0.9832
1759161514474,-14.2658,-10.2682,-4.4658
1759161514514,-0.0000,0.0000,9.8000
1759161514554,14.2658,10.2682,24.0658
1759161514594,8.8168,14.9704,18.6168
1759161514634,-8.8168,11.5577,0.9832
1759161514674,-14.2658,1.8800,-4.4658
1759161514714,0.0000,-8.8168,9.8000
1759161514754,14.2658,-14.7343,24.0658
1759161514794,8.8168,-12.6649,18.6168
1759161514834,-8.8168,-3.7303,0.9832
1759161514874,-14.2658,7.2263,-4.4658
1759161514914,-0.0000,14.2658,9.8000
1759161514954,14.2658,13.5724,24.0658
1759161514994,8.8168,5.5219,18.6168
1759161515034,-8.8168,-5.5219,0.9832
1759161515074,-14.2658,-13.5724,-4.4658
1759161515114,-0.0000,-14.2658,9.8000
1759161515154,14.2658,-7.2263,24.0658
1759161515194,8.8168,3.7303,18.6168
1759161515234,-8.8168,12.6649,0.9832
1759161515274,-14.2658,14.7343,-4.4658
1759161515314,-0.0000,8.8168,9.8000
1759161515354,14.2658,-1.8800,24.0658
1759161515394,8.8168,-11.5577,18.6168
1759161515434,-8.8168,-14.9704,0.9832
1759161515474,-14.2658,-10.2682,-4.4658
1759161515514,-0.0000,0.0000,9.8000
1759161515554,14.2658,10.2682,24.0658
1759161515594,8.8168,14.9704,18.6168
1759161515634,-8.8168,11.5577,0.9832
1759161515674,-14.2658,1.8800,-4.4658
1759161515714,0.0000,-8.8168,9.8000
1759161515754,14.2658,-14.7343,24.0658
1759161515794,8.8168,-12.6649,18.6168
1759161515834,-8.8168,-3.7303,0.9832
1759161515874,-14.2658,7.2263,-4.4658
1759161515914,-0.0000,14.2658,9.8000
1759161515954,14.2658,13.5724,24.0658
1759161515994,8.8168,5.5219,18.6168
1759161516034,-8.8168,-5.5219,0.9832
1759161516074,-14.2658,-13.5724,-4.4658
1759161516114,-0.0000,-14.2658,9.8000
1759161516154,14.2658,-7.2263,24.0658
1759161516194,8.8168,3.7303,18.6168
1759161516234,-8.8168,12.6649,0.9832
1759161516274,-14.2658,14.7343,-4.4658
1759161516314,-0.0000,8.8168,9.8000
1759161516354,14.2658,-1.8800,24.0658
1759161516394,8.8168,-11.5577,18.6168
1759161516434,-8.8168,-14.9704,0.9832
1759161516474,-14.2658,-10.2682,-4.4658
1759161516514,0.0000,-0.0000,9.8000
1759161516554,14.2658,10.2682,24.0658
1759161516594,8.8168,14.9704,18.6168
1759161516634,-8.8168,11.5577,0.9832
1759161516674,-14.2658,1.8800,-4.4658
1759161516714,0.0000,-8.8168,9.8000
1759161516754,14.2658,-14.7343,24.0658
1759161516794,8.8168,-12.6649,18.6168
1759161516834,-8.8168,-3.7303,0.9832
1759161516874,-14.2658,7.2263,-4.4658
1759161516914,-0.0000,14.2658,9.8000
1759161516954,14.2658,13.5724,24.0658
1759161516994,8.8168,5.5219,18.6168
1759161517034,-8.8168,-5.5219,0.9832
1759161517074,-14.2658,-13.5724,-4.4658
1759161517114,-0.0000,-14.2658,9.8000
1759161517154,14.2658,-7.2263,24.0658
1759161517194,8.8168,3.7303,18.6168
1759161517234,-8.8168,12.6649,0.9832
1759161517274,-14.2658,14.7343,-4.4658
1759161517314,-0.0000,8.8168,9.8000
1759161517354,14.2658,-1.8800,24.0658
1759161517394,8.8168,-11.5577,18.6168
1759161517434,-8.8168,-14.9704,0.9832
1759161517474,-14.2658,-10.2682,-4.4658
1759161517514,0.0000,-0.0000,9.8000
1759161517554,14.2658,10.2682,24.0658
1759161517594,8.8168,14.9704,18.6168
1759161517634,-8.8168,11.5577,0.9832
1759161517674,-14.2658,1.8800,-4.4658
1759161517714,0.0000,-8.8168,9.8000
1759161517754,14.2658,-14.7343,24.0658
1759161517794,8.8168,-12.6649,18.6168
1759161517834,-8.8168,-3.7303,0.9832
1759161517874,-14.2658,7.2263,-4.4658
1759161517914,-0.0000,14.2658,9.8000
1759161517954,14.2658,13.5724,24.0658
1759161517994,8.8168,5.5219,18.6168
1759161518034,-8.8168,-5.5219,0.9832
1759161518074,-14.2658,-13.5724,-4.4658
1759161518114,-0.0000,-14.2658,9.8000
1759161518154,14.2658,-7.2263,24.0658
1759161518194,8.8168,3.7303,18.6168
1759161518234,-8.8168,12.6649,0.9832
1759161518274,-14.2658,14.7343,-4.4658
1759161518314,-0.0000,8.8168,9.8000
1759161518354,14.2658,-1.8800,24.0658
1759161518394,8.8168,-11.5577,18.6168
1759161518434,-8.8168,-14.9704,0.9832
1759161518474,-14.2658,-10.2682,-4.4658
1759161518514,0.0000,-0.0000,9.8000
1759161518554,14.2658,10.2682,24.0658
1759161518594,8.8168,14.9704,18.6168
1759161518634,-8.8168,11.5577,0.9832
1759161518674,-14.2658,1.8800,-4.4658
1759161518714,0.0000,-8.8168,9.8000
1759161518754,14.2658,-14.7343,24.0658
1759161518794,8.8168,-12.6649,18.6168
1759161518834,-8.8168,-3.7303,0.9832
1759161518874,-14.2658,7.2263,-4.4658
1759161518914,-0.0000,14.2658,9.8000
1759161518954,14.2658,13.5724,24.0658
1759161518994,8.8168,5.5219,18.6168
1759161519034,-8.8168,-5.5219,0.9832
1759161519074,-14.2658,-13.5724,-4.4658
1759161519114,-0.0000,-14.2658,9.8000
1759161519154,14.2658,-7.2263,24.0658
1759161519194,8.8168,3.7303,18.6168
1759161519234,-8.8168,12.6649,0.9832
1759161519274,-14.2658,14.7343,-4.4658
1759161519314,-0.0000,8.8168,9.8000
1759161519354,14.2658,-1.8800,24.0658
1759161519394,8.8168,-11.5577,18.6168
1759161519434,-8.8168,-14.9704,0.9832
1759161519474,-14.2658,-10.2682,-4.4658
1759161519514,-0.0000,-0.0000,9.8000
1759161519554,14.2658,10.2682,24.0658
1759161519594,8.8168,14.9704,18.6168
1759161519634,-8.8168,11.5577,0.9832
1759161519674,-14.2658,1.8800,-4.4658
1759161519714,0.0000,-8.8168,9.8000
1759161519754,14.2658,-14.7343,24.0658
1759161519794,8.8168,-12.6649,18.6168
1759161519834,-8.8168,-3.7303,0.9832
1759161519874,-14.2658,7.2263,-4.4658
1759161519914,-0.0000,14.2658,9.8000
1759161519954,14.2658,13.5724,24.0658
1759161519994,8.8168,5.5219,18.6168
1759161520034,-8.8168,-5.5219,0.9832
1759161520074,-14.2658,-13.5724,-4.4658
1759161520114,-0.0000,-14.2658,9.8000
1759161520154,14.2658,-7.2263,24.0658
1759161520194,8.8168,3.7303,18.6168
1759161520234,-8.8168,12.6649,0.9832
1759161520274,-14.2658,14.7343,-4.4658
1759161520314,-0.0000,8.8168,9.8000
1759161520354,14.2658,-1.8800,24.0658
1759161520394,8.8168,-11.5577,18.6168
1759161520434,-8.8168,-14.9704,0.9832
1759161520474,-14.2658,-10.2682,-4.4658
1759161520514,-0.0000,-0.0000,9.8000
1759161520554,14.2658,10.2682,24.0658
1759161520594,8.8168,14.9704,18.6168
1759161520634,-8.8168,11.5577,0.9832
1759161520674,-14.2658,1.8800,-4.4658
1759161520714,0.0000,-8.8168,9.8000
1759161520754,14.2658,-14.7343,24.0658
1759161520794,8.8168,-12.6649,18.6168
1759161520834,-8.8168,-3.7303,0.9832
1759161520874,-14.2658,7.2263,-4.4658
1759161520914,-0.0000,14.2658,9.8000
1759161520954,14.2658,13.5724,24.0658
1759161520994,8.8168,5.5219,18.6168
1759161521034,-8.8168,-5.5219,0.9832
1759161521074,-14.2658,-13.5724,-4.4658
1759161521114,0.0000,-14.2658,9.8000
1759161521154,14.2658,-7.2263,24.0658
1759161521194,8.8168,3.7303,18.6168
1759161521234,-8.8168,12.6649,0.9832
1759161521274,-14.2658,14.7343,-4.4658
1759161521314,-0.0000,8.8168,9.8000
1759161521354,14.2658,-1.8800,24.0658
1759161521394,8.8168,-11.5577,18.6168
1759161521434,-8.8168,-14.9704,0.9832
1759161521474,-14.2658,-10.2682,-4.4658
1759161521514,-0.0000,-0.0000,9.8000
1759161521554,14.2658,10.2682,24.0658
1759161521594,8.8168,14.9704,18.6168
1759161521634,-8.8168,11.5577,0.9832
1759161521674,-14.2658,1.8800,-4.4658
1759161521714,-0.0000,-8.8168,9.8000
1759161521754,14.2658,-14.7343,24.0658
1759161521794,8.8168,-12.6649,18.6168
1759161521834,-8.8168,-3.7303,0.9832
1759161521874,-14.2658,7.2263,-4.4658
1759161521914,-0.0000,14.2658,9.8000
1759161521954,14.2658,13.5724,24.0658
1759161521994,8.8168,5.5219,18.6168
1759161522034,-8.8168,-5.5219,0.9832
1759161522074,-14.2658,-13.5724,-4.4658
1759161522114,0.0000,-14.2658,9.8000
1759161522154,14.2658,-7.2263,24.0658
1759161522194,8.8168,3.7303,18.6168
1759161522234,-8.8168,12.6649,0.9832
1759161522274,-14.2658,14.7343,-4.4658
1759161522314,-0.0000,8.8168,9.8000
1759161522354,14.2658,-1.8800,24.0658
1759161522394,8.8168,-11.5577,18.6168
1759161522434,-8.8168,-14.9704,0.9832
1759161522474,-14.2658,-10.2682,-4.4658
1759161522514,-0.0000,-0.0000,9.8000
1759161522554,14.2658,10.2682,24.0658
1759161522594,8.8168,14.9704,18.6168
1759161522634,-8.8168,11.5577,0.9832
1759161522674,-14.2658,1.8800,-4.4658
1759161522714,-0.0000,-8.8168,9.8000
1759161522754,14.2658,-14.7343,24.0658
1759161522794,8.8168,-12.6649,18.6168
1759161522834,-8.8168,-3.7303,0.9832
1759161522874,-14.2658,7.2263,-4.4658
1759161522914,0.0000,14.2658,9.8000
1759161522954,14.2658,13.5724,24.0658
1759161522994,8.8168,5.5219,18.6168
1759161523034,-8.8168,-5.5219,0.9832
1759161523074,-14.2658,-13.5724,-4.4658
1759161523114,0.0000,-14.2658,9.8000
1759161523154,14.2658,-7.2263,24.0658
1759161523194,8.8168,3.7303,18.6168
1759161523234,-8.8168,12.6649,0.9832
1759161523274,-14.2658,14.7343,-4.4658
1759161523314,-0.0000,8.8168,9.8000
1759161523354,14.2658,-1.8800,24.0658
1759161523394,8.8168,-11.5577,18.6168
1759161523434,-8.8168,-14.9704,0.9832
1759161523474,-14.2658,-10.2682,-4.4658
1759161523514,-0.0000,-0.0000,9.8000
1759161523554,14.2658,10.2682,24.0658
1759161523594,8.8168,14.9704,18.6168
1759161523634,-8.8168,11.5577,0.9832
1759161523674,-14.2658,1.8800,-4.4658
1759161523714,-0.0000,-8.8168,9.8000
1759161523754,14.2658,-14.7343,24.0658
1759161523794,8.8168,-12.6649,18.6168
1759161523834,-8.8168,-3.7303,0.9832
1759161523874,-14.2658,7.2263,-4.4658
1759161523914,-0.0000,14.2658,9.8000
1759161523954,14.2658,13.5724,24.0658
1759161523994,8.8168,5.5219,18.6168
1759161524034,-8.8168,-5.5219,0.9832
1759161524074,-14.2658,-13.5724,-4.4658
1759161524114,0.0000,-14.2658,9.8000
1759161524154,14.2658,-7.2263,24.0658
1759161524194,8.8168,3.7303,18.6168
1759161524234,-8.8168,12.6649,0.9832
1759161524274,-14.2658,14.7343,-4.4658
1759161524314,-0.0000,8.8168,9.8000
1759161524354,14.2658,-1.8800,24.0658
1759161524394,8.8168,-11.5577,18.6168
1759161524434,-8.8168,-14.9704,0.9832
1759161524474,-14.2658,-10.2682,-4.4658
1759161524514,-0.0000,0.0000,9.8000
1759161524554,14.2658,10.2682,24.0658
1759161524594,8.8168,14.9704,18.6168
1759161524634,-8.8168,11.5577,0.9832
1759161524674,-14.2658,1.8800,-4.4658
1759161524714,0.0000,-8.8168,9.8000
1759161524754,14.2658,-14.7343,24.0658
1759161524794,8.8168,-12.6649,18.6168
1759161524834,-8.8168,-3.7303,0.9832
1759161524874,-14.2658,7.2263,-4.4658
1759161524914,-0.0000,14.2658,9.8000
1759161524954,14.2658,13.5724,24.0658
1759161524994,8.8168,5.5219,18.6168
1759161525034,-8.8168,-5.5219,0.9832
1759161525074,-14.2658,-13.5724,-4.4658
1759161525114,0.0000,-14.2658,9.8000
1759161525154,14.2658,-7.2263,24.0658
1759161525194,8.8168,3.7303,18.6168
1759161525234,-8.8168,12.6649,0.9832
1759161525274,-14.2658,14.7343,-4.4658
1759161525314,-0.0000,8.8168,9.8000
1759161525354,14.2658,-1.8800,24.0658
1759161525394,8.8168,-11.5577,18.6168
1759161525434,-8.8168,-14.9704,0.9832
1759161525474,-14.2658,-10.2682,-4.4658
1759161525514,-0.0000,0.0000,9.8000
1759161525554,14.2658,10.2682,24.0658
1759161525594,8.8168,14.9704,18.6168
1759161525634,-8.8168,11.5577,0.9832
1759161525674,-14.2658,1.8800,-4.4658
1759161525714,0.0000,-8.8168,9.8000
1759161525754,14.2658,-14.7343,24.0658
1759161525794,8.8168,-12.6649,18.6168
1759161525834,-8.8168,-3.7303,0.9832
1759161525874,-14.2658,7.2263,-4.4658
1759161525914,-0.0000,14.2658,9.8000
1759161525954,14.2658,13.5724,24.0658
1759161525994,8.8168,5.5219,18.6168
1759161526034,-8.8168,-5.5219,0.9832
1759161526074,-14.2658,-13.5724,-4.4658
1759161526114,-0.0000,-14.2658,9.8000
1759161526154,14.2658,-7.2263,24.0658
1759161526194,8.8168,3.7303,18.6168
1759161526234,-8.8168,12.6649,0.9832
1759161526274,-14.2658,14.7343,-4.4658
1759161526314,-0.0000,8.8168,9.8000
1759161526354,14.2658,-1.8800,24.0658
1759161526394,8.8168,-11.5577,18.6168
1759161526434,-8.8168,-14.9704,0.9832
1759161526474,-14.2658,-10.2682,-4.4658
1759161526514,-0.0000,0.0000,9.8000
1759161526554,14.2658,10.2682,24.0658
1759161526594,8.8168,14.9704,18.6168
1759161526634,-8.8168,11.5577,0.9832
1759161526674,-14.2658,1.8800,-4.4658
1759161526714,0.0000,-8.8168,9.8000
1759161526754,14.2658,-14.7343,24.0658
1759161526794,8.8168,-12.6649,18.6168
1759161526834,-8.8168,-3.7303,0.9832
1759161526874,-14.2658,7.2263,-4.4658
1759161526914,-0.0000,14.2658,9.8000
1759161526954,14.2658,13.5724,24.0658
1759161526994,8.8168,5.5219,18.6168
1759161527034,-8.8168,-5.5219,0.9832
1759161527074,-14.2658,-13.5724,-4.4658
1759161527114,-0.0000,-14.2658,9.8000
1759161527154,14.2658,-7.2263,24.0658
1759161527194,8.8168,3.7303,18.6168
1759161527234,-8.8168,12.6649,0.9832
1759161527274,-14.2658,14.7343,-4.4658
1759161527314,-0.0000,8.8168,9.8000
1759161527354,14.2658,-1.8800,24.0658
1759161527394,8.8168,-11.5577,18.6168
1759161527434,-8.8168,-14.9704,0.9832
1759161527474,-14.2658,-10.2682,-4.4658
1759161527514,0.0000,-0.0000,9.8000
1759161527554,14.2658,10.2682,24.0658
1759161527594,8.8168,14.9704,18.6168
1759161527634,-8.8168,11.5577,0.9832
1759161527674,-14.2658,1.8800,-4.4658
1759161527714,0.0000,-8.8168,9.8000
1759161527754,14.2658,-14.7343,24.0658
1759161527794,8.8168,-12.6649,18.6168
1759161527834,-8.8168,-3.7303,0.9832
1759161527874,-14.2658,7.2263,-4.4658
1759161527914,-0.0000,14.2658,9.8000
1759161527954,14.2658,13.5724,24.0658
1759161527994,8.8168,5.5219,18.6168
1759161528034,-8.8168,-5.5219,0.9832
1759161528074,-14.2658,-13.5724,-4.4658
1759161528114,-0.0000,-14.2658,9.8000
1759161528154,14.2658,-7.2263,24.0658
1759161528194,8.8168,3.7303,18.6168
1759161528234,-8.8168,12.6649,0.9832
1759161528274,-14.2658,14.7343,-4.4658
1759161528314,-0.0000,8.8168,9.8000
1759161528354,14.2658,-1.8800,24.0658
1759161528394,8.8168,-11.5577,18.6168
1759161528434,-8.8168,-14.9704,0.9832
1759161528474,-14.2658,-10.2682,-4.4658
1759161528514,0.0000,-0.0000,9.8000
1759161528554,14.2658,10.2682,24.0658
1759161528594,8.8168,14.9704,18.6168
1759161528634,-8.8168,11.5577,0.9832
1759161528674,-14.2658,1.8800,-4.4658
1759161528714,0.0000,-8.8168,9.8000
1759161528754,14.2658,-14.7343,24.0658
1759161528794,8.8168,-12.6649,18.6168
1759161528834,-8.8168,-3.7303,0.9832
1759161528874,-14.2658,7.2263,-4.4658
1759161528914,-0.0000,14.2658,9.8000
1759161528954,14.2658,13.5724,24.0658
1759161528994,8.8168,5.5219,18.6168
1759161529034,-8.8168,-5.5219,0.9832
1759161529074,-14.2658,-13.5724,-4.4658
1759161529114,-0.0000,-14.2658,9.8000
1759161529154,14.2658,-7.2263,24.0658
1759161529194,8.8168,3.7303,18.6168
1759161529234,-8.8168,12.6649,0.9832
1759161529274,-14.2658,14.7343,-4.4658
1759161529314,-0.0000,8.8168,9.8000
1759161529354,14.2658,-1.8800,24.0658
1759161529394,8.8168,-11.5577,18.6168
1759161529434,-8.8168,-14.9704,0.9832
1759161529474,-14.2658,-10.2682,-4.4658
1759161529514,0.0000,-0.0000,9.8000
1759161529554,14.2658,10.2682,24.0658
1759161529594,8.8168,14.9704,18.6168
1759161529634,-8.8168,11.5577,0.9832
1759161529674,-14.2658,1.8800,-4.4658
1759161529714,0.0000,-8.8168,9.8000
1759161529754,14.2658,-14.7343,24.0658
1759161529794,8.8168,-12.6649,18.6168
1759161529834,-8.8168,-3.7303,0.9832
1759161529874,-14.2658,7.2263,-4.4658
1759161529914,-0.0000,14.2658,9.8000
1759161529954,14.2658,13.5724,24.0658
1759161529994,8.8168,5.5219,18.6168
1759161530034,-8.8168,-5.5219,0.9832
1759161530074,-14.2658,-13.5724,-4.4658
1759161530114,-0.0000,-14.2658,9.8000
1759161530154,14.2658,-7.2263,24.0658
1759161530194,8.8168,3.7303,18.6168
1759161530234,-8.8168,12.6649,0.9832
1759161530274,-14.2658,14.7343,-4.4658
1759161530314,-0.0000,8.8168,9.8000
1759161530354,14.2658,-1.8800,24.0658
1759161530394,8.8168,-11.5577,18.6168
1759161530434,-8.8168,-14.9704,0.9832
1759161530474,-14.2658,-10.2682,-4.4658
1759161530514,-0.0000,-0.0000,9.8000
1759161530554,14.2658,10.2682,24.0658
1759161530594,8.8168,14.9704,18.6168
1759161530634,-8.8168,11.5577,0.9832
1759161530674,-14.2658,1.8800,-4.4658
1759161530714,0.0000,-8.8168,9.8000
1759161530754,14.2658,-14.7343,24.0658
1759161530794,8.8168,-12.6649,18.6168
1759161530834,-8.8168,-3.7303,0.9832
1759161530874,-14.2658,7.2263,-4.4658
1759161530914,-0.0000,14.2658,9.8000
1759161530954,14.2658,13.5724,24.0658
1759161530994,8.8168,5.5219,18.6168
1759161531034,-8.8168,-5.5219,0.9832
1759161531074,-14.2658,-13.5724,-4.4658
1759161531114,0.0000,-14.2658,9.8000
1759161531154,14.2658,-7.2263,24.0658
1759161531194,8.8168,3.7303,18.6168
1759161531234,-8.8168,12.6649,0.9832
1759161531274,-14.2658,14.7343,-4.4658
1759161531314,-0.0000,8.8168,9.8000
1759161531354,14.2658,-1.8800,24.0658
1759161531394,8.8168,-11.5577,18.6168
1759161531434,-8.8168,-14.9704,0.9832
1759161531474,-14.2658,-10.2682,-4.4658
1759161531514,-0.0000,-0.0000,9.8000
1759161531554,14.2658,10.2682,24.0658
1759161531594,8.8168,14.9704,18.6168
1759161531634,-8.8168,11.5577,0.9832
1759161531674,-14.2658,1.8800,-4.4658
1759161531714,0.0000,-8.8168,9.8000
1759161531754,14.2658,-14.7343,24.0658
1759161531794,8.8168,-12.6649,18.6168
1759161531834,-8.8168,-3.7303,0.9832
1759161531874,-14.2658,7.2263,-4.4658
1759161531914,-0.0000,14.2658,9.8000
1759161531954,14.2658,13.5724,24.0658
1759161531994,8.8168,5.5219,18.6168
1759161532034,-8.8168,-5.5219,0.9832
1759161532074,-14.2658,-13.5724,-4.4658
1759161532114,0.0000,-14.2658,9.8000
1759161532154,14.2658,-7.2263,24.0658
1759161532194,8.8168,3.7303,18.6168
1759161532234,-8.8168,12.6649,0.9832
1759161532274,-14.2658,14.7343,-4.4658
1759161532314,-0.0000,8.8168,9.8000
1759161532354,14.2658,-1.8800,24.0658
1759161532394,8.8168,-11.5577,18.6168
1759161532434,-8.8168,-14.9704,0.9832
1759161532474,-14.2658,-10.2682,-4.4658
1759161532514,-0.0000,-0.0000,9.8000
1759161532554,14.2658,10.2682,24.0658
1759161532594,8.8168,14.9704,18.6168
1759161532634,-8.8168,11.5577,0.9832
1759161532674,-14.2658,1.8800,-4.4658
1759161532714,-0.0000,-8.8168,9.8000
1759161532754,14.2658,-14.7343,24.0658
1759161532794,8.8168,-12.6649,18.6168
1759161532834,-8.8168,-3.7303,0.9832
1759161532874,-14.2658,7.2263,-4.4658
1759161532914,-0.0000,14.2658,9.8000
1759161532954,14.2658,13.5724,24.0658
1759161532994,8.8168,5.5219,18.6168
1759161533034,-8.8168,-5.5219,0.9832
1759161533074,-14.2658,-13.5724,-4.4658
1759161533114,0.0000,-14.2658,9.8000
1759161533154,14.2658,-7.2263,24.0658
1759161533194,8.8168,3.7303,18.6168
1759161533234,-8.8168,12.6649,0.9832
1759161533274,-14.2658,14.7343,-4.4658
1759161533314,-0.0000,8.8168,9.8000
1759161533354,14.2658,-1.8800,24.0658
1759161533394,8.8168,-11.5577,18.6168
1759161533434,-8.8168,-14.9704,0.9832
1759161533474,-14.2658,-10.2682,-4.4658
1759161533514,-0.0000,-0.0000,9.8000
1759161533554,14.2658,10.2682,24.0658
1759161533594,8.8168,14.9704,18.6168
1759161533634,-8.8168,11.5577,0.9832
1759161533674,-14.2658,1.8800,-4.4658
1759161533714,-0.0000,-8.8168,9.8000
1759161533754,14.2658,-14.7343,24.0658
1759161533794,8.8168,-12.6649,18.6168
1759161533834,-8.8168,-3.7303,0.9832
1759161533874,-14.2658,7.2263,-4.4658
1759161533914,0.0000,14.2658,9.8000
1759161533954,14.2658,13.5724,24.0658
1759161533994,8.8168,5.5219,18.6168
1759161534034,-8.8168,-5.5219,0.9832
1759161534074,-14.2658,-13.5724,-4.4658
1759161534114,0.0000,-14.2658,9.8000
1759161534154,14.2658,-7.2263,24.0658
1759161534194,8.8168,3.7303,18.6168
1759161534234,-8.8168,12.6649,0.9832
1759161534274,-14.2658,14.7343,-4.4658
1759161534314,-0.0000,8.8168,9.8000
1759161534354,14.2658,-1.8800,24.0658
1759161534394,8.8168,-11.5577,18.6168
1759161534434,-8.8168,-14.9704,0.9832
1759161534474,-14.2658,-10.2682,-4.4658
1759161534514,-0.0000,-0.0000,9.8000
1759161534554,14.2658,10.2682,24.0658
1759161534594,8.8168,14.9704,18.6168
1759161534634,-8.8168,11.5577,0.9832
1759161534674,-14.2658,1.8800,-4.4658
1759161534714,-0.0000,-8.8168,9.8000
1759161534754,14.2658,-14.7343,24.0658
1759161534794,8.8168,-12.6649,18.6168
1759161534834,-8.8168,-3.7303,0.9832
1759161534874,-14.2658,7.2263,-4.4658
1759161534914,-0.0000,14.2658,9.8000
1759161534954,14.2658,13.5724,24.0658
1759161534994,8.8168,5.5219,18.6168
1759161535034,-8.8168,-5.5219,0.9832
1759161535074,-14.2658,-13.5724,-4.4658
1759161535114,0.0000,-14.2658,9.8000
1759161535154,14.2658,-7.2263,24.0658
1759161535194,8.8168,3.7303,18.6168
1759161535234,-8.8168,12.6649,0.9832
1759161535274,-14.2658,14.7343,-4.4658
1759161535314,-0.0000,8.8168,9.8000
1759161535354,14.2658,-1.8800,24.0658
1759161535394,8.8168,-11.5577,18.6168
1759161535434,-8.8168,-14.9704,0.9832
1759161535474,-14.2658,-10.2682,-4.4658
1759161535514,-0.0000,-0.0000,9.8000
1759161535554,14.2658,10.2682,24.0658
1759161535594,8.8168,14.9704,18.6168
1759161535634,-8.8168,11.5577,0.9832
1759161535674,-14.2658,1.8800,-4.4658
1759161535714,0.0000,-8.8168,9.8000
1759161535754,14.2658,-14.7343,24.0658
1759161535794,8.8168,-12.6649,18.6168
1759161535834,-8.8168,-3.7303,0.9832
1759161535874,-14.2658,7.2263,-4.4658
1759161535914,-0.0000,14.2658,9.8000
1759161535954,14.2658,13.5724,24.0658
1759161535994,8.8168,5.5219,18.6168
1759161536034,-8.8168,-5.5219,0.9832
1759161536074,-14.2658,-13.5724,-4.4658
1759161536114,0.0000,-14.2658,9.8000
1759161536154,14.2658,-7.2263,24.0658
1759161536194,8.8168,3.7303,18.6168
1759161536234,-8.8168,12.6649,0.9832
1759161536274,-14.2658,14.7343,-4.4658
1759161536314,-0.0000,8.8168,9.8000
1759161536354,14.2658,-1.8800,24.0658
1759161536394,8.8168,-11.5577,18.6168
1759161536434,-8.8168,-14.9704,0.9832
1759161536474,-14.2658,-10.2682,-4.4658
1759161536514,-0.0000,0.0000,9.8000
1759161536554,14.2658,10.2682,24.0658
1759161536594,8.8168,14.9704,18.6168
1759161536634,-8.8168,11.5577,0.9832
1759161536674,-14.2658,1.8800,-4.4658
1759161536714,0.0000,-8.8168,9.8000
1759161536754,14.2658,-14.7343,24.0658
1759161536794,8.8168,-12.6649,18.6168
1759161536834,-8.8168,-3.7303,0.9832
1759161536874,-14.2658,7.2263,-4.4658
1759161536914,-0.0000,14.2658,9.8000
1759161536954,14.2658,13.5724,24.0658
1759161536994,8.8168,5.5219,18.6168
1759161537034,-8.8168,-5.5219,0.9832
1759161537074,-14.2658,-13.5724,-4.4658
1759161537114,-0.0000,-14.2658,9.8000
1759161537154,14.2658,-7.2263,24.0658
1759161537194,8.8168,3.7303,18.6168
1759161537234,-8.8168,12.6649,0.9832
1759161537274,-14.2658,14.7343,-4.4658
1759161537314,-0.0000,8.8168,9.8000
1759161537354,14.2658,-1.8800,24.0658
1759161537394,8.8168,-11.5577,18.6168
1759161537434,-8.8168,-14.9704,0.9832
1759161537474,-14.2658,-10.2682,-4.4658
1759161537514,-0.0000,0.0000,9.8000
1759161537554,14.2658,10.2682,24.0658
1759161537594,8.8168,14.9704,18.6168
1759161537634,-8.8168,11.5577,0.9832
1759161537674,-14.2658,1.8800,-4.4658
1759161537714,0.0000,-8.8168,9.8000
1759161537754,14.2658,-14.7343,24.0658
1759161537794,8.8168,-12.6649,18.6168
1759161537834,-8.8168,-3.7303,0.9832
1759161537874,-14.2658,7.2263,-4.4658
1759161537914,-0.0000,14.2658,9.8000
1759161537954,14.2658,13.5724,24.0658
1759161537994,8.8168,5.5219,18.6168
1759161538034,-8.8168,-5.5219,0.9832
1759161538074,-14.2658,-13.5724,-4.4658
1759161538114,-0.0000,-14.2658,9.8000
1759161538154,14.2658,-7.2263,24.0658
1759161538194,8.8168,3.7303,18.6168
1759161538234,-8.8168,12.6649,0.9832
1759161538274,-14.2658,14.7343,-4.4658
1759161538314,-0.0000,8.8168,9.8000
1759161538354,14.2658,-1.8800,24.0658
1759161538394,8.8168,-11.5577,18.6168
1759161538434,-8.8168,-14.9704,0.9832
1759161538474,-14.2658,-10.2682,-4.4658
1759161538514,0.0000,0.0000,9.8000
1759161538554,14.2658,10.2682,24.0658
1759161538594,8.8168,14.9704,18.6168
1759161538634,-8.8168,11.5577,0.9832
1759161538674,-14.2658,1.8800,-4.4658
1759161538714,0.0000,-8.8168,9.8000
1759161538754,14.2658,-14.7343,24.0658
1759161538794,8.8168,-12.6649,18.6168
1759161538834,-8.8168,-3.7303,0.9832
1759161538874,-14.2658,7.2263,-4.4658
1759161538914,-0.0000,14.2658,9.8000
1759161538954,14.2658,13.5724,24.0658
1759161538994,8.8168,5.5219,18.6168
1759161539034,-8.8168,-5.5219,0.9832
1759161539074,-14.2658,-13.5724,-4.4658
1759161539114,-0.0000,-14.2658,9.8000
1759161539154,14.2658,-7.2263,24.0658
1759161539194,8.8168,3.7303,18.6168
1759161539234,-8.8168,12.6649,0.9832
1759161539274,-14.2658,14.7343,-4.4658
1759161539314,-0.0000,8.8168,9.8000
1759161539354,14.2658,-1.8800,24.0658
1759161539394,8.8168,-11.5577,18.6168
1759161539434,-8.8168,-14.9704,0.9832
1759161539474,-14.2658,-10.2682,-4.4658
1759161539514,0.0000,-0.0000,9.8000
1759161539554,14.2658,10.2682,24.0658
1759161539594,8.8168,14.9704,18.6168
1759161539634,-8.8168,11.5577,0.9832
1759161539674,-14.2658,1.8800,-4.4658
1759161539714,0.0000,-8.8168,9.8000
1759161539754,14.2658,-14.7343,24.0658
1759161539794,8.8168,-12.6649,18.6168
1759161539834,-8.8168,-3.7303,0.9832
1759161539874,-14.2658,7.2263,-4.4658
1759161539914,-0.0000,14.2658,9.8000
1759161539954,14.2658,13.5724,24.0658
1759161539994,8.8168,5.5219,18.6168
1759161540034,-8.8168,-5.5219,0.9832
1759161540074,-14.2658,-13.5724,-4.4658
1759161540114,-0.0000,-14.2658,9.8000
1759161540154,14.2658,-7.2263,24.0658
1759161540194,8.8168,3.7303,18.6168
1759161540234,-8.8168,12.6649,0.9832
1759161540274,-14.2658,14.7343,-4.4658
1759161540314,-0.0000,8.8168,9.8000
1759161540354,14.2658,-1.8800,24.0658
1759161540394,8.8168,-11.5577,18.6168
1759161540434,-8.8168,-14.9704,0.9832
1759161540474,-14.2658,-10.2682,-4.4658
1759161540514,0.0000,-0.0000,9.8000
1759161540554,14.2658,10.2682,24.0658
1759161540594,8.8168,14.9704,18.6168
1759161540634,-8.8168,11.5577,0.9832
1759161540674,-14.2658,1.8800,-4.4658
1759161540714,0.0000,-8.8168,9.8000
1759161540754,14.2658,-14.7343,24.0658
1759161540794,8.8168,-12.6649,18.6168
1759161540834,-8.8168,-3.7303,0.9832
1759161540874,-14.2658,7.2263,-4.4658
1759161540914,-0.0000,14.2658,9.8000
1759161540954,14.2658,13.5724,24.0658
1759161540994,8.8168,5.5219,18.6168
1759161541034,-8.8168,-5.5219,0.9832
1759161541074,-14.2658,-13.5724,-4.4658
1759161541114,-0.0000,-14.2658,9.8000
1759161541154,14.2658,-7.2263,24.0658
1759161541194,8.8168,3.7303,18.6168
1759161541234,-8.8168,12.6649,0.9832
1759161541274,-14.2658,14.7343,-4.4658
1759161541314,-0.0000,8.8168,9.8000
1759161541354,14.2658,-1.8800,24.0658
1759161541394,8.8168,-11.5577,18.6168
1759161541434,-8.8168,-14.9704,0.9832
1759161541474,-14.2658,-10.2682,-4.4658
1759161541514,-0.0000,-0.0000,9.8000
1759161541554,14.2658,10.2682,24.0658
1759161541594,8.8168,14.9704,18.6168
1759161541634,-8.8168,11.5577,0.9832
1759161541674,-14.2658,1.8800,-4.4658
1759161541714,0.0000,-8.8168,9.8000
1759161541754,14.2658,-14.7343,24.0658
1759161541794,8.8168,-12.6649,18.6168
1759161541834,-8.8168,-3.7303,0.9832
1759161541874,-14.2658,7.2263,-4.4658
1759161541914,-0.0000,14.2658,9.8000
1759161541954,14.2658,13.5724,24.0658
1759161541994,8.8168,5.5219,18.6168
1759161542034,-8.8168,-5.5219,0.9832
1759161542074,-14.2658,-13.5724,-4.4658
1759161542114,0.0000,-14.2658,9.8000
1759161542154,14.2658,-7.2263,24.0658
1759161542194,8.8168,3.7303,18.6168
1759161542234,-8.8168,12.6649,0.9832
1759161542274,-14.2658,14.7343,-4.4658
1759161542314,-0.0000,8.8168,9.8000
1759161542354,14.2658,-1.8800,24.0658
1759161542394,8.8168,-11.5577,18.6168
1759161542434,-8.8168,-14.9704,0.9832
1759161542474,-14.2658,-10.2682,-4.4658
1759161542514,-0.0000,-0.0000,9.8000
1759161542554,14.2658,10.2682,24.0658
1759161542594,8.8168,14.9704,18.6168
1759161542634,-8.8168,11.5577,0.9832
1759161542674,-14.2658,1.8800,-4.4658
1759161542714,0.0000,-8.8168,9.8000
1759161542754,14.2658,-14.7343,24.0658
1759161542794,8.8168,-12.6649,18.6168
1759161542834,-8.8168,-3.7303,0.9832
1759161542874,-14.2658,7.2263,-4.4658
1759161542914,-0.0000,14.2658,9.8000
1759161542954,14.2658,13.5724,24.0658
1759161542994,8.8168,5.5219,18.6168
1759161543034,-8.8168,-5.5219,0.9832
1759161543074,-14.2658,-13.5724,-4.4658
1759161543114,0.0000,-14.2658,9.8000
1759161543154,14.2658,-7.2263,24.0658
1759161543194,8.8168,3.7303,18.6168
1759161543234,-8.8168,12.6649,0.9832
1759161543274,-14.2658,14.7343,-4.4658
1759161543314,-0.0000,8.8168,9.8000
1759161543354,14.2658,-1.8800,24.0658
1759161543394,8.8168,-11.5577,18.6168
1759161543434,-8.8168,-14.9704,0.9832
1759161543474,-14.2658,-10.2682,-4.4658
1759161543514,-0.0000,-0.0000,9.8000
1759161543554,14.2658,10.2682,24.0658
1759161543594,8.8168,14.9704,18.6168
1759161543634,-8.8168,11.5577,0.9832
1759161543674,-14.2658,1.8800,-4.4658
1759161543714,-0.0000,-8.8168,9.8000
1759161543754,14.2658,-14.7343,24.0658
1759161543794,8.8168,-12.6649,18.6168
1759161543834,-8.8168,-3.7303,0.9832
1759161543874,-14.2658,7.2263,-4.4658
1759161543914,-0.0000,14.2658,9.8000
1759161543954,14.2658,13.5724,24.0658
1759161543994,8.8168,5.5219,18.6168
1759161544034,-8.8168,-5.5219,0.9832
1759161544074,-14.2658,-13.5724,-4.4658
1759161544114,0.0000,-14.2658,9.8000
1759161544154,14.2658,-7.2263,24.0658
1759161544194,8.8168,3.7303,18.6168
1759161544234,-8.8168,12.6649,0.9832
1759161544274,-14.2658,14.7343,-4.4658
1759161544314,-0.0000,8.8168,9.8000
1759161544354,14.2658,-1.8800,24.0658
1759161544394,8.8168,-11.5577,18.6168
1759161544434,-8.8168,-14.9704,0.9832
1759161544474,-14.2658,-10.2682,-4.4658
1759161544514,-0.0000,-0.0000,9.8000
1759161544554,14.2658,10.2682,24.0658
1759161544594,8.8168,14.9704,18.6168
1759161544634,-8.8168,11.5577,0.9832
1759161544674,-14.2658,1.8800,-4.4658
1759161544714,-0.0000,-8.8168,9.8000
1759161544754,14.2658,-14.7343,24.0658
1759161544794,8.8168,-12.6649,18.6168
1759161544834,-8.8168,-3.7303,0.9832
1759161544874,-14.2658,7.2263,-4.4658
1759161544914,0.0000,14.2658,9.8000
1759161544954,14.2658,13.5724,24.0658
1759161544994,8.8168,5.5219,18.6168
1759161545034,-8.8168,-5.5219,0.9832
1759161545074,-14.2658,-13.5724,-4.4658
1759161545114,0.0000,-14.2658,9.8000
1759161545154,14.2658,-7.2263,24.0658
1759161545194,8.8168,3.7303,18.6168
1759161545234,-8.8168,12.6649,0.9832
1759161545274,-14.2658,14.7343,-4.4658
1759161545314,-0.0000,8.8168,9.8000
1759161545354,14.2658,-1.8800,24.0658
1759161545394,8.8168,-11.5577,18.6168
1759161545434,-8.8168,-14.9704,0.9832
1759161545474,-14.2658,-10.2682,-4.4658
1759161545514,-0.0000,-0.0000,9.8000
1759161545554,14.2658,10.2682,24.0658
1759161545594,8.8168,14.9704,18.6168
1759161545634,-8.8168,11.5577,0.9832
1759161545674,-14.2658,1.8800,-4.4658
1759161545714,-0.0000,-8.8168,9.8000
1759161545754,14.2658,-14.7343,24.0658
1759161545794,8.8168,-12.6649,18.6168
1759161545834,-8.8168,-3.7303,0.9832
1759161545874,-14.2658,7.2263,-4.4658
1759161545914,-0.0000,14.2658,9.8000
1759161545954,14.2658,13.5724,24.0658
1759161545994,8.8168,5.5219,18.6168
1759161546034,-8.8168,-5.5219,0.9832
1759161546074,-14.2658,-13.5724,-4.4658
1759161546114,0.0000,-14.2658,9.8000
1759161546154,14.2658,-7.2263,24.0658
1759161546194,8.8168,3.7303,18.6168
1759161546234,-8.8168,12.6649,0.9832
1759161546274,-14.2658,14.7343,-4.4658
1759161546314,-0.0000,8.8168,9.8000
1759161546354,14.2658,-1.8800,24.0658
1759161546394,8.8168,-11.5577,18.6168
1759161546434,-8.8168,-14.9704,0.9832
1759161546474,-14.2658,-10.2682,-4.4658
1759161546514,-0.0000,-0.0000,9.8000
1759161546554,14.2658,10.2682,24.0658
1759161546594,8.8168,14.9704,18.6168
1759161546634,-8.8168,11.5577,0.9832
1759161546674,-14.2658,1.8800,-4.4658
1759161546714,0.0000,-8.8168,9.8000
1759161546754,14.2658,-14.7343,24.0658
1759161546794,8.8168,-12.6649,18.6168
1759161546834,-8.8168,-3.7303,0.9832
1759161546874,-14.2658,7.2263,-4.4658
1759161546914,-0.0000,14.2658,9.8000
1759161546954,14.2658,13.5724,24.0658
1759161546994,8.8168,5.5219,18.6168
1759161547034,-8.8168,-5.5219,0.9832
1759161547074,-14.2658,-13.5724,-4.4658
1759161547114,0.0000,-14.2658,9.8000
1759161547154,14.2658,-7.2263,24.0658
1759161547194,8.8168,3.7303,18.6168
1759161547234,-8.8168,12.6649,0.9832
1759161547274,-14.2658,14.7343,-4.4658
1759161547314,-0.0000,8.8168,9.8000
1759161547354,14.2658,-1.8800,24.0658
1759161547394,8.8168,-11.5577,18.6168
1759161547434,-8.8168,-14.9704,0.9832
1759161547474,-14.2658,-10.2682,-4.4658
1759161547514,-0.0000,0.0000,9.8000
1759161547554,14.2658,10.2682,24.0658
1759161547594,8.8168,14.9704,18.6168
1759161547634,-8.8168,11.5577,0.9832
1759161547674,-14.2658,1.8800,-4.4658
1759161547714,0.0000,-8.8168,9.8000
1759161547754,14.2658,-14.7343,24.0658
1759161547794,8.8168,-12.6649,18.6168
1759161547834,-8.8168,-3.7303,0.9832
1759161547874,-14.2658,7.2263,-4.4658
1759161547914,-0.0000,14.2658,9.8000
1759161547954,14.2658,13.5724,24.0658
1759161547994,8.8168,5.5219,18.6168
1759161548034,-8.8168,-5.5219,0.9832
1759161548074,-14.2658,-13.5724,-4.4658
1759161548114,-0.0000,-14.2658,9.8000
1759161548154,14.2658,-7.2263,24.0658
1759161548194,8.8168,3.7303,18.6168
1759161548234,-8.8168,12.6649,0.9832
1759161548274,-14.2658,14.7343,-4.4658
1759161548314,-0.0000,8.8168,9.8000
1759161548354,14.2658,-1.8800,24.0658
1759161548394,8.8168,-11.5577,18.6168
1759161548434,-8.8168,-14.9704,0.9832
1759161548474,-14.2658,-10.2682,-4.4658
1759161548514,0.0000,0.0000,9.8000
1759161548554,14.2658,10.2682,24.0658
1759161548594,8.8168,14.9704,18.6168
1759161548634,-8.8168,11.5577,0.9832
1759161548674,-14.2658,1.8800,-4.4658
1759161548714,0.0000,-8.8168,9.8000
1759161548754,14.2658,-14.7343,24.0658
1759161548794,8.8168,-12.6649,18.6168
1759161548834,-8.8168,-3.7303,0.9832
1759161548874,-14.2658,7.2263,-4.4658
1759161548914,-0.0000,14.2658,9.8000
1759161548954,14.2658,13.5724,24.0658
1759161548994,8.8168,5.5219,18.6168
1759161549034,-8.8168,-5.5219,0.9832
1759161549074,-14.2658,-13.5724,-4.4658
1759161549114,-0.0000,-14.2658,9.8000
1759161549154,14.2658,-7.2263,24.0658
1759161549194,8.8168,3.7303,18.6168
1759161549234,-8.8168,12.6649,0.9832
1759161549274,-14.2658,14.7343,-4.4658
1759161549314,-0.0000,8.8168,9.8000
1759161549354,14.2658,-1.8800,24.0658
1759161549394,8.8168,-11.5577,18.6168
1759161549434,-8.8168,-14.9704,0.9832
1759161549474,-14.2658,-10.2682,-4.4658
1759161549514,0.0000,0.0000,9.8000
1759161549554,14.2658,10.2682,24.0658
1759161549594,8.8168,14.9704,18.6168
1759161549634,-8.8168,11.5577,0.9832
1759161549674,-14.2658,1.8800,-4.4658
1759161549714,0.0000,-8.8168,9.8000
1759161549754,14.2658,-14.7343,24.0658
1759161549794,8.8168,-12.6649,18.6168
1759161549834,-8.8168,-3.7303,0.9832
1759161549874,-14.2658,7.2263,-4.4658
1759161549914,-0.0000,14.2658,9.8000
1759161549954,14.2658,13.5724,24.0658
1759161549994,8.8168,5.5219,18.6168
1759161550034,-8.8168,-5.5219,0.9832
1759161550074,-14.2658,-13.5724,-4.4658
1759161550114,-0.0000,-14.2658,9.8000
1759161550154,14.2658,-7.2263,24.0658
1759161550194,8.8168,3.7303,18.6168
1759161550234,-8.8168,12.6649,0.9832
1759161550274,-14.2658,14.7343,-4.4658
1759161550314,-0.0000,8.8168,9.8000
1759161550354,14.2658,-1.8800,24.0658
1759161550394,8.8168,-11.5577,18.6168
1759161550434,-8.8168,-14.9704,0.9832
1759161550474,-14.2658,-10.2682,-4.4658
1759161550514,0.0000,-0.0000,9.8000
1759161550554,14.2658,10.2682,24.0658
1759161550594,8.8168,14.9704,18.6168
1759161550634,-8.8168,11.5577,0.9832
1759161550674,-14.2658,1.8800,-4.4658
1759161550714,0.0000,-8.8168,9.8000
1759161550754,14.2658,-14.7343,24.0658
1759161550794,8.8168,-12.6649,18.6168
1759161550834,-8.8168,-3.7303,0.9832
1759161550874,-14.2658,7.2263,-4.4658
1759161550914,-0.0000,14.2658,9.8000
1759161550954,14.2658,13.5724,24.0658
1759161550994,8.8168,5.5219,18.6168
1759161551034,-8.8168,-5.5219,0.9832
1759161551074,-14.2658,-13.5724,-4.4658
1759161551114,-0.0000,-14.2658,9.8000
1759161551154,14.2658,-7.2263,24.0658
1759161551194,8.8168,3.7303,18.6168
1759161551234,-8.8168,12.6649,0.9832
1759161551274,-14.2658,14.7343,-4.4658
1759161551314,-0.0000,8.8168,9.8000
1759161551354,14.2658,-1.8800,24.0658
1759161551394,8.8168,-11.5577,18.6168
1759161551434,-8.8168,-14.9704,0.9832
1759161551474,-14.2658,-10.2682,-4.4658
1759161551514,0.0000,-0.0000,9.8000
1759161551554,14.2658,10.2682,24.0658
1759161551594,8.8168,14.9704,18.6168
1759161551634,-8.8168,11.5577,0.9832
1759161551674,-14.2658,1.8800,-4.4658
1759161551714,0.0000,-8.8168,9.8000
1759161551754,14.2658,-14.7343,24.0658
1759161551794,8.8168,-12.6649,18.6168
1759161551834,-8.8168,-3.7303,0.9832
1759161551874,-14.2658,7.2263,-4.4658
1759161551914,-0.0000,14.2658,9.8000
1759161551954,14.2658,13.5724,24.0658
1759161551994,8.8168,5.5219,18.6168
1759161552034,-8.8168,-5.5219,0.9832
1759161552074,-14.2658,-13.5724,-4.4658
1759161552114,-0.0000,-14.2658,9.8000
1759161552154,14.2658,-7.2263,24.0658
1759161552194,8.8168,3.7303,18.6168
1759161552234,-8.8168,12.6649,0.9832
1759161552274,-14.2658,14.7343,-4.4658
1759161552314,-0.0000,8.8168,9.8000
1759161552354,14.2658,-1.8800,24.0658
1759161552394,8.8168,-11.5577,18.6168
1759161552434,-8.8168,-14.9704,0.9832
1759161552474,-14.2658,-10.2682,-4.4658
1759161552514,-0.0000,-0.0000,9.8000
1759161552554,14.2658,10.2682,24.0658
1759161552594,8.8168,14.9704,18.6168
1759161552634,-8.8168,11.5577,0.9832
1759161552674,-14.2658,1.8800,-4.4658
1759161552714,0.0000,-8.8168,9.8000
1759161552754,14.2658,-14.7343,24.0658
1759161552794,8.8168,-12.6649,18.6168
1759161552834,-8.8168,-3.7303,0.9832
1759161552874,-14.2658,7.2263,-4.4658
1759161552914,-0.0000,14.2658,9.8000
1759161552954,14.2658,13.5724,24.0658
1759161552994,8.8168,5.5219,18.6168
1759161553034,-8.8168,-5.5219,0.9832
1759161553074,-14.2658,-13.5724,-4.4658
1759161553114,0.0000,-14.2658,9.8000
1759161553154,14.2658,-7.2263,24.0658
1759161553194,8.8168,3.7303,18.6168
1759161553234,-8.8168,12.6649,0.9832
1759161553274,-14.2658,14.7343,-4.4658
1759161553314,-0.0000,8.8168,9.8000
1759161553354,14.2658,-1.8800,24.0658
1759161553394,8.8168,-11.5577,18.6168
1759161553434,-8.8168,-14.9704,0.9832
1759161553474,-14.2658,-10.2682,-4.4658
1759161553514,-0.0000,-0.0000,9.8000
1759161553554,14.2658,10.2682,24.0658
1759161553594,8.8168,14.9704,18.6168
1759161553634,-8.8168,11.5577,0.9832
1759161553674,-14.2658,1.8800,-4.4658
1759161553714,0.0000,-8.8168,9.8000
1759161553754,14.2658,-14.7343,24.0658
1759161553794,8.8168,-12.6649,18.6168
1759161553834,-8.8168,-3.7303,0.9832
1759161553874,-14.2658,7.2263,-4.4658
1759161553914,-0.0000,14.2658,9.8000
1759161553954,14.2658,13.5724,24.0658
1759161553994,8.8168,5.5219,18.6168
1759161554034,-8.8168,-5.5219,0.9832
1759161554074,-14.2658,-13.5724,-4.4658
1759161554114,0.0000,-14.2658,9.8000
1759161554154,14.2658,-7.2263,24.0658
1759161554194,8.8168,3.7303,18.6168
1759161554234,-8.8168,12.6649,0.9832
1759161554274,-14.2658,14.7343,-4.4658
1759161554314,-0.0000,8.8168,9.8000
1759161554354,14.2658,-1.8800,24.0658
1759161554394,8.8168,-11.5577,18.6168
1759161554434,-8.8168,-14.9704,0.9832
1759161554474,-14.2658,-10.2682,-4.4658
1759161554514,-0.0000,-0.0000,9.8000
1759161554554,14.2658,10.2682,24.0658
1759161554594,8.8168,14.9704,18.6168
1759161554634,-8.8168,11.5577,0.9832
1759161554674,-14.2658,1.8800,-4.4658
1759161554714,-0.0000,-8.8168,9.8000
1759161554754,14.2658,-14.7343,24.0658
1759161554794,8.8168,-12.6649,18.6168
1759161554834,-8.8168,-3.7303,0.9832
1759161554874,-14.2658,7.2263,-4.4658
1759161554914,-0.0000,14.2658,9.8000
1759161554954,14.2658,13.5724,24.0658
1759161554994,8.8168,5.5219,18.6168
1759161555034,-8.8168,-5.5219,0.9832
1759161555074,-14.2658,-13.5724,-4.4658
1759161555114,0.0000,-14.2658,9.8000
1759161555154,14.2658,-7.2263,24.0658
1759161555194,8.8168,3.7303,18.6168
1759161555234,-8.8168,12.6649,0.9832
1759161555274,-14.2658,14.7343,-4.4658
1759161555314,-0.0000,8.8168,9.8000
1759161555354,14.2658,-1.8800,24.0658
1759161555394,8.8168,-11.5577,18.6168
1759161555434,-8.8168,-14.9704,0.9832
1759161555474,-14.2658,-10.2682,-4.4658
1759161555514,-0.0000,-0.0000,9.8000
1759161555554,14.2658,10.2682,24.0658
1759161555594,8.8168,14.9704,18.6168
1759161555634,-8.8168,11.5577,0.9832
1759161555674,-14.2658,1.8800,-4.4658
1759161555714,-0.0000,-8.8168,9.8000
1759161555754,14.2658,-14.7343,24.0658
1759161555794,8.8168,-12.6649,18.6168
1759161555834,-8.8168,-3.7303,0.9832
1759161555874,-14.2658,7.2263,-4.4658
1759161555914,0.0000,14.2658,9.8000
1759161555954,14.2658,13.5724,24.0658
1759161555994,8.8168,5.5219,18.6168
1759161556034,-8.8168,-5.5219,0.9832
1759161556074,-14.2658,-13.5724,-4.4658
1759161556114,0.0000,-14.2658,9.8000
1759161556154,14.2658,-7.2263,24.0658
1759161556194,8.8168,3.7303,18.6168
1759161556234,-8.8168,12.6649,0.9832
1759161556274,-14.2658,14.7343,-4.4658
1759161556314,-0.0000,8.8168,9.8000
1759161556354,14.2658,-1.8800,24.0658
1759161556394,8.8168,-11.5577,18.6168
1759161556434,-8.8168,-14.9704,0.9832
1759161556474,-14.2658,-10.2682,-4.4658
1759161556514,-0.0000,-0.0000,9.8000
1759161556554,14.2658,10.2682,24.0658
1759161556594,8.8168,14.9704,18.6168
1759161556634,-8.8168,11.5577,0.9832
1759161556674,-14.2658,1.8800,-4.4658
1759161556714,-0.0000,-8.8168,9.8000
1759161556754,14.2658,-14.7343,24.0658
1759161556794,8.8168,-12.6649,18.6168
1759161556834,-8.8168,-3.7303,0.9832
1759161556874,-14.2658,7.2263,-4.4658
1759161556914,-0.0000,14.2658,9.8000
1759161556954,14.2658,13.5724,24.0658
1759161556994,8.8168,5.5219,18.6168
1759161557034,-8.8168,-5.5219,0.9832
1759161557074,-14.2658,-13.5724,-4.4658
1759161557114,0.0000,-14.2658,9.8000
1759161557154,14.2658,-7.2263,24.0658
1759161557194,8.8168,3.7303,18.6168
1759161557234,-8.8168,12.6649,0.9832
1759161557274,-14.2658,14.7343,-4.4658
1759161557314,-0.0000,8.8168,9.8000
1759161557354,14.2658,-1.8800,24.0658
1759161557394,8.8168,-11.5577,18.6168
1759161557434,-8.8168,-14.9704,0.9832
1759161557474,-14.2658,-10.2682,-4.4658
1759161557514,-0.0000,-0.0000,9.8000
1759161557554,14.2658,10.2682,24.0658
1759161557594,8.8168,14.9704,18.6168
1759161557634,-8.8168,11.5577,0.9832
1759161557674,-14.2658,1.8800,-4.4658
1759161557714,0.0000,-8.8168,9.8000
1759161557754,14.2658,-14.7343,24.0658
1759161557794,8.8168,-12.6649,18.6168
1759161557834,-8.8168,-3.7303,0.9832
1759161557874,-14.2658,7.2263,-4.4658
1759161557914,-0.0000,14.2658,9.8000
1759161557954,14.2658,13.5724,24.0658
1759161557994,8.8168,5.5219,18.6168
1759161558034,-8.8168,-5.5219,0.9832
1759161558074,-14.2658,-13.5724,-4.4658
1759161558114,0.0000,-14.2658,9.8000
1759161558154,14.2658,-7.2263,24.0658
1759161558194,8.8168,3.7303,18.6168
1759161558234,-8.8168,12.6649,0.9832
1759161558274,-14.2658,14.7343,-4.4658
1759161558314,-0.0000,8.8168,9.8000
1759161558354,14.2658,-1.8800,24.0658
1759161558394,8.8168,-11.5577,18.6168
1759161558434,-8.8168,-14.9704,0.9832
1759161558474,-14.2658,-10.2682,-4.4658
1759161558514,-0.0000,0.0000,9.8000
1759161558554,14.2658,10.2682,24.0658
1759161558594,8.8168,14.9704,18.6168
1759161558634,-8.8168,11.5577,0.9832
1759161558674,-14.2658,1.8800,-4.4658
1759161558714,0.0000,-8.8168,9.8000
1759161558754,14.2658,-14.7343,24.0658
1759161558794,8.8168,-12.6649,18.6168
1759161558834,-8.8168,-3.7303,0.9832
1759161558874,-14.2658,7.2263,-4.4658
1759161558914,-0.0000,14.2658,9.8000
1759161558954,14.2658,13.5724,24.0658
1759161558994,8.8168,5.5219,18.6168
1759161559034,-8.8168,-5.5219,0.9832
1759161559074,-14.2658,-13.5724,-4.4658
1759161559114,-0.0000,-14.2658,9.8000
1759161559154,14.2658,-7.2263,24.0658
1759161559194,8.8168,3.7303,18.6168
1759161559234,-8.8168,12.6649,0.9832
1759161559274,-14.2658,14.7343,-4.4658
1759161559314,-0.0000,8.8168,9.8000
1759161559354,14.2658,-1.8800,24.0658
1759161559394,8.8168,-11.5577,18.6168
1759161559434,-8.8168,-14.9704,0.9832
1759161559474,-14.2658,-10.2682,-4.4658
1759161559514,0.0000,0.0000,9.8000
1759161559554,14.2658,10.2682,24.0658
1759161559594,8.8168,14.9704,18.6168
1759161559634,-8.8168,11.5577,0.9832
1759161559674,-14.2658,1.8800,-4.4658
1759161559714,0.0000,-8.8168,9.8000
1759161559754,14.2658,-14.7343,24.0658
1759161559794,8.8168,-12.6649,18.6168
1759161559834,-8.8168,-3.7303,0.9832
1759161559874,-14.2658,7.2263,-4.4658
1759161559914,-0.0000,14.2658,9.8000
1759161559954,14.2658,13.5724,24.0658
1759161559994,8.8168,5.5219,18.6168
1759161560034,-8.8168,-5.5219,0.9832
1759161560074,-14.2658,-13.5724,-4.4658
1759161560114,-0.0000,-14.2658,9.8000
1759161560154,14.2658,-7.2263,24.0658
1759161560194,8.8168,3.7303,18.6168
1759161560234,-8.8168,12.6649,0.9832
1759161560274,-14.2658,14.7343,-4.4658
1759161560314,-0.0000,8.8168,9.8000
1759161560354,14.2658,-1.8800,24.0658
1759161560394,8.8168,-11.5577,18.6168
1759161560434,-8.8168,-14.9704,0.9832
1759161560474,-14.2658,-10.2682,-4.4658
1759161560514,0.0000,0.0000,9.8000
1759161560554,14.2658,10.2682,24.0658
1759161560594,8.8168,14.9704,18.6168
1759161560634,-8.8168,11.5577,0.9832
1759161560674,-14.2658,1.8800,-4.4658
1759161560714,0.0000,-8.8168,9.8000
1759161560754,14.2658,-14.7343,24.0658
1759161560794,8.8168,-12.6649,18.6168
1759161560834,-8.8168,-3.7303,0.9832
1759161560874,-14.2658,7.2263,-4.4658
1759161560914,-0.0000,14.2658,9.8000
1759161560954,14.2658,13.5724,24.0658
1759161560994,8.8168,5.5219,18.6168
1759161561034,-8.8168,-5.5219,0.9832
1759161561074,-14.2658,-13.5724,-4.4658
1759161561114,-0.0000,-14.2658,9.8000
1759161561154,14.2658,-7.2263,24.0658
1759161561194,8.8168,3.7303,18.6168
1759161561234,-8.8168,12.6649,0.9832
1759161561274,-14.2658,14.7343,-4.4658
1759161561314,-0.0000,8.8168,9.8000
1759161561354,14.2658,-1.8800,24.0658
1759161561394,8.8168,-11.5577,18.6168
1759161561434,-8.8168,-14.9704,0.9832
1759161561474,-14.2658,-10.2682,-4.4658
1759161561514,0.0000,-0.0000,9.8000
1759161561554,14.2658,10.2682,24.0658
1759161561594,8.8168,14.9704,18.6168
1759161561634,-8.8168,11.5577,0.9832
1759161561674,-14.2658,1.8800,-4.4658
1759161561714,0.0000,-8.8168,9.8000
1759161561754,14.2658,-14.7343,24.0658
1759161561794,8.8168,-12.6649,18.6168
1759161561834,-8.8168,-3.7303,0.9832
1759161561874,-14.2658,7.2263,-4.4658
1759161561914,-0.0000,14.2658,9.8000
1759161561954,14.2658,13.5724,24.0658
1759161561994,8.8168,5.5219,18.6168
1759161562034,-8.8168,-5.5219,0.9832
1759161562074,-14.2658,-13.5724,-4.4658
1759161562114,-0.0000,-14.2658,9.8000
1759161562154,14.2658,-7.2263,24.0658
1759161562194,8.8168,3.7303,18.6168
1759161562234,-8.8168,12.6649,0.9832
1759161562274,-14.2658,14.7343,-4.4658
1759161562314,-0.0000,8.8168,9.8000
1759161562354,14.2658,-1.8800,24.0658
1759161562394,8.8168,-11.5577,18.6168
1759161562434,-8.8168,-14.9704,0.9832
1759161562474,-14.2658,-10.2682,-4.4658
1759161562514,0.0000,-0.0000,9.8000
1759161562554,14.2658,10.2682,24.0658
1759161562594,8.8168,14.9704,18.6168
1759161562634,-8.8168,11.5577,0.9832
1759161562674,-14.2658,1.8800,-4.4658
1759161562714,0.0000,-8.8168,9.8000
1759161562754,14.2658,-14.7343,24.0658
1759161562794,8.8168,-12.6649,18.6168
1759161562834,-8.8168,-3.7303,0.9832
1759161562874,-14.2658,7.2263,-4.4658
1759161562914,-0.0000,14.2658,9.8000
1759161562954,14.2658,13.5724,24.0658
1759161562994,8.8168,5.5219,18.6168
1759161563034,-8.8168,-5.5219,0.9832
1759161563074,-14.2658,-13.5724,-4.4658
1759161563114,-0.0000,-14.2658,9.8000
1759161563154,14.2658,-7.2263,24.0658
1759161563194,8.8168,3.7303,18.6168
1759161563234,-8.8168,12.6649,0.9832
1759161563274,-14.2658,14.7343,-4.4658
1759161563314,-0.0000,8.8168,9.8000
1759161563354,14.2658,-1.8800,24.0658
1759161563394,8.8168,-11.5577,18.6168
1759161563434,-8.8168,-14.9704,0.9832
1759161563474,-14.2658,-10.2682,-4.4658
1759161563514,-0.0000,-0.0000,9.8000
1759161563554,14.2658,10.2682,24.0658
1759161563594,8.8168,14.9704,18.6168
1759161563634,-8.8168,11.5577,0.9832
1759161563674,-14.2658,1.8800,-4.4658
1759161563714,0.0000,-8.8168,9.8000
1759161563754,14.2658,-14.7343,24.0658
1759161563794,8.8168,-12.6649,18.6168
1759161563834,-8.8168,-3.7303,0.9832
1759161563874,-14.2658,7.2263,-4.4658
1759161563914,-0.0000,14.2658,9.8000
1759161563954,14.2658,13.5724,24.0658
1759161563994,8.8168,5.5219,18.6168
1759161564034,-8.8168,-5.5219,0.9832
1759161564074,-14.2658,-13.5724,-4.4658
1759161564114,0.0000,-14.2658,9.8000
1759161564154,14.2658,-7.2263,24.0658
1759161564194,8.8168,3.7303,18.6168
1759161564234,-8.8168,12.6649,0.9832
1759161564274,-14.2658,14.7343,-4.4658
1759161564314,-0.0000,8.8168,9.8000
1759161564354,14.2658,-1.8800,24.0658
1759161564394,8.8168,-11.5577,18.6168
1759161564434,-8.8168,-14.9704,0.9832
1759161564474,-14.2658,-10.2682,-4.4658
1759161564514,-0.0000,-0.0000,9.8000
1759161564554,14.2658,10.2682,24.0658
1759161564594,8.8168,14.9704,18.6168
1759161564634,-8.8168,11.5577,0.9832
1759161564674,-14.2658,1.8800,-4.4658
1759161564714,0.0000,-8.8168,9.8000
1759161564754,14.2658,-14.7343,24.0658
1759161564794,8.8168,-12.6649,18.6168
1759161564834,-8.8168,-3.7303,0.9832
1759161564874,-14.2658,7.2263,-4.4658
1759161564914,-0.0000,14.2658,9.8000
1759161564954,14.2658,13.5724,24.0658
1759161564994,8.8168,5.5219,18.6168
1759161565034,-8.8168,-5.5219,0.9832
1759161565074,-14.2658,-13.5724,-4.4658
1759161565114,0.0000,-14.2658,9.8000
1759161565154,14.2658,-7.2263,24.0658
1759161565194,8.8168,3.7303,18.6168
1759161565234,-8.8168,12.6649,0.9832
1759161565274,-14.2658,14.7343,-4.4658
1759161565314,-0.0000,8.8168,9.8000
1759161565354,14.2658,-1.8800,24.0658
1759161565394,8.8168,-11.5577,18.6168
1759161565434,-8.8168,-14.9704,0.9832
1759161565474,-14.2658,-10.2682,-4.4658
1759161565514,-0.0000,-0.0000,9.8000
1759161565554,14.2658,10.2682,24.0658
1759161565594,8.8168,14.9704,18.6168
1759161565634,-8.8168,11.5577,0.9832
1759161565674,-14.2658,1.8800,-4.4658
1759161565714,-0.0000,-8.8168,9.8000
1759161565754,14.2658,-14.7343,24.0658
1759161565794,8.8168,-12.6649,18.6168
1759161565834,-8.8168,-3.7303,0.9832
1759161565874,-14.2658,7.2263,-4.4658
1759161565914,0.0000,14.2658,9.8000
1759161565954,14.2658,13.5724,24.0658
1759161565994,8.8168,5.5219,18.6168
1759161566034,-8.8168,-5.5219,0.9832
1759161566074,-14.2658,-13.5724,-4.4658
1759161566114,0.0000,-14.2658,9.8000
1759161566154,14.2658,-7.2263,24.0658
1759161566194,8.8168,3.7303,18.6168
1759161566234,-8.8168,12.6649,0.9832
1759161566274,-14.2658,14.7343,-4.4658
1759161566314,-0.0000,8.8168,9.8000
1759161566354,14.2658,-1.8800,24.0658
1759161566394,8.8168,-11.5577,18.6168
1759161566434,-8.8168,-14.9704,0.9832
1759161566474,-14.2658,-10.2682,-4.4658
1759161566514,-0.0000,-0.0000,9.8000
1759161566554,14.2658,10.2682,24.0658
1759161566594,8.8168,14.9704,18.6168
1759161566634,-8.8168,11.5577,0.9832
1759161566674,-14.2658,1.8800,-4.4658
1759161566714,-0.0000,-8.8168,9.8000
1759161566754,14.2658,-14.7343,24.0658
1759161566794,8.8168,-12.6649,18.6168
1759161566834,-8.8168,-3.7303,0.9832
1759161566874,-14.2658,7.2263,-4.4658
1759161566914,0.0000,14.2658,9.8000
1759161566954,14.2658,13.5724,24.0658
1759161566994,8.8168,5.5219,18.6168
1759161567034,-8.8168,-5.5219,0.9832
1759161567074,-14.2658,-13.5724,-4.4658
1759161567114,0.0000,-14.2658,9.8000
1759161567154,14.2658,-7.2263,24.0658
1759161567194,8.8168,3.7303,18.6168
1759161567234,-8.8168,12.6649,0.9832
1759161567274,-14.2658,14.7343,-4.4658
1759161567314,-0.0000,8.8168,9.8000
1759161567354,14.2658,-1.8800,24.0658
1759161567394,8.8168,-11.5577,18.6168
1759161567434,-8.8168,-14.9704,0.9832
1759161567474,-14.2658,-10.2682,-4.4658
1759161567514,-0.0000,-0.0000,9.8000
1759161567554,14.2658,10.2682,24.0658
1759161567594,8.8168,14.9704,18.6168
1759161567634,-8.8168,11.5577,0.9832
1759161567674,-14.2658,1.8800,-4.4658
1759161567714,-0.0000,-8.8168,9.8000
1759161567754,14.2658,-14.7343,24.0658
1759161567794,8.8168,-12.6649,18.6168
1759161567834,-8.8168,-3.7303,0.9832
1759161567874,-14.2658,7.2263,-4.4658
1759161567914,-0.0000,14.2658,9.8000
1759161567954,14.2658,13.5724,24.0658
1759161567994,8.8168,5.5219,18.6168
1759161568034,-8.8168,-5.5219,0.9832
1759161568074,-14.2658,-13.5724,-4.4658
1759161568114,0.0000,-14.2658,9.8000
1759161568154,14.2658,-7.2263,24.0658
1759161568194,8.8168,3.7303,18.6168
1759161568234,-8.8168,12.6649,0.9832
1759161568274,-14.2658,14.7343,-4.4658
1759161568314,-0.0000,8.8168,9.8000
1759161568354,14.2658,-1.8800,24.0658
1759161568394,8.8168,-11.5577,18.6168
1759161568434,-8.8168,-14.9704,0.9832
1759161568474,-14.2658,-10.2682,-4.4658
1759161568514,-0.0000,-0.0000,9.8000
1759161568554,14.2658,10.2682,24.0658
1759161568594,8.8168,14.9704,18.6168
1759161568634,-8.8168,11.5577,0.9832
1759161568674,-14.2658,1.8800,-4.4658
1759161568714,0.0000,-8.8168,9.8000
1759161568754,14.2658,-14.7343,24.0658
1759161568794,8.8168,-12.6649,18.6168
1759161568834,-8.8168,-3.7303,0.9832
1759161568874,-14.2658,7.2263,-4.4658
1759161568914,-0.0000,14.2658,9.8000
1759161568954,14.2658,13.5724,24.0658
1759161568994,8.8168,5.5219,18.6168
1759161569034,-8.8168,-5.5219,0.9832
1759161569074,-14.2658,-13.5724,-4.4658
1759161569114,0.0000,-14.2658,9.8000
1759161569154,14.2658,-7.2263,24.0658
1759161569194,8.8168,3.7303,18.6168
1759161569234,-8.8168,12.6649,0.9832
1759161569274,-14.2658,14.7343,-4.4658
1759161569314,-0.0000,8.8168,9.8000
1759161569354,14.2658,-1.8800,24.0658
1759161569394,8.8168,-11.5577,18.6168
1759161569434,-8.8168,-14.9704,0.9832
1759161569474,-14.2658,-10.2682,-4.4658
1759161569514,-0.0000,0.0000,9.8000
1759161569554,14.2658,10.2682,24.0658
1759161569594,8.8168,14.9704,18.6168
1759161569634,-8.8168,11.5577,0.9832
1759161569674,-14.2658,1.8800,-4.4658
1759161569714,0.0000,-8.8168,9.8000
1759161569754,14.2658,-14.7343,24.0658
1759161569794,8.8168,-12.6649,18.6168
1759161569834,-8.8168,-3.7303,0.9832
1759161569874,-14.2658,7.2263,-4.4658
1759161569914,-0.0000,14.2658,9.8000
1759161569954,14.2658,13.5724,24.0658
1759161569994,8.8168,5.5219,18.6168
1759161570034,-8.8168,-5.5219,0.9832
1759161570074,-14.2658,-13.5724,-4.4658
1759161570114,-0.0000,-14.2658,9.8000
1759161570154,14.2658,-7.2263,24.0658
1759161570194,8.8168,3.7303,18.6168
1759161570234,-8.8168,12.6649,0.9832
1759161570274,-14.2658,14.7343,-4.4658
1759161570314,-0.0000,8.8168,9.8000
1759161570354,14.2658,-1.8800,24.0658
1759161570394,8.8168,-11.5577,18.6168
1759161570434,-8.8168,-14.9704,0.9832
1759161570474,-14.2658,-10.2682,-4.4658
1759161570514,0.0000,0.0000,9.8000
1759161570554,14.2658,10.2682,24.0658
1759161570594,8.8168,14.9704,18.6168
1759161570634,-8.8168,11.5577,0.9832
1759161570674,-14.2658,1.8800,-4.4658
1759161570714,0.0000,-8.8168,9.8000
1759161570754,14.2658,-14.7343,24.0658
1759161570794,8.8168,-12.6649,18.6168
1759161570834,-8.8168,-3.7303,0.9832
1759161570874,-14.2658,7.2263,-4.4658
1759161570914,-0.0000,14.2658,9.8000
1759161570954,14.2658,13.5724,24.0658
1759161570994,8.8168,5.5219,18.6168
1759161571034,-8.8168,-5.5219,0.9832
1759161571074,-14.2658,-13.5724,-4.4658
1759161571114,-0.0000,-14.2658,9.8000
1759161571154,14.2658,-7.2263,24.0658
1759161571194,8.8168,3.7303,18.6168
1759161571234,-8.8168,12.6649,0.9832
1759161571274,-14.2658,14.7343,-4.4658
1759161571314,-0.0000,8.8168,9.8000
1759161571354,14.2658,-1.8800,24.0658
1759161571394,8.8168,-11.5577,18.6168
1759161571434,-8.8168,-14.9704,0.9832
1759161571474,-14.2658,-10.2682,-4.4658
